sku_id,category,subcategory,week_start,horizon,forecast,forecast_low80,forecast_high80,low_confidence
SKU-0066,Decor,Rugs,2026-08-17,1,40.539614689920974,24.919445793351613,55.42891508542556,False
SKU-0104,Small Appliances,Air Purifiers,2026-08-17,1,39.69153021166393,29.25241600633714,48.863996820335466,False
SKU-0063,Decor,Rugs,2026-08-17,1,19.214355429141722,0.0,44.26676154878232,False
SKU-0163,Furnishings,Chairs,2026-08-17,1,72.20803480916463,51.1434007730071,87.65028247324653,False
SKU-0062,Decor,Lighting,2026-08-17,1,138.0813368059098,97.42991868202992,160.3653091597713,False
SKU-0176,Furnishings,Sofas,2026-08-17,1,146.01830582755846,120.9631768346563,176.53187354956242,False
SKU-0064,Small Appliances,Heaters,2026-08-17,1,3.2618568926535674,1.2769516680670905,6.439673757627449,False
SKU-0067,Decor,Rugs,2026-08-17,1,57.45929680795141,27.83151875923977,78.70216873969535,False
SKU-0145,Decor,Wall Art,2026-08-17,1,158.26435752092402,116.94773737576563,218.99735492343672,False
SKU-0177,Decor,Rugs,2026-08-17,1,4.969577108559792,1.7158240331582804,7.030553381865538,False
SKU-0162,Small Appliances,Heaters,2026-08-17,1,127.10641996347579,77.84642814820896,153.6470735156611,False
SKU-0199,Furnishings,Chairs,2026-08-17,1,7.147197555162266,3.44264875854246,11.0396044524768,False
SKU-0105,Small Appliances,Heaters,2026-08-17,1,34.776295373134566,18.09777659165748,44.23986902723618,False
SKU-0065,Decor,Rugs,2026-08-17,1,48.45008886480336,0.32569141816541947,83.39307396278282,False
SKU-0103,Furnishings,Storage,2026-08-17,1,6.826538440224843,3.37067942440217,9.833867370299604,False
SKU-0011,Decor,Wall Art,2026-08-17,1,16.958924143485117,10.76493079956707,22.087304982198184,False
SKU-0068,Decor,Lighting,2026-08-17,1,15.532057942663092,9.462342670359135,23.04565752885587,False
SKU-0094,Decor,Rugs,2026-08-17,1,23.91185699265867,7.373015442422137,37.045370376200054,False
SKU-0080,Small Appliances,Fans,2026-08-17,1,112.6464895905396,35.79945614956218,169.33822252187235,False
SKU-0171,Decor,Rugs,2026-08-17,1,37.44395749756034,13.23948380012013,68.47089070906586,False
SKU-0166,Decor,Rugs,2026-08-17,1,19.947491821620744,0.0,37.012095742695074,False
SKU-0081,Decor,Vases,2026-08-17,1,6.676248508641795,2.487104447758227,9.995616143744563,False
SKU-0093,Decor,Wall Art,2026-08-17,1,118.22922934250282,100.5321200431858,146.70647232240898,False
SKU-0082,Decor,Vases,2026-08-17,1,1.196701572123178,0.017867720930153198,2.987427367110809,False
SKU-0092,Decor,Rugs,2026-08-17,1,7.879551894956486,3.301815478313794,12.78895052803655,False
SKU-0147,Decor,Lighting,2026-08-17,1,7.8506103144037,3.6332452397850683,10.96956753537805,False
SKU-0148,Decor,Lighting,2026-08-17,1,22.30313314116565,14.919117833849207,28.64950338111008,False
SKU-0083,Small Appliances,Air Purifiers,2026-08-17,1,53.56624800144732,45.120397010238655,68.16689958640802,False
SKU-0084,Furnishings,Sofas,2026-08-17,1,43.40151555649892,30.108909520897328,59.60756822919705,False
SKU-0091,Furnishings,Tables,2026-08-17,1,26.31258587475265,0.5291191937852666,40.44281864528255,False
SKU-0170,Small Appliances,Air Purifiers,2026-08-17,1,22.85826726708082,17.34954871456892,31.257930511955948,False
SKU-0085,Furnishings,Chairs,2026-08-17,1,38.68006120949666,28.83079846685147,49.433742472587156,False
SKU-0086,Furnishings,Storage,2026-08-17,1,4.627363939058327,2.542783423086235,7.009175369720991,False
SKU-0167,Small Appliances,Heaters,2026-08-17,1,5.307280147886164,1.771670299423171,7.265031751794621,False
SKU-0087,Small Appliances,Fans,2026-08-17,1,1.0094399143768278,0.12436760358622083,1.7463770635348876,False
SKU-0169,Decor,Vases,2026-08-17,1,5.6341679194688234,2.236052646010565,8.731497387766835,False
SKU-0168,Small Appliances,Air Purifiers,2026-08-17,1,147.58780947057883,127.53807844564284,199.67627734374616,False
SKU-0090,Decor,Vases,2026-08-17,1,22.809518539013744,13.953234210380728,29.38978329392667,False
SKU-0088,Decor,Rugs,2026-08-17,1,11.491056338875756,5.610547610151865,16.235040009488028,False
SKU-0089,Furnishings,Tables,2026-08-17,1,85.79226686830367,34.40650300121785,128.76294488497032,False
SKU-0079,Decor,Vases,2026-08-17,1,2.728869686737032,0.5743861394985448,4.105094471239464,False
SKU-0003,Small Appliances,Air Purifiers,2026-08-17,1,15.146474065335877,3.666549096431422,24.187871977149747,False
SKU-0078,Decor,Wall Art,2026-08-17,1,268.33248891919646,156.5169056173416,364.2807557737138,False
SKU-0095,Decor,Rugs,2026-08-17,1,25.543933728106904,14.480395801858888,34.5496465128188,False
SKU-0102,Decor,Rugs,2026-08-17,1,15.32245755223268,6.288359169106103,23.372234930125522,False
SKU-0175,Furnishings,Chairs,2026-08-17,1,5.0996997858651385,2.2158036160456023,6.127793003733371,False
SKU-0101,Small Appliances,Heaters,2026-08-17,1,56.062951013088195,37.62638868315988,70.16438401958035,False
SKU-0069,Furnishings,Sofas,2026-08-17,1,37.29682399145066,23.177268940505638,52.13778500663291,False
SKU-0070,Decor,Vases,2026-08-17,1,16.430254869906612,0.0,43.31568143937277,False
SKU-0100,Small Appliances,Heaters,2026-08-17,1,4.57413771371178,2.469345676445622,6.6974109467571346,False
SKU-0071,Furnishings,Tables,2026-08-17,1,40.92512827065371,0.04584214516792539,60.5899171270652,False
SKU-0174,Small Appliances,Fans,2026-08-17,1,216.7349650759202,141.88306531961544,296.42226514122996,False
SKU-0164,Furnishings,Tables,2026-08-17,1,39.622110793557624,31.533915173373266,46.97906813078327,False
SKU-0072,Decor,Lighting,2026-08-17,1,76.02458392847257,57.25491768684515,98.79321959854325,False
SKU-0099,Furnishings,Chairs,2026-08-17,1,5.333244723891073,2.8077150040922034,6.608225266251653,False
SKU-0146,Furnishings,Sofas,2026-08-17,1,37.45611973616029,3.539955320140256,59.32564984210248,False
SKU-0002,Decor,Wall Art,2026-08-17,1,19.329844519062423,13.911121997877931,24.76221849652287,False
SKU-0073,Small Appliances,Heaters,2026-08-17,1,1.837111388641198,0.1757357357967824,3.7165306861324234,False
SKU-0098,Furnishings,Tables,2026-08-17,1,11.627809613166983,6.529328586353443,16.5306295299225,False
SKU-0074,Furnishings,Tables,2026-08-17,1,5.872129914610776,3.0223058888713172,7.158210632322781,False
SKU-0173,Furnishings,Sofas,2026-08-17,1,27.902746489208134,21.29706599412782,35.50078484068195,False
SKU-0075,Furnishings,Chairs,2026-08-17,1,13.958819436738978,0.9273345723031197,28.78182191560759,False
SKU-0076,Decor,Rugs,2026-08-17,1,11.676515528973683,0.0,27.18875110394276,False
SKU-0165,Decor,Lighting,2026-08-17,1,13.871333551409329,9.057014458037239,19.802870664729145,False
SKU-0077,Decor,Lighting,2026-08-17,1,40.83203183910676,22.820844780869567,52.36832134291864,False
SKU-0096,Decor,Vases,2026-08-17,1,9.128156333083323,3.618060040554749,13.65969782894809,False
SKU-0172,Decor,Lighting,2026-08-17,1,9.624509472940932,5.748951422047134,13.0260828301989,False
SKU-0001,Small Appliances,Air Purifiers,2026-08-17,1,31.29251007947656,22.125022223123974,40.83985878230521,False
SKU-0097,Decor,lighting,2026-08-17,1,9.364000592162578,0.0,17.07528487419677,False
SKU-0051,Furnishings,Tables,2026-08-17,1,25.37767437890472,18.310444208417596,31.119180447976376,False
SKU-0061,Decor,Lighting,2026-08-17,1,10.969198526777388,5.77169042063419,16.03706605079948,False
SKU-0131,Furnishings,Storage,2026-08-17,1,2.1437481164026333,0.66408761518254,3.547235417030564,False
SKU-0024,Small Appliances,Kitchen Appliances,2026-08-17,1,5.950647752425384,3.3385027048927807,9.497809661892433,False
SKU-0025,Small Appliances,Fans,2026-08-17,1,18.391669592379735,5.317299473647255,27.383752802878966,False
SKU-0009,Furnishings,Chairs,2026-08-17,1,8.130140923628531,0.5500258833205539,14.202221492490288,False
SKU-0154,Decor,Lighting,2026-08-17,1,7.4478261483210435,2.535706891139521,10.996078455412228,False
SKU-0026,Furnishings,Storage,2026-08-17,1,10.774872022459125,0.11394578755888436,19.353939928964493,False
SKU-0130,Decor,Lighting,2026-08-17,1,4.086529329849275,1.743171253176447,6.395887517017011,False
SKU-0027,Decor,Lighting,2026-08-17,1,2.2111633946488025,0.45978243510222194,3.365372581887657,False
SKU-0191,Small Appliances,Fans,2026-08-17,1,31.756485999359256,12.042552716722655,53.07209857797666,False
SKU-0129,Furnishings,Storage,2026-08-17,1,6.677573726494025,4.057506540095652,9.045122580831247,False
SKU-0028,Furnishings,Tables,2026-08-17,1,2.9565470417709805,0.35617785100223787,4.4649554488863,False
SKU-0128,Furnishings,Chairs,2026-08-17,1,4.194581208720542,1.0962042161684409,7.085335240726057,False
SKU-0029,Furnishings,Chairs,2026-08-17,1,26.83672666562562,16.8879780763914,38.80593044469207,False
SKU-0192,Furnishings,Chairs,2026-08-17,1,167.98517120785795,120.23401504572148,199.128688305314,False
SKU-0030,Decor,lighting,2026-08-17,1,12.280689022249115,0.04580627408535773,30.09813749870962,False
SKU-0155,Furnishings,Chairs,2026-08-17,1,112.00361902403813,87.07511390818814,134.97878434142086,False
SKU-0127,Decor,Rugs,2026-08-17,1,4.8686412268420876,1.4702429126358076,8.032617994799597,False
SKU-0008,Small Appliances,Heaters,2026-08-17,1,18.489977295121893,10.322773819850388,23.707521928229482,False
SKU-0031,Small Appliances,Kitchen Appliances,2026-08-17,1,5.686219094794746,2.5554411888763533,7.494845117351583,False
SKU-0032,Small Appliances,Heaters,2026-08-17,1,46.07541416226209,22.313504449677776,57.3174410564973,False
SKU-0126,Decor,Wall Art,2026-08-17,1,24.164646896417278,16.66893395998686,29.896715889142282,False
SKU-0033,Decor,Lighting,2026-08-17,1,7.871474227848294,3.591611361653003,10.919641221596155,False
SKU-0125,Furnishings,Storage,2026-08-17,1,38.15309119120164,24.575860498936713,48.08445182735501,False
SKU-0189,Small Appliances,Fans,2026-08-17,1,25.85265690002661,16.038931086226672,33.83534434216831,False
SKU-0034,Decor,Lighting,2026-08-17,1,17.484928732094286,11.298733598409456,22.238144388573385,False
SKU-0035,Decor,Lighting,2026-08-17,1,35.153127519274015,24.236308268274566,43.402030511898516,False
SKU-0142,Decor,Vases,2026-08-17,1,33.97750392723359,11.931212679098781,56.30545439639558,False
SKU-0156,Decor,Vases,2026-08-17,1,3.0538398634032613,0.6196863467650345,5.355306188283049,False
SKU-0190,Furnishings,Sofas,2026-08-17,1,5.3592079362697405,2.312303624655653,6.751812005169128,False
SKU-0197,Decor,Vases,2026-08-17,1,1.4923065739761117,0.07911775728379336,2.9004953375752622,False
SKU-0023,Small Appliances,Fans,2026-08-17,1,170.22714884342037,1.2093973211659477,222.77435668382273,False
SKU-0132,Small Appliances,Heaters,2026-08-17,1,47.01586146242832,24.73118334979546,60.820233320284835,False
SKU-0139,Small Appliances,Kitchen Appliances,2026-08-17,1,105.88611589409352,92.60052235106215,126.29912908689613,False
SKU-0012,Small Appliances,Air Purifiers,2026-08-17,1,11.802270166521293,0.6559298620815285,26.33247817712862,False
SKU-0196,Furnishings,Storage,2026-08-17,1,6.137665829425958,2.690951791830222,8.59503232178913,False
SKU-0138,Decor,Vases,2026-08-17,1,63.93013575738545,39.50329405721029,82.42832614408175,False
SKU-0013,Decor,Rugs,2026-08-17,1,30.597485467614273,17.62281089352265,44.10446413872778,False
SKU-0014,Small Appliances,Heaters,2026-08-17,1,17.7952819618784,9.61286362218749,24.098507893157716,False
SKU-0140,Furnishings,Sofas,2026-08-17,1,31.263210936366136,20.122362445154153,39.39005684396497,False
SKU-0015,Decor,Lighting,2026-08-17,1,38.19804586077261,21.33270663289097,47.29177327696034,False
SKU-0151,Small Appliances,Fans,2026-08-17,1,5.014060584820157,1.8534906857248505,6.283570373880695,False
SKU-0010,Decor,Vases,2026-08-17,1,20.13297924229492,10.44686920572774,26.674016017507306,False
SKU-0137,Small Appliances,Kitchen Appliances,2026-08-17,1,88.2879755118813,69.69093296545705,104.51748756162964,False
SKU-0195,Furnishings,Chairs,2026-08-17,1,43.173001152963984,20.596190460308513,62.49671603502608,False
SKU-0016,Furnishings,Storage,2026-08-17,1,3.290847680292962,1.6388672801256203,4.5972363119499144,False
SKU-0152,Small Appliances,Fans,2026-08-17,1,17.197693297005646,2.58378921675374,26.92230800088405,False
SKU-0017,Decor,Lighting,2026-08-17,1,67.45253759364822,51.13604098296334,84.81728399545241,False
SKU-0136,Furnishings,Chairs,2026-08-17,1,24.12006391932225,4.08048973293479,38.97844969360434,False
SKU-0018,Furnishings,Chairs,2026-08-17,1,123.46488196154523,90.82809996988611,141.6787999586213,False
SKU-0135,Decor,Lighting,2026-08-17,1,94.33007020919842,71.77385731191221,112.30021472884066,False
SKU-0194,Small Appliances,Fans,2026-08-17,1,219.68325649835091,152.2471812180741,250.00158155519088,False
SKU-0141,Decor,Wall Art,2026-08-17,1,137.5045689377765,98.2048693036311,296.4052308881971,True
SKU-0150,Furnishings,Chairs,2026-08-17,1,67.3819142015742,50.14049474585879,83.51578035808637,False
SKU-0019,Small Appliances,Heaters,2026-08-17,1,1.8804999911086153,0.32021440046003774,3.6158521781847934,False
SKU-0134,Decor,Rugs,2026-08-17,1,15.303227362570285,8.698624341280837,23.001427191151983,False
SKU-0020,Decor,Lighting,2026-08-17,1,12.642602125253738,7.747510742552639,16.824978049901315,False
SKU-0193,Furnishings,Chairs,2026-08-17,1,90.4649195542845,59.85899329641582,115.3769181320638,False
SKU-0021,Small Appliances,Fans,2026-08-17,1,21.013964111125645,10.084301420324971,31.001463113116824,False
SKU-0153,Furnishings,Sofas,2026-08-17,1,46.61953631674958,30.97554568653005,62.70280512823292,False
SKU-0133,Decor,Vases,2026-08-17,1,8.711612674083204,0.018371425525215167,16.679747317186685,False
SKU-0022,Decor,Wall Art,2026-08-17,1,21.368424753541483,15.266358481300488,27.847738251896047,False
SKU-0124,Decor,Vases,2026-08-17,1,12.80649450754275,6.498190734721599,17.56102047014978,False
SKU-0188,Furnishings,Sofas,2026-08-17,1,20.787344220351955,7.59458245049389,31.059639651099523,False
SKU-0007,Small Appliances,Heaters,2026-08-17,1,18.67137029272613,10.157054319341583,24.554491522124597,False
SKU-0036,Furnishings,Tables,2026-08-17,1,4.722884847006549,1.6429419038179809,6.282099995225554,False
SKU-0114,Decor,Vases,2026-08-17,1,44.75059735725025,26.091684310047306,65.33191055307388,False
SKU-0183,Decor,Lighting,2026-08-17,1,54.933501209095844,10.267052167641134,78.75719535027109,False
SKU-0144,Decor,Rugs,2026-08-17,1,20.51973053136605,4.230857261125643,31.304223334702552,False
SKU-0149,Decor,rugs,2026-08-17,1,70.25527302412875,53.69119188656047,79.34284028632305,False
SKU-0113,Decor,Lighting,2026-08-17,1,89.04947202717169,61.216322915442646,109.80587717609103,False
SKU-0052,Furnishings,Sofas,2026-08-17,1,81.13997349401431,1.5646453012971067,149.5821555301406,False
SKU-0005,Furnishings,Storage,2026-08-17,1,152.70682350929158,142.26286575784448,173.80265849474907,False
SKU-0112,Furnishings,Sofas,2026-08-17,1,76.82921450263878,7.8918875014109195,112.70645184149518,False
SKU-0053,Small Appliances,Fans,2026-08-17,1,31.361342316487757,20.195519717729027,40.09770026589301,False
SKU-0160,Small Appliances,Fans,2026-08-17,1,22.403273613714827,11.07105014903131,29.255706124615777,False
SKU-0054,Decor,Wall Art,2026-08-17,1,15.914872072133798,10.932335094000987,21.88730560888497,False
SKU-0182,Small Appliances,Kitchen Appliances,2026-08-17,1,4.775809034831679,2.0973823418796336,7.577343350031498,False
SKU-0111,Decor,Rugs,2026-08-17,1,124.03422300834431,68.79204568359165,166.27401662017752,False
SKU-0055,Small Appliances,Air Purifiers,2026-08-17,1,25.098899438540524,16.519960536680017,33.54601400631168,False
SKU-0110,Small Appliances,Fans,2026-08-17,1,50.574021753439325,41.52747867823234,67.69491935126567,False
SKU-0056,Small Appliances,Air Purifiers,2026-08-17,1,104.97833684914119,104.19875932662468,147.3105704725917,False
SKU-0181,Small Appliances,Air Purifiers,2026-08-17,1,2.858395735835515,0.6768479505476422,4.0950270334934284,True
SKU-0180,Small Appliances,Fans,2026-08-17,1,38.97876877844578,2.5376078688585575,130.16827987052335,False
SKU-0109,Furnishings,Storage,2026-08-17,1,19.646975037839297,12.22557926646272,26.03798543703135,False
SKU-0004,Decor,Wall Art,2026-08-17,1,48.0688041557717,39.523028207366046,58.317331544168205,False
SKU-0057,Decor,Wall Art,2026-08-17,1,57.65829061553292,0.0,86.36735148834902,False
SKU-0058,Decor,Lighting,2026-08-17,1,55.36638957075183,37.7129844169037,71.64365886322139,False
SKU-0161,Furnishings,Tables,2026-08-17,1,7.346639413031693,3.7447645943909436,10.76592320632711,False
SKU-0059,Furnishings,Tables,2026-08-17,1,19.751868912593025,13.034552072969976,24.27123791213893,False
SKU-0108,Furnishings,Tables,2026-08-17,1,45.626833212158175,4.698812458099159,62.32461460795992,False
SKU-0179,Small Appliances,Kitchen Appliances,2026-08-17,1,4.4934342734436115,1.9250157566960142,7.784606326104468,False
SKU-0178,Small Appliances,Fans,2026-08-17,1,4.715269504525073,2.4438463471451035,6.399832130894597,False
SKU-0107,Decor,Wall Art,2026-08-17,1,22.56191925469927,13.864781508957186,33.47972149067484,False
SKU-0060,Furnishings,Sofas,2026-08-17,1,10.014730880568736,5.758410618717235,12.952390346949105,False
SKU-0050,Furnishings,Chairs,2026-08-17,1,21.80721363644288,13.7594381954698,28.436492319347074,False
SKU-0106,Small Appliances,Fans,2026-08-17,1,12.640110071588571,6.94589175621845,15.542890219208282,False
SKU-0049,Decor,Lighting,2026-08-17,1,1.1405588949137024,0.0,2.7982815123296008,False
SKU-0115,Furnishings,Storage,2026-08-17,1,398.4637823277788,170.95212656760395,505.93814176459523,False
SKU-0123,Furnishings,Chairs,2026-08-17,1,68.66217001066524,36.658509866225835,96.40844744534746,False
SKU-0037,Furnishings,Tables,2026-08-17,1,63.47826750947407,55.27338622334973,73.33316243376683,False
SKU-0122,Decor,Wall Art,2026-08-17,1,41.5108329522115,33.56120596736994,47.68615723869295,False
SKU-0038,Decor,rugs,2026-08-17,1,49.6037239968044,18.745484527234446,79.80514650634306,False
SKU-0187,Decor,Vases,2026-08-17,1,5.807332276112239,2.558897873363156,7.880669050136993,False
SKU-0039,Furnishings,Sofas,2026-08-17,1,54.98159744585583,44.50754717916658,67.14289565776103,False
SKU-0157,Decor,Vases,2026-08-17,1,9.848389981415748,5.307496892947133,13.669490816192134,False
SKU-0121,Decor,Lighting,2026-08-17,1,16.964485529299377,11.032956594200689,22.336230553447784,False
SKU-0040,Decor,vases,2026-08-17,1,3.1846948866650564,0.8675135091591992,5.40067216001982,False
SKU-0041,Decor,Lighting,2026-08-17,1,2.5266673466916223,0.7550930521951624,4.583281588327393,False
SKU-0120,Decor,Vases,2026-08-17,1,45.15939113724147,11.839995470322245,72.33455505838141,False
SKU-0143,Small Appliances,Fans,2026-08-17,1,1.1442715396762724,0.0,2.8653733903602334,False
SKU-0186,Decor,Wall Art,2026-08-17,1,2.3518916923528987,0.30066359859616754,4.245247742304635,False
SKU-0119,Decor,Wall Art,2026-08-17,1,37.9045660781612,24.97717159386797,44.8826539447479,False
SKU-0042,Small Appliances,Kitchen Appliances,2026-08-17,1,135.38483456968052,128.49176162746684,162.64642050349866,False
SKU-0043,Small Appliances,Kitchen Appliances,2026-08-17,1,29.879974428313428,19.1642554436324,38.80180285783993,False
SKU-0044,Decor,Rugs,2026-08-17,1,20.87818627741063,6.810237370382712,33.89669144092374,False
SKU-0158,Decor,Lighting,2026-08-17,1,69.84978588737373,48.8760609407542,92.05262081879779,False
SKU-0118,Small Appliances,Heaters,2026-08-17,1,40.85412283035707,20.013698228158663,48.953325928728056,False
SKU-0185,Small Appliances,Heaters,2026-08-17,1,12.094672912436664,6.783539159348437,16.595926980482872,False
SKU-0045,Small Appliances,Air Purifiers,2026-08-17,1,1.5060182716998147,0.13681176092816513,2.901490549768563,False
SKU-0117,Small Appliances,Air Purifiers,2026-08-17,1,54.43265579742977,42.640423302137826,62.53918663097928,False
SKU-0198,Small Appliances,Air Purifiers,2026-08-17,1,3.599533715921226,1.761431132139118,4.54876086406576,False
SKU-0046,Small Appliances,Air Purifiers,2026-08-17,1,293.30330998574993,116.55916711472528,366.8484563721789,False
SKU-0116,Small Appliances,Heaters,2026-08-17,1,12.21727838272034,5.803344315190996,16.81182872226114,False
SKU-0006,Small Appliances,Air Purifiers,2026-08-17,1,8.757892574180799,4.4687694615274305,13.857296223802805,False
SKU-0047,Decor,Rugs,2026-08-17,1,22.41144855716022,7.198666868637187,35.35542136660632,False
SKU-0048,Decor,Vases,2026-08-17,1,119.37795883917244,84.4207509048166,141.5686156079653,False
SKU-0184,Decor,Vases,2026-08-17,1,70.75893089221333,52.54797589648448,85.1505338294437,False
SKU-0159,Small Appliances,Fans,2026-08-17,1,104.67658778942064,82.78422050847148,125.84140669984855,False
SKU-0200,Decor,Lighting,2026-08-17,1,47.53103718543748,3.822660681068911,79.14358153972559,False
SKU-0066,Decor,Rugs,2026-08-24,2,40.539614689920974,24.919445793351613,55.50086140006179,False
SKU-0104,Small Appliances,Air Purifiers,2026-08-24,2,39.69153021166393,29.32722850699031,49.26503883535499,False
SKU-0063,Decor,Rugs,2026-08-24,2,21.851967718355404,0.0,44.338707863418556,False
SKU-0163,Furnishings,Chairs,2026-08-24,2,72.20803480916463,51.1434007730071,87.72222878788277,False
SKU-0062,Decor,Lighting,2026-08-24,2,138.0813368059098,97.42991868202992,162.14953136065623,False
SKU-0176,Furnishings,Sofas,2026-08-24,2,144.3666105511645,120.9631768346563,178.17463394087898,False
SKU-0064,Small Appliances,Heaters,2026-08-24,2,3.2618568926535674,1.2769516680670905,6.439673757627449,False
SKU-0067,Decor,Rugs,2026-08-24,2,57.35975124159484,27.83151875923977,78.77411505433159,False
SKU-0145,Decor,Wall Art,2026-08-24,2,158.26435752092402,116.94773737576563,219.2906637879067,False
SKU-0177,Decor,Rugs,2026-08-24,2,4.969577108559792,1.7158240331582804,7.030553381865538,False
SKU-0162,Small Appliances,Heaters,2026-08-24,2,127.10641996347579,77.84642814820896,154.04811553068066,False
SKU-0199,Furnishings,Chairs,2026-08-24,2,7.147197555162266,3.44264875854246,11.0396044524768,False
SKU-0105,Small Appliances,Heaters,2026-08-24,2,34.776295373134566,18.09777659165748,44.427162386351725,False
SKU-0065,Decor,Rugs,2026-08-24,2,49.67486877368905,0.40990586990823336,83.71592733702741,False
SKU-0103,Furnishings,Storage,2026-08-24,2,6.826538440224843,3.37067942440217,9.833867370299604,False
SKU-0011,Decor,Wall Art,2026-08-24,2,16.958924143485117,10.76493079956707,22.159251296834416,False
SKU-0068,Decor,Lighting,2026-08-24,2,15.532057942663092,9.462342670359135,23.117603843492102,False
SKU-0094,Decor,Rugs,2026-08-24,2,23.91185699265867,7.373015442422137,37.11731669083628,False
SKU-0080,Small Appliances,Fans,2026-08-24,2,107.91958630489876,35.79945614956218,167.30935218038536,False
SKU-0171,Decor,Rugs,2026-08-24,2,36.77384501547094,13.23948380012013,67.70595074383417,False
SKU-0166,Decor,Rugs,2026-08-24,2,17.324529977132922,0.0,36.589273561121615,False
SKU-0081,Decor,Vases,2026-08-24,2,6.676248508641795,2.487104447758227,9.995616143744563,False
SKU-0093,Decor,Wall Art,2026-08-24,2,118.22922934250282,100.5321200431858,146.99216729294923,False
SKU-0082,Decor,Vases,2026-08-24,2,1.101545623464709,0.018091655351988856,2.987427367110809,False
SKU-0092,Decor,Rugs,2026-08-24,2,7.879551894956486,3.301815478313794,12.78895052803655,False
SKU-0147,Decor,Lighting,2026-08-24,2,7.8506103144037,3.6332452397850683,10.96956753537805,False
SKU-0148,Decor,Lighting,2026-08-24,2,22.30313314116565,14.919117833849207,28.67492262245949,False
SKU-0083,Small Appliances,Air Purifiers,2026-08-24,2,53.56624800144732,45.19520951089182,68.56794160142756,False
SKU-0084,Furnishings,Sofas,2026-08-24,2,43.40151555649892,30.108909520897328,59.508508224490285,False
SKU-0091,Furnishings,Tables,2026-08-24,2,26.68534408643581,0.688146146181251,40.51476495991878,False
SKU-0170,Small Appliances,Air Purifiers,2026-08-24,2,22.85826726708082,17.42436121522209,31.658972526975464,False
SKU-0085,Furnishings,Chairs,2026-08-24,2,38.68006120949666,28.83079846685147,49.505688787223384,False
SKU-0086,Furnishings,Storage,2026-08-24,2,4.627363939058327,2.542783423086235,7.009175369720991,False
SKU-0167,Small Appliances,Heaters,2026-08-24,2,5.307280147886164,1.771670299423171,7.265031751794621,False
SKU-0087,Small Appliances,Fans,2026-08-24,2,1.0094399143768278,0.13173094666508572,1.7463770635348876,False
SKU-0169,Decor,Vases,2026-08-24,2,5.6341679194688234,2.236052646010565,8.731497387766835,False
SKU-0168,Small Appliances,Air Purifiers,2026-08-24,2,147.58780947057883,127.61289094629602,201.9292775578805,False
SKU-0090,Decor,Vases,2026-08-24,2,22.809518539013744,13.953234210380728,29.4617296085629,False
SKU-0088,Decor,Rugs,2026-08-24,2,11.491056338875756,5.610547610151865,16.235040009488028,False
SKU-0089,Furnishings,Tables,2026-08-24,2,85.79226686830367,34.481315501871016,128.91479193987192,False
SKU-0079,Decor,Vases,2026-08-24,2,2.728869686737032,0.5743861394985448,4.105094471239464,False
SKU-0003,Small Appliances,Air Purifiers,2026-08-24,2,15.146474065335877,3.7413615970845924,24.375165336265294,False
SKU-0078,Decor,Wall Art,2026-08-24,2,268.33248891919646,156.5169056173416,364.5740646381837,False
SKU-0095,Decor,Rugs,2026-08-24,2,25.543933728106904,14.480395801858888,34.62159282745503,False
SKU-0102,Decor,Rugs,2026-08-24,2,15.32245755223268,6.288359169106103,23.444181244761754,False
SKU-0175,Furnishings,Chairs,2026-08-24,2,5.0996997858651385,2.2158036160456023,6.127793003733371,False
SKU-0101,Small Appliances,Heaters,2026-08-24,2,56.062951013088195,37.62638868315988,70.35167737869591,False
SKU-0069,Furnishings,Sofas,2026-08-24,2,37.29682399145066,23.177268940505638,52.28201816760475,False
SKU-0070,Decor,Vases,2026-08-24,2,17.414587702009868,0.0,43.387627754008996,False
SKU-0100,Small Appliances,Heaters,2026-08-24,2,4.57413771371178,2.469345676445622,6.6974109467571346,False
SKU-0071,Furnishings,Tables,2026-08-24,2,30.884700512857385,0.020060450539557448,59.32653694640946,False
SKU-0174,Small Appliances,Fans,2026-08-24,2,212.79562471162043,141.88306531961544,296.42226514122996,False
SKU-0164,Furnishings,Tables,2026-08-24,2,39.622110793557624,31.608727674026436,47.0510144454195,False
SKU-0072,Decor,Lighting,2026-08-24,2,76.02458392847257,57.25491768684515,98.86516591317948,False
SKU-0099,Furnishings,Chairs,2026-08-24,2,5.333244723891073,2.8077150040922034,6.608225266251653,False
SKU-0146,Furnishings,Sofas,2026-08-24,2,37.45611973616029,3.539955320140256,59.47749689700407,False
SKU-0002,Decor,Wall Art,2026-08-24,2,19.329844519062423,13.911121997877931,24.834164811159102,False
SKU-0073,Small Appliances,Heaters,2026-08-24,2,1.5018582211000353,0.1832806465168205,3.7165306861324234,False
SKU-0098,Furnishings,Tables,2026-08-24,2,11.627809613166983,6.529328586353443,16.5306295299225,False
SKU-0074,Furnishings,Tables,2026-08-24,2,5.872129914610776,3.0223058888713172,7.158210632322781,False
SKU-0173,Furnishings,Sofas,2026-08-24,2,27.902746489208134,21.29706599412782,35.57273115531818,False
SKU-0075,Furnishings,Chairs,2026-08-24,2,13.958819436738978,0.9424304107766993,28.78182191560759,False
SKU-0076,Decor,Rugs,2026-08-24,2,11.781664504618416,0.0,27.18875110394276,False
SKU-0165,Decor,Lighting,2026-08-24,2,13.871333551409329,9.057014458037239,19.802870664729145,False
SKU-0077,Decor,Lighting,2026-08-24,2,40.83203183910676,22.820844780869567,52.654016313458854,False
SKU-0096,Decor,Vases,2026-08-24,2,9.128156333083323,3.6331558790283287,13.65969782894809,False
SKU-0172,Decor,Lighting,2026-08-24,2,9.624509472940932,5.748951422047134,13.0260828301989,False
SKU-0001,Small Appliances,Air Purifiers,2026-08-24,2,31.29251007947656,22.199834723777144,41.02715214142075,False
SKU-0097,Decor,lighting,2026-08-24,2,9.364000592162578,0.0,17.07528487419677,False
SKU-0051,Furnishings,Tables,2026-08-24,2,25.37767437890472,18.385256709070767,31.191126762612615,False
SKU-0061,Decor,Lighting,2026-08-24,2,10.969198526777388,5.77169042063419,16.03706605079948,False
SKU-0131,Furnishings,Storage,2026-08-24,2,2.1437481164026333,0.66408761518254,3.547235417030564,False
SKU-0024,Small Appliances,Kitchen Appliances,2026-08-24,2,5.950647752425384,3.3385027048927807,9.497809661892433,False
SKU-0025,Small Appliances,Fans,2026-08-24,2,18.391669592379735,5.291517779018887,27.383752802878966,False
SKU-0009,Furnishings,Chairs,2026-08-24,2,6.646477214364556,0.4899209389061105,14.136943455079011,False
SKU-0154,Decor,Lighting,2026-08-24,2,7.4478261483210435,2.535706891139521,10.996078455412228,False
SKU-0026,Furnishings,Storage,2026-08-24,2,10.420579859856455,0.12904162603246408,19.353939928964493,False
SKU-0130,Decor,Lighting,2026-08-24,2,4.086529329849275,1.743171253176447,6.395887517017011,False
SKU-0027,Decor,Lighting,2026-08-24,2,2.1965690953729813,0.45978243510222194,3.3384606000137405,False
SKU-0191,Small Appliances,Fans,2026-08-24,2,31.756485999359256,12.042552716722655,53.07209857797666,False
SKU-0129,Furnishings,Storage,2026-08-24,2,6.677573726494025,4.057506540095652,9.045122580831247,False
SKU-0028,Furnishings,Tables,2026-08-24,2,2.532022416528427,0.35617785100223787,4.463357700575765,False
SKU-0128,Furnishings,Chairs,2026-08-24,2,4.194581208720542,1.0962042161684409,7.085335240726057,False
SKU-0029,Furnishings,Chairs,2026-08-24,2,26.83672666562562,16.8879780763914,38.8778767593283,False
SKU-0192,Furnishings,Chairs,2026-08-24,2,167.98517120785795,120.23401504572148,199.7278970110614,False
SKU-0030,Decor,lighting,2026-08-24,2,13.871680398395327,0.04580627408535773,30.170083813345855,False
SKU-0155,Furnishings,Chairs,2026-08-24,2,112.00361902403813,87.07511390818814,135.0507306560571,False
SKU-0127,Decor,Rugs,2026-08-24,2,4.8686412268420876,1.4702429126358076,8.032617994799597,False
SKU-0008,Small Appliances,Heaters,2026-08-24,2,18.489977295121893,10.322773819850388,23.89481528734503,False
SKU-0031,Small Appliances,Kitchen Appliances,2026-08-24,2,5.686219094794746,2.5554411888763533,7.494845117351583,False
SKU-0032,Small Appliances,Heaters,2026-08-24,2,46.07541416226209,22.313504449677776,57.71848307151683,False
SKU-0126,Decor,Wall Art,2026-08-24,2,24.164646896417278,16.66893395998686,29.968662203778514,False
SKU-0033,Decor,Lighting,2026-08-24,2,7.871474227848294,3.591611361653003,10.919641221596155,False
SKU-0125,Furnishings,Storage,2026-08-24,2,38.15309119120164,24.650672999589883,48.24220067669594,False
SKU-0189,Small Appliances,Fans,2026-08-24,2,25.85265690002661,16.038931086226672,33.83534434216831,False
SKU-0034,Decor,Lighting,2026-08-24,2,17.484928732094286,11.298733598409456,22.310090703209617,False
SKU-0035,Decor,Lighting,2026-08-24,2,35.153127519274015,24.236308268274566,43.473976826534745,False
SKU-0142,Decor,Vases,2026-08-24,2,33.97750392723359,11.931212679098781,56.37740071103181,False
SKU-0156,Decor,Vases,2026-08-24,2,3.0538398634032613,0.6196863467650345,5.355306188283049,False
SKU-0190,Furnishings,Sofas,2026-08-24,2,5.3592079362697405,2.312303624655653,6.751812005169128,False
SKU-0197,Decor,Vases,2026-08-24,2,1.4923065739761117,0.0904815436974894,2.9004953375752622,False
SKU-0023,Small Appliances,Fans,2026-08-24,2,116.78480876607702,1.0935583454843694,214.83683079754647,False
SKU-0132,Small Appliances,Heaters,2026-08-24,2,47.01586146242832,24.73118334979546,61.22127533530436,False
SKU-0139,Small Appliances,Kitchen Appliances,2026-08-24,2,105.88611589409352,92.67533485171533,126.97062463897912,False
SKU-0012,Small Appliances,Air Purifiers,2026-08-24,2,10.703838859584614,0.6559298620815285,25.676380143595146,False
SKU-0196,Furnishings,Storage,2026-08-24,2,6.137665829425958,2.690951791830222,8.59503232178913,False
SKU-0138,Decor,Vases,2026-08-24,2,63.93013575738545,39.50329405721029,82.50027245871799,False
SKU-0013,Decor,Rugs,2026-08-24,2,30.597485467614273,17.62281089352265,44.17641045336401,False
SKU-0014,Small Appliances,Heaters,2026-08-24,2,17.7952819618784,9.61286362218749,24.285801252273263,False
SKU-0140,Furnishings,Sofas,2026-08-24,2,31.263210936366136,20.122362445154153,39.53429000493681,False
SKU-0015,Decor,Lighting,2026-08-24,2,38.19804586077261,21.33270663289097,47.577468247500555,False
SKU-0151,Small Appliances,Fans,2026-08-24,2,5.014060584820157,1.8534906857248505,6.283570373880695,False
SKU-0010,Decor,Vases,2026-08-24,2,20.13297924229492,10.44686920572774,26.745962332143538,False
SKU-0137,Small Appliances,Kitchen Appliances,2026-08-24,2,88.2879755118813,69.76574546611023,104.66172072260147,False
SKU-0195,Furnishings,Chairs,2026-08-24,2,43.173001152963984,20.596190460308513,62.56866234966231,False
SKU-0016,Furnishings,Storage,2026-08-24,2,3.290847680292962,1.6388672801256203,4.5972363119499144,False
SKU-0152,Small Appliances,Fans,2026-08-24,2,18.32321249619627,2.58378921675374,26.87578092759723,False
SKU-0017,Decor,Lighting,2026-08-24,2,67.45253759364822,51.13604098296334,85.10297896599263,False
SKU-0136,Furnishings,Chairs,2026-08-24,2,23.326964048597194,4.164704184677603,39.05039600824057,False
SKU-0018,Furnishings,Chairs,2026-08-24,2,123.46488196154523,90.82809996988611,142.2780086643687,False
SKU-0135,Decor,Lighting,2026-08-24,2,94.33007020919842,71.77385731191221,112.58590969938088,False
SKU-0194,Small Appliances,Fans,2026-08-24,2,215.69032845657588,152.2471812180741,250.00158155519088,False
SKU-0141,Decor,Wall Art,2026-08-24,2,158.54565630241333,98.2048693036311,296.72390651718337,True
SKU-0150,Furnishings,Chairs,2026-08-24,2,67.3819142015742,50.14049474585879,83.58772667272261,False
SKU-0019,Small Appliances,Heaters,2026-08-24,2,1.8804999911086153,0.3217290230477912,3.6158521781847934,False
SKU-0134,Decor,Rugs,2026-08-24,2,15.303227362570285,8.698624341280837,23.073373505788215,False
SKU-0020,Decor,Lighting,2026-08-24,2,12.642602125253738,7.747510742552639,16.824978049901315,False
SKU-0193,Furnishings,Chairs,2026-08-24,2,90.95942752828944,59.85899329641582,115.44886444670004,False
SKU-0021,Small Appliances,Fans,2026-08-24,2,21.081953200521717,10.084301420324971,31.001463113116824,False
SKU-0153,Furnishings,Sofas,2026-08-24,2,46.61953631674958,30.97554568653005,62.60374512352614,False
SKU-0133,Decor,Vases,2026-08-24,2,9.559444567380169,0.018371425525215167,16.679747317186685,False
SKU-0022,Decor,Wall Art,2026-08-24,2,21.368424753541483,15.266358481300488,27.91968456653228,False
SKU-0124,Decor,Vases,2026-08-24,2,12.80649450754275,6.498190734721599,17.56102047014978,False
SKU-0188,Furnishings,Sofas,2026-08-24,2,20.787344220351955,7.59458245049389,31.131585965735756,False
SKU-0007,Small Appliances,Heaters,2026-08-24,2,18.67137029272613,10.157054319341583,24.741784881240143,False
SKU-0036,Furnishings,Tables,2026-08-24,2,4.722884847006549,1.6429419038179809,6.282099995225554,False
SKU-0114,Decor,Vases,2026-08-24,2,44.75059735725025,26.091684310047306,65.40385686771012,False
SKU-0183,Decor,Lighting,2026-08-24,2,56.100855455661936,10.267052167641134,79.29379738041966,False
SKU-0144,Decor,Rugs,2026-08-24,2,20.51973053136605,4.230857261125643,31.376169649338784,False
SKU-0149,Decor,rugs,2026-08-24,2,70.25527302412875,53.766004387213634,79.41478660095929,False
SKU-0113,Decor,Lighting,2026-08-24,2,89.04947202717169,61.216322915442646,109.84827898095266,False
SKU-0052,Furnishings,Sofas,2026-08-24,2,82.4799055878981,1.4639021640891077,149.73400258504222,False
SKU-0005,Furnishings,Storage,2026-08-24,2,152.70682350929158,142.33767825849765,175.7022277401133,False
SKU-0112,Furnishings,Sofas,2026-08-24,2,76.82921450263878,7.791144364202921,113.10159206207537,False
SKU-0053,Small Appliances,Fans,2026-08-24,2,31.361342316487757,20.195519717729027,40.09770026589301,False
SKU-0160,Small Appliances,Fans,2026-08-24,2,22.403273613714827,11.07105014903131,29.255706124615777,False
SKU-0054,Decor,Wall Art,2026-08-24,2,15.914872072133798,10.932335094000987,21.9592519235212,False
SKU-0182,Small Appliances,Kitchen Appliances,2026-08-24,2,4.775809034831679,2.0973823418796336,7.577343350031498,False
SKU-0111,Decor,Rugs,2026-08-24,2,124.03422300834431,68.79204568359165,167.12413238553327,False
SKU-0055,Small Appliances,Air Purifiers,2026-08-24,2,25.098899438540524,16.594773037333187,33.73330736542722,False
SKU-0110,Small Appliances,Fans,2026-08-24,2,50.574021753439325,41.52747867823234,67.69491935126567,False
SKU-0056,Small Appliances,Air Purifiers,2026-08-24,2,104.97833684914119,104.27357182727786,148.2388748787224,False
SKU-0181,Small Appliances,Air Purifiers,2026-08-24,2,2.858395735835515,0.6768479505476422,4.401930928976714,True
SKU-0180,Small Appliances,Fans,2026-08-24,2,40.30049947950083,2.5376078688585575,128.17852521665503,False
SKU-0109,Furnishings,Storage,2026-08-24,2,19.646975037839297,12.30039176711589,26.225278796146895,False
SKU-0004,Decor,Wall Art,2026-08-24,2,48.0688041557717,39.523028207366046,58.389277858804434,False
SKU-0057,Decor,Wall Art,2026-08-24,2,46.36344059904733,0.0,85.62674190197102,False
SKU-0058,Decor,Lighting,2026-08-24,2,55.36638957075183,37.7129844169037,71.68606066808302,False
SKU-0161,Furnishings,Tables,2026-08-24,2,7.346639413031693,3.7447645943909436,10.76592320632711,False
SKU-0059,Furnishings,Tables,2026-08-24,2,19.751868912593025,13.109364573623147,24.34318422677516,False
SKU-0108,Furnishings,Tables,2026-08-24,2,45.626833212158175,4.857839410495145,62.4764616628615,False
SKU-0179,Small Appliances,Kitchen Appliances,2026-08-24,2,4.4934342734436115,1.9250157566960142,7.784606326104468,False
SKU-0178,Small Appliances,Fans,2026-08-24,2,4.715269504525073,2.4438463471451035,6.399832130894597,False
SKU-0107,Decor,Wall Art,2026-08-24,2,22.56191925469927,13.864781508957186,33.55166780531107,False
SKU-0060,Furnishings,Sofas,2026-08-24,2,10.014730880568736,5.758410618717235,12.952390346949105,False
SKU-0050,Furnishings,Chairs,2026-08-24,2,21.80721363644288,13.7594381954698,28.508438633983307,False
SKU-0106,Small Appliances,Fans,2026-08-24,2,12.640110071588571,6.94589175621845,15.542890219208282,False
SKU-0049,Decor,Lighting,2026-08-24,2,1.138606748718273,0.0,2.7713695304556842,False
SKU-0115,Furnishings,Storage,2026-08-24,2,395.96671280535554,171.02693906825712,506.3467976735445,False
SKU-0123,Furnishings,Chairs,2026-08-24,2,68.66217001066524,36.658509866225835,96.73130081959205,False
SKU-0037,Furnishings,Tables,2026-08-24,2,63.47826750947407,55.3481987240029,73.40510874840307,False
SKU-0122,Decor,Wall Art,2026-08-24,2,41.5108329522115,33.56120596736994,47.75810355332918,False
SKU-0038,Decor,rugs,2026-08-24,2,49.6037239968044,18.820297027887616,79.8770928209793,False
SKU-0187,Decor,Vases,2026-08-24,2,5.807332276112239,2.558897873363156,7.880669050136993,False
SKU-0039,Furnishings,Sofas,2026-08-24,2,54.98159744585583,44.50754717916658,67.21484197239727,False
SKU-0157,Decor,Vases,2026-08-24,2,9.848389981415748,5.307496892947133,13.669490816192134,False
SKU-0121,Decor,Lighting,2026-08-24,2,16.964485529299377,11.032956594200689,22.408176868084016,False
SKU-0040,Decor,vases,2026-08-24,2,3.1846948866650564,0.8675135091591992,5.40067216001982,False
SKU-0041,Decor,Lighting,2026-08-24,2,2.494924078311669,0.7550930521951624,4.581683840016858,False
SKU-0120,Decor,Vases,2026-08-24,2,44.35120007766679,11.839995470322245,72.657408432626,False
SKU-0143,Small Appliances,Fans,2026-08-24,2,0.935454229753974,0.0,2.8653733903602334,False
SKU-0186,Decor,Wall Art,2026-08-24,2,2.3518916923528987,0.30066359859616754,4.245247742304635,False
SKU-0119,Decor,Wall Art,2026-08-24,2,37.9045660781612,24.97717159386797,45.168348915288114,False
SKU-0042,Small Appliances,Kitchen Appliances,2026-08-24,2,135.38483456968052,128.56657412812,164.28918089481522,False
SKU-0043,Small Appliances,Kitchen Appliances,2026-08-24,2,29.879974428313428,19.23906794428557,38.87374917247616,False
SKU-0044,Decor,Rugs,2026-08-24,2,20.87818627741063,6.810237370382712,33.96863775555997,False
SKU-0158,Decor,Lighting,2026-08-24,2,69.84978588737373,48.8760609407542,92.09502262365942,False
SKU-0118,Small Appliances,Heaters,2026-08-24,2,40.85412283035707,20.013698228158663,49.11107477806898,False
SKU-0185,Small Appliances,Heaters,2026-08-24,2,12.094672912436664,6.783539159348437,16.595926980482872,False
SKU-0045,Small Appliances,Air Purifiers,2026-08-24,2,1.488775560570321,0.14067445336407222,2.901490549768563,False
SKU-0117,Small Appliances,Air Purifiers,2026-08-24,2,54.43265579742977,42.71523580279099,62.9402286459988,False
SKU-0198,Small Appliances,Air Purifiers,2026-08-24,2,3.599533715921226,1.761431132139118,4.54876086406576,False
SKU-0046,Small Appliances,Air Purifiers,2026-08-24,2,293.30330998574993,116.63397961537846,367.2571122811281,False
SKU-0116,Small Appliances,Heaters,2026-08-24,2,12.21727838272034,5.803344315190996,16.81182872226114,False
SKU-0006,Small Appliances,Air Purifiers,2026-08-24,2,8.757892574180799,4.4687694615274305,13.857296223802805,False
SKU-0047,Decor,Rugs,2026-08-24,2,22.41144855716022,7.198666868637187,35.42736768124255,False
SKU-0048,Decor,Vases,2026-08-24,2,119.37795883917244,84.4207509048166,141.64056192260156,False
SKU-0184,Decor,Vases,2026-08-24,2,70.75893089221333,52.54797589648448,85.22248014407994,False
SKU-0159,Small Appliances,Fans,2026-08-24,2,102.77400272506986,82.78422050847148,125.84140669984855,False
SKU-0200,Decor,Lighting,2026-08-24,2,47.53103718543748,3.721917543860912,79.68018356987416,False
SKU-0066,Decor,Rugs,2026-08-31,3,40.539614689920974,24.41184884593793,55.74671823950527,False
SKU-0104,Small Appliances,Air Purifiers,2026-08-31,3,40.26818209808629,28.919774199994635,50.40075209750778,False
SKU-0063,Decor,Rugs,2026-08-31,3,21.645354082486183,0.0,44.71873524388078,False
SKU-0163,Furnishings,Chairs,2026-08-31,3,72.20803480916463,50.1356817929142,88.08627388175556,False
SKU-0062,Decor,Lighting,2026-08-31,3,139.5804970897891,96.6951325362568,163.3241641639927,False
SKU-0176,Furnishings,Sofas,2026-08-31,3,144.3666105511645,120.47156976942959,178.62765606784106,False
SKU-0064,Small Appliances,Heaters,2026-08-31,3,3.184709890025083,1.2950312566819608,6.439673757627449,False
SKU-0067,Decor,Rugs,2026-08-31,3,57.35975124159484,26.7606780191546,79.2446450213335,False
SKU-0145,Decor,Wall Art,2026-08-31,3,159.57071420893993,115.88410848410497,219.502440430264,False
SKU-0177,Decor,Rugs,2026-08-31,3,4.984226989624152,1.7603440341061627,7.19957518030632,False
SKU-0162,Small Appliances,Heaters,2026-08-31,3,127.82450808207437,77.75331245932291,155.0485626399674,False
SKU-0199,Furnishings,Chairs,2026-08-31,3,7.147197555162266,3.533797851312642,11.1761948396829,False
SKU-0105,Small Appliances,Heaters,2026-08-31,3,34.97276416301549,17.815152743903248,44.95591876912796,False
SKU-0065,Decor,Rugs,2026-08-31,3,50.13745627891242,0.14513888652176343,84.46898763423016,False
SKU-0103,Furnishings,Storage,2026-08-31,3,6.88345526739015,3.437918780216945,9.932878476152698,False
SKU-0011,Decor,Wall Art,2026-08-31,3,17.1652498708614,10.78798761586987,22.443998498950542,False
SKU-0068,Decor,Lighting,2026-08-31,3,15.559857506484414,9.378729894911842,23.45536600631487,False
SKU-0094,Decor,Rugs,2026-08-31,3,23.91185699265867,7.074018542531094,37.587846657838234,False
SKU-0080,Small Appliances,Fans,2026-08-31,3,107.91958630489876,34.254901746188935,167.62396259542166,False
SKU-0171,Decor,Rugs,2026-08-31,3,36.77384501547094,12.785933296937799,68.17648071083607,False
SKU-0166,Decor,Rugs,2026-08-31,3,17.280038188773318,0.025169680634469165,36.696016184011874,False
SKU-0081,Decor,Vases,2026-08-31,3,6.676248508641795,2.5297781981603866,10.098875803760372,False
SKU-0093,Decor,Wall Art,2026-08-31,3,118.44083819812167,100.0405129779591,147.52324722828197,False
SKU-0082,Decor,Vases,2026-08-31,3,1.1497016863180611,0.017853334894508566,3.0060144680342553,False
SKU-0092,Decor,Rugs,2026-08-31,3,7.879551894956486,3.3929645710839758,12.938170381924435,False
SKU-0147,Decor,Lighting,2026-08-31,3,7.86466148156244,3.7094145718385674,11.200933577353672,False
SKU-0148,Decor,Lighting,2026-08-31,3,22.343051700281386,14.786147468905085,29.116254371103906,False
SKU-0083,Small Appliances,Air Purifiers,2026-08-31,3,54.01286101126028,44.486169284046056,69.4672774532256,False
SKU-0084,Furnishings,Sofas,2026-08-31,3,43.47036730048809,29.85264552658092,60.038698347569664,False
SKU-0091,Furnishings,Tables,2026-08-31,3,26.795103870532014,0.5353071956630927,40.99951812083547,False
SKU-0170,Small Appliances,Air Purifiers,2026-08-31,3,23.048849955324805,16.952512849865716,32.45110911943537,False
SKU-0085,Furnishings,Chairs,2026-08-31,3,38.68006120949666,28.385372139898823,50.14515340188649,False
SKU-0086,Furnishings,Storage,2026-08-31,3,4.66585110940439,2.607831699524828,7.060196603015209,False
SKU-0167,Small Appliances,Heaters,2026-08-31,3,5.337263643742362,1.8007879376865232,7.38819572245626,False
SKU-0087,Small Appliances,Fans,2026-08-31,3,1.0094196089331293,0.13269261231122045,1.7463770635348876,False
SKU-0169,Decor,Vases,2026-08-31,3,5.6341679194688234,2.257688767662495,8.786767175223767,False
SKU-0168,Small Appliances,Air Purifiers,2026-08-31,3,151.5047208323312,127.01721798659403,204.63059352227577,False
SKU-0090,Decor,Vases,2026-08-31,3,22.809518539013744,13.72834039775426,30.144423442232902,False
SKU-0088,Decor,Rugs,2026-08-31,3,11.491056338875756,5.665069518798568,16.35561630956966,False
SKU-0089,Furnishings,Tables,2026-08-31,3,85.79226686830367,33.296682616060004,129.67929020772985,False
SKU-0079,Decor,Vases,2026-08-31,3,2.7369141572176234,0.6713554240307045,4.120652932563658,False
SKU-0003,Small Appliances,Air Purifiers,2026-08-31,3,15.579504558175827,3.4512587994915234,25.250899291487396,False
SKU-0078,Decor,Wall Art,2026-08-31,3,270.5473776471604,155.34603977712527,365.9800903885981,False
SKU-0095,Decor,Rugs,2026-08-31,3,25.543933728106904,14.06363883865976,34.816658406491534,False
SKU-0102,Decor,Rugs,2026-08-31,3,15.32245755223268,6.270078220097455,23.797337448365553,False
SKU-0175,Furnishings,Chairs,2026-08-31,3,5.099597202575725,2.3069527088157837,6.312373263498349,False
SKU-0101,Small Appliances,Heaters,2026-08-31,3,56.379678830830535,36.95148462064318,70.92909201516663,False
SKU-0069,Furnishings,Sofas,2026-08-31,3,37.71925658895262,22.83129747890092,52.49871137321152,False
SKU-0070,Decor,Vases,2026-08-31,3,22.638754445180556,0.0,44.07032158767904,False
SKU-0100,Small Appliances,Heaters,2026-08-31,3,4.599979319084615,2.4630406835820122,6.906422362750415,False
SKU-0071,Furnishings,Tables,2026-08-31,3,29.759627232523975,0.0,59.23505924393005,False
SKU-0174,Small Appliances,Fans,2026-08-31,3,211.6891181013199,141.54662944473057,295.7585768505975,False
SKU-0164,Furnishings,Tables,2026-08-31,3,39.622110793557624,31.14543635697398,47.168979205243076,False
SKU-0072,Decor,Lighting,2026-08-31,3,76.16065413119205,56.18472226662678,99.76078718364825,False
SKU-0099,Furnishings,Chairs,2026-08-31,3,5.333137442715711,2.898864096862385,6.7448156534577555,False
SKU-0146,Furnishings,Sofas,2026-08-31,3,37.88035655471936,3.5407536889636373,59.7492971536852,False
SKU-0002,Decor,Wall Art,2026-08-31,3,19.3534491009213,13.856453975729174,25.265290019459822,False
SKU-0073,Small Appliances,Heaters,2026-08-31,3,1.7699304776444817,0.18438124536941056,3.7165306861324234,False
SKU-0098,Furnishings,Tables,2026-08-31,3,11.627809613166983,6.523931261107809,16.606308050372128,False
SKU-0074,Furnishings,Tables,2026-08-31,3,5.895715540086809,3.113454981641499,7.219386531532247,False
SKU-0173,Furnishings,Sofas,2026-08-31,3,27.947011136035243,21.095115823596245,35.67513745381756,False
SKU-0075,Furnishings,Chairs,2026-08-31,3,14.015951667138156,0.9540116115759041,29.116687797745456,False
SKU-0076,Decor,Rugs,2026-08-31,3,12.759668482691028,0.0,27.626775224363392,False
SKU-0165,Decor,Lighting,2026-08-31,3,13.896160720080266,9.100092475159625,19.938415227341313,False
SKU-0077,Decor,Lighting,2026-08-31,3,40.9051137629095,22.494585090981946,53.821764313591274,False
SKU-0096,Decor,Vases,2026-08-31,3,9.128156333083323,3.715657483148108,13.777831723463835,False
SKU-0172,Decor,Lighting,2026-08-31,3,9.641735597536245,5.78452002720861,13.285291371981993,False
SKU-0001,Small Appliances,Air Purifiers,2026-08-31,3,31.42558579102554,21.76293268049852,42.01908484882502,False
SKU-0097,Decor,lighting,2026-08-31,3,9.396274568627108,0.0,17.263428194315146,False
SKU-0051,Furnishings,Tables,2026-08-31,3,25.37767437890472,18.051578788774698,31.31310457805156,False
SKU-0061,Decor,Lighting,2026-08-31,3,10.988831400646362,5.801142120091873,16.39812494039653,False
SKU-0131,Furnishings,Storage,2026-08-31,3,2.1615783108765605,0.7103029486556605,3.5627938783547575,False
SKU-0024,Small Appliances,Kitchen Appliances,2026-08-31,3,5.970755277488018,3.3286163822895154,9.60570553151469,False
SKU-0025,Small Appliances,Fans,2026-08-31,3,18.50255709485923,4.998632840725444,27.716751840267108,False
SKU-0009,Furnishings,Chairs,2026-08-31,3,8.912356654323395,0.5324301411494827,14.385654853818277,False
SKU-0154,Decor,Lighting,2026-08-31,3,7.6605798631216775,2.6068347830901195,11.262897253867774,False
SKU-0026,Furnishings,Storage,2026-08-31,3,10.691893786873637,0.17305090959636305,19.632598514652113,False
SKU-0130,Decor,Lighting,2026-08-31,3,4.110286548106323,1.79273269422723,6.631274882544134,False
SKU-0027,Decor,Lighting,2026-08-31,3,2.200500555259378,0.37458957039367125,3.292314442078102,False
SKU-0191,Small Appliances,Fans,2026-08-31,3,31.817085770983766,11.481275692204598,53.405097615364824,False
SKU-0129,Furnishings,Storage,2026-08-31,3,6.733248548074893,4.1247458959104275,9.144133686684341,False
SKU-0028,Furnishings,Tables,2026-08-31,3,2.4897196863147255,0.3537545833881084,4.526906034458835,False
SKU-0128,Furnishings,Chairs,2026-08-31,3,4.194496832393273,1.1164329056180484,7.269915500491034,False
SKU-0029,Furnishings,Chairs,2026-08-31,3,26.94710910308368,16.634170677343683,39.326772054232926,False
SKU-0192,Furnishings,Chairs,2026-08-31,3,168.03484041989833,116.99868710160986,201.62238506961464,False
SKU-0030,Decor,lighting,2026-08-31,3,17.056134590832894,0.051108553054121444,30.687783283438304,False
SKU-0155,Furnishings,Chairs,2026-08-31,3,112.03673582513788,84.67050491148693,135.15465076793862,False
SKU-0127,Decor,Rugs,2026-08-31,3,4.868543291423731,1.5522324364512845,8.216514027740317,False
SKU-0008,Small Appliances,Heaters,2026-08-31,3,18.59443647989477,10.239507470040236,24.4565244041862,False
SKU-0031,Small Appliances,Kitchen Appliances,2026-08-31,3,5.728349184309113,2.5779829490377817,7.652685950102337,False
SKU-0032,Small Appliances,Heaters,2026-08-31,3,46.3357173592126,21.918471140344028,58.61886409795676,False
SKU-0126,Decor,Wall Art,2026-08-31,3,24.19415548274837,16.515942394223156,30.399787412079235,False
SKU-0033,Decor,Lighting,2026-08-31,3,8.096329823236983,3.635827455464882,11.223985920158569,False
SKU-0125,Furnishings,Storage,2026-08-31,3,38.471195735132184,24.243783356455165,49.326956613839236,False
SKU-0189,Small Appliances,Fans,2026-08-31,3,25.901990604771527,15.586779774239373,33.92524884084135,False
SKU-0034,Decor,Lighting,2026-08-31,3,17.516223580078595,11.289362331947563,22.796465306742686,False
SKU-0035,Decor,Lighting,2026-08-31,3,35.21604523536796,23.828460987622204,44.01716786156017,False
SKU-0142,Decor,Vases,2026-08-31,3,34.30791538054211,11.569609178883907,57.060094544701855,False
SKU-0156,Decor,Vases,2026-08-31,3,3.053778433720793,0.6407936462673786,5.370864649607244,False
SKU-0190,Furnishings,Sofas,2026-08-31,3,5.367709731842578,2.388472956709152,6.849432371228646,False
SKU-0197,Decor,Vases,2026-08-31,3,1.4893396198073912,0.10324683534145798,2.93750953546435,False
SKU-0023,Small Appliances,Fans,2026-08-31,3,115.28167225293592,0.8443820055575363,214.95537885002574,False
SKU-0132,Small Appliances,Heaters,2026-08-31,3,47.28147771935339,24.20976867699452,62.13963091739371,False
SKU-0139,Small Appliances,Kitchen Appliances,2026-08-31,3,106.6499101230233,91.89648341697736,127.40558281786416,False
SKU-0012,Small Appliances,Air Purifiers,2026-08-31,3,10.565662186711554,0.6569274199907722,25.767392679061064,False
SKU-0196,Furnishings,Storage,2026-08-31,3,6.1887146324627045,2.6797639832402855,8.698056483257597,False
SKU-0138,Decor,Vases,2026-08-31,3,63.93013575738545,38.40465458562604,83.0667289519368,False
SKU-0013,Decor,Rugs,2026-08-31,3,30.597485467614273,17.198095435670037,44.3581361538332,False
SKU-0014,Small Appliances,Heaters,2026-08-31,3,17.895816463185316,9.455956384469756,24.71898026416587,False
SKU-0140,Furnishings,Sofas,2026-08-31,3,31.37839610539513,19.950151202880868,39.97750349814319,False
SKU-0015,Decor,Lighting,2026-08-31,3,38.266413427882924,21.21944604283424,48.64164321477144,False
SKU-0151,Small Appliances,Fans,2026-08-31,3,5.023527685043328,1.8063427393262206,6.3315602464395715,False
SKU-0010,Decor,Vases,2026-08-31,3,20.13297924229492,10.313898840783619,27.415316287246235,False
SKU-0137,Small Appliances,Kitchen Appliances,2026-08-31,3,88.58630482898977,68.71450505432779,105.1712384403286,False
SKU-0195,Furnishings,Chairs,2026-08-31,3,43.173001152963984,20.275403182720908,62.83015565147391,False
SKU-0016,Furnishings,Storage,2026-08-31,3,3.318285394192426,1.6626727336752738,4.748250345977257,False
SKU-0152,Small Appliances,Fans,2026-08-31,3,18.358178030251874,2.2970583425818445,26.994328980076503,False
SKU-0017,Decor,Lighting,2026-08-31,3,67.5732653897115,50.05535283489797,85.84762739688692,False
SKU-0136,Furnishings,Chairs,2026-08-31,3,23.822969117251134,4.039891697916448,39.49929130314519,False
SKU-0018,Furnishings,Chairs,2026-08-31,3,123.50138758497376,90.1177834122242,143.07478631976355,False
SKU-0135,Decor,Lighting,2026-08-31,3,94.49890390893935,71.0390711661391,113.32373572071236,False
SKU-0194,Small Appliances,Fans,2026-08-31,3,214.56876980357947,151.75555549787592,249.26758359081717,False
SKU-0141,Decor,Wall Art,2026-08-31,3,217.04238264646125,97.5492066114914,298.35496648493506,True
SKU-0150,Furnishings,Chairs,2026-08-31,3,67.3819142015742,49.10332802948294,83.66296750006265,False
SKU-0019,Small Appliances,Heaters,2026-08-31,3,1.8910858407060145,0.3170975739768575,3.7136491781995566,False
SKU-0134,Decor,Rugs,2026-08-31,3,15.303227362570285,8.761104744581026,23.221361810743826,False
SKU-0020,Decor,Lighting,2026-08-31,3,12.665230087752075,7.776962442010322,17.291270317672645,False
SKU-0193,Furnishings,Chairs,2026-08-31,3,90.95942752828944,59.16866443222805,115.92643902614607,False
SKU-0021,Small Appliances,Fans,2026-08-31,3,21.122183141245515,9.613218519554021,31.334462150504994,False
SKU-0153,Furnishings,Sofas,2026-08-31,3,47.58584326726215,30.54441358064699,62.99495568855826,False
SKU-0133,Decor,Vases,2026-08-31,3,9.716653172235263,0.02626146562771139,16.87651497191688,False
SKU-0022,Decor,Wall Art,2026-08-31,3,21.394518741560514,15.080938832772091,28.350809774833,False
SKU-0124,Decor,Vases,2026-08-31,3,12.80649450754275,6.580692338841379,17.706996864472995,False
SKU-0188,Furnishings,Sofas,2026-08-31,3,20.863932442929563,7.441590884730191,31.559925224442214,False
SKU-0007,Small Appliances,Heaters,2026-08-31,3,18.776854257808402,10.060959956981833,25.17496389313275,False
SKU-0036,Furnishings,Tables,2026-08-31,3,4.741854487458605,1.664049203320325,6.395278822609266,False
SKU-0114,Decor,Vases,2026-08-31,3,44.75059735725025,25.842910605587527,65.86604953344005,False
SKU-0183,Decor,Lighting,2026-08-31,3,56.04494824760994,9.348795677774762,79.90203859844839,False
SKU-0144,Decor,Rugs,2026-08-31,3,20.51973053136605,4.224096594047988,31.86003949490808,False
SKU-0149,Decor,rugs,2026-08-31,3,70.21539223652526,52.82845722825982,79.28190042777743,False
SKU-0113,Decor,Lighting,2026-08-31,3,89.20885441487671,60.52599405125487,110.61269519575414,False
SKU-0052,Furnishings,Sofas,2026-08-31,3,85.43320014955012,1.1806396328886,151.67448185898817,False
SKU-0005,Furnishings,Storage,2026-08-31,3,156.1582133002554,139.8807053832926,176.81650132946606,False
SKU-0112,Furnishings,Sofas,2026-08-31,3,74.86840693721196,7.696730413213835,113.9128660966538,False
SKU-0053,Small Appliances,Fans,2026-08-31,3,31.42118804949032,19.591750707301454,40.43069930328117,False
SKU-0160,Small Appliances,Fans,2026-08-31,3,22.4460249831409,10.841422486469405,29.588705162003944,False
SKU-0054,Decor,Wall Art,2026-08-31,3,15.934306470596225,10.96790369916246,22.13613856836831,False
SKU-0182,Small Appliances,Kitchen Appliances,2026-08-31,3,4.811193753356712,2.130960687163402,7.7351841827822545,False
SKU-0111,Decor,Rugs,2026-08-31,3,124.03422300834431,68.12743845069059,168.2715946699856,False
SKU-0055,Small Appliances,Air Purifiers,2026-08-31,3,25.30816358227776,16.122924671976794,34.31158649422039,False
SKU-0110,Small Appliances,Fans,2026-08-31,3,50.670530358593346,40.5001519725205,67.6999736489069,False
SKU-0056,Small Appliances,Air Purifiers,2026-08-31,3,107.17789063358583,103.68553559458246,149.50312353428686,False
SKU-0181,Small Appliances,Air Purifiers,2026-08-31,3,2.8705514576190585,0.6864929971072885,4.615681263588752,True
SKU-0180,Small Appliances,Fans,2026-08-31,3,41.456424115655345,2.415025878961498,127.92281496811633,False
SKU-0109,Furnishings,Storage,2026-08-31,3,19.81078331231714,11.96177510985454,26.586865758599277,False
SKU-0004,Decor,Wall Art,2026-08-31,3,48.12750323229217,39.104987076016585,58.515051698133355,False
SKU-0057,Decor,Wall Art,2026-08-31,3,46.14942117582794,0.0,85.83424801825431,False
SKU-0058,Decor,Lighting,2026-08-31,3,55.46548535613392,36.857194276980245,72.45406036080178,False
SKU-0161,Furnishings,Tables,2026-08-31,3,7.346639413031693,3.8359136871611255,10.885119515082929,False
SKU-0059,Furnishings,Tables,2026-08-31,3,19.751868912593025,12.927918866311003,24.461148986598705,False
SKU-0108,Furnishings,Tables,2026-08-31,3,46.49879865427628,4.75025064567997,62.883230689217854,False
SKU-0179,Small Appliances,Kitchen Appliances,2026-08-31,3,4.50147670499535,1.9585941019797828,7.8112490405183035,False
SKU-0178,Small Appliances,Fans,2026-08-31,3,4.724267485445505,2.4796759076089545,6.4478220034534734,False
SKU-0107,Decor,Wall Art,2026-08-31,3,22.589470674961117,13.544638724773357,34.27159728014458,False
SKU-0060,Furnishings,Sofas,2026-08-31,3,10.030618152657468,5.840912222837015,13.012510406074538,False
SKU-0050,Furnishings,Chairs,2026-08-31,3,21.80721363644288,13.757820077983137,28.66852966235514,False
SKU-0106,Small Appliances,Fans,2026-08-31,3,12.66423074361955,6.830167824010158,15.605382713007316,False
SKU-0049,Decor,Lighting,2026-08-31,3,1.138974443075525,0.0,2.7252233725200457,False
SKU-0115,Furnishings,Storage,2026-08-31,3,400.3768089110061,168.6473949552432,510.62977667897616,False
SKU-0123,Furnishings,Chairs,2026-08-31,3,68.66217001066524,36.08346154478032,97.53792535599824,False
SKU-0037,Furnishings,Tables,2026-08-31,3,63.47826750947407,54.83483280398743,73.44223636281018,False
SKU-0122,Decor,Wall Art,2026-08-31,3,41.56152378179807,33.185786769482284,48.310644695198796,False
SKU-0038,Decor,rugs,2026-08-31,3,49.57556617325743,18.34870211747991,80.34762278798121,False
SKU-0187,Decor,Vases,2026-08-31,3,5.807215458402841,2.650046966133338,7.935938837593927,False
SKU-0039,Furnishings,Sofas,2026-08-31,3,55.068819719615554,43.88331850494998,67.210138291648,False
SKU-0157,Decor,Vases,2026-08-31,3,9.848389981415748,5.269671484936805,13.81546721051535,False
SKU-0121,Decor,Lighting,2026-08-31,3,16.99484887843885,11.056013410503489,22.694797414741082,False
SKU-0040,Decor,vases,2026-08-31,3,3.182887077302286,0.9160074513233364,5.416230621344014,False
SKU-0041,Decor,Lighting,2026-08-31,3,2.5044896466070634,0.8101707778719195,4.631573006837603,False
SKU-0120,Decor,Vases,2026-08-31,3,44.35120007766679,11.31597381291361,73.22689356544407,False
SKU-0143,Small Appliances,Fans,2026-08-31,3,1.2746888544313182,0.0,2.9133632629191095,False
SKU-0186,Decor,Wall Art,2026-08-31,3,2.3642216927425697,0.33228017666790766,4.35868524300845,False
SKU-0119,Decor,Wall Art,2026-08-31,3,37.9508531257334,24.683940607822866,45.88827839012163,False
SKU-0042,Small Appliances,Kitchen Appliances,2026-08-31,3,136.361413552258,127.79124689713909,165.10744049981847,False
SKU-0043,Small Appliances,Kitchen Appliances,2026-08-31,3,29.980940299540364,18.78715537466835,38.99222653933386,False
SKU-0044,Decor,Rugs,2026-08-31,3,20.87818627741063,6.545900910242585,34.440662006228536,False
SKU-0158,Decor,Lighting,2026-08-31,3,69.97480432265448,47.88335150596368,92.75517501097202,False
SKU-0118,Small Appliances,Heaters,2026-08-31,3,41.084928325537206,19.779549722772455,49.63312060102503,False
SKU-0185,Small Appliances,Heaters,2026-08-31,3,12.163001805023299,6.80620038833757,16.876109813656022,False
SKU-0045,Small Appliances,Air Purifiers,2026-08-31,3,1.5142907372255394,0.1655759740785859,3.067388847494331,False
SKU-0117,Small Appliances,Air Purifiers,2026-08-31,3,54.88649255368619,41.93805327383245,63.960751681770304,False
SKU-0198,Small Appliances,Air Purifiers,2026-08-31,3,3.6294721147840683,1.7037017738563238,4.822254601185379,False
SKU-0046,Small Appliances,Air Purifiers,2026-08-31,3,299.03097270999723,115.43920403820673,371.0783974567932,False
SKU-0116,Small Appliances,Heaters,2026-08-31,3,12.286299935296228,5.826005544180129,17.092011555434297,False
SKU-0006,Small Appliances,Air Purifiers,2026-08-31,3,8.830734587001528,4.443872452729561,14.082958354117851,False
SKU-0047,Decor,Rugs,2026-08-31,3,22.41144855716022,6.920368964943043,35.88302341374456,False
SKU-0048,Decor,Vases,2026-08-31,3,119.37795883917244,82.82579807535014,142.52622149176915,False
SKU-0184,Decor,Vases,2026-08-31,3,70.75893089221333,51.48235503856019,85.41528216973421,False
SKU-0159,Small Appliances,Fans,2026-08-31,3,102.77400272506986,82.69733892347662,125.84646099748979,False
SKU-0200,Decor,Lighting,2026-08-31,3,47.616109112583764,3.6838643504610658,80.29167770349225,False
SKU-0066,Decor,Rugs,2026-09-07,4,40.689559287633536,23.8539652324395,56.50676475926419,False
SKU-0104,Small Appliances,Air Purifiers,2026-09-07,4,40.8570570929495,28.84571738492967,50.73329834637034,False
SKU-0063,Decor,Rugs,2026-09-07,4,21.725414140655687,0.0,45.69479185418712,False
SKU-0163,Furnishings,Chairs,2026-09-07,4,72.51550636940009,49.894844755494745,89.2457195271591,False
SKU-0062,Decor,Lighting,2026-09-07,4,142.45876343482132,97.08105136578496,166.29308212495252,False
SKU-0176,Furnishings,Sofas,2026-09-07,4,142.89341689855362,120.55192168096515,179.38320911729184,False
SKU-0064,Small Appliances,Heaters,2026-09-07,4,3.3136118789338735,1.3147638194717253,6.515584774011529,False
SKU-0067,Decor,Rugs,2026-09-07,4,57.57190877911948,26.063638620518557,80.50657230265752,False
SKU-0145,Decor,Wall Art,2026-09-07,4,158.96218263154176,115.97362670310493,219.89547689303623,False
SKU-0177,Decor,Rugs,2026-09-07,4,5.033035717046853,1.662974714887543,7.332279589216866,False
SKU-0162,Small Appliances,Heaters,2026-09-07,4,133.41109217327067,78.06657024012134,161.67400625751745,False
SKU-0199,Furnishings,Chairs,2026-09-07,4,7.173633022553305,3.6279182214330734,11.265085150521193,False
SKU-0105,Small Appliances,Heaters,2026-09-07,4,36.261354695338134,17.915120942830395,47.32647098565022,False
SKU-0065,Decor,Rugs,2026-09-07,4,50.32290058492211,0.0,85.32949181724267,False
SKU-0103,Furnishings,Storage,2026-09-07,4,6.90206023627684,3.542600255214464,10.020196059032143,False
SKU-0011,Decor,Wall Art,2026-09-07,4,17.26168994473754,11.163721693774455,22.590996093320502,False
SKU-0068,Decor,Lighting,2026-09-07,4,15.887253894506948,9.538289067577791,23.809780192302732,False
SKU-0094,Decor,Rugs,2026-09-07,4,24.000300205667696,7.032599723244004,38.4503961417329,False
SKU-0080,Small Appliances,Fans,2026-09-07,4,106.28741204716478,33.91849747437019,167.63113073841325,False
SKU-0171,Decor,Rugs,2026-09-07,4,36.90986109355566,12.247747034073658,69.4384079921601,False
SKU-0166,Decor,Rugs,2026-09-07,4,17.670500423949083,0.0,37.13166660894176,False
SKU-0081,Decor,Vases,2026-09-07,4,6.694644769755779,2.5740423009897526,10.187766114598665,False
SKU-0093,Decor,Wall Art,2026-09-07,4,117.98915763471523,100.63041928086109,148.0523088786734,False
SKU-0082,Decor,Vases,2026-09-07,4,1.1612701407685002,0.018194034371034108,3.0060144680342553,False
SKU-0092,Decor,Rugs,2026-09-07,4,7.908696134438817,3.439099773734644,13.07087479083498,False
SKU-0147,Decor,Lighting,2026-09-07,4,8.078897256818848,3.7078203015722355,11.333637986264216,False
SKU-0148,Decor,Lighting,2026-09-07,4,22.813173899088437,15.190118126506563,29.48160232829893,False
SKU-0083,Small Appliances,Air Purifiers,2026-09-07,4,54.461905144266396,43.94121496992667,70.53999125718326,False
SKU-0084,Furnishings,Sofas,2026-09-07,4,43.41627239404131,29.87360104842353,60.57673472621394,False
SKU-0091,Furnishings,Tables,2026-09-07,4,26.706787939903577,0.5521117195311164,41.456929249337655,False
SKU-0170,Small Appliances,Air Purifiers,2026-09-07,4,23.157130067393354,16.6293223304486,32.671407975370286,False
SKU-0085,Furnishings,Chairs,2026-09-07,4,38.82877775782489,28.17421652751395,50.981918263072615,False
SKU-0086,Furnishings,Storage,2026-09-07,4,4.666507761335143,2.7273392365692293,7.147514185894652,False
SKU-0167,Small Appliances,Heaters,2026-09-07,4,5.567517005653212,1.9447527873823545,7.632678762145701,False
SKU-0087,Small Appliances,Fans,2026-09-07,4,1.0076694557591925,0.134030964961257,1.7463770635348876,False
SKU-0169,Decor,Vases,2026-09-07,4,5.69085968196526,2.2686639406007787,8.87565748606206,False
SKU-0168,Small Appliances,Air Purifiers,2026-09-07,4,153.3637148775046,124.52190617249389,205.37415351214116,False
SKU-0090,Decor,Vases,2026-09-07,4,22.734338988798417,13.594151574114498,30.402631402670238,False
SKU-0088,Decor,Rugs,2026-09-07,4,11.60358408647047,5.53440169742454,16.710030495557522,False
SKU-0089,Furnishings,Tables,2026-09-07,4,85.52194206269851,32.682200000735506,130.03809841407354,False
SKU-0079,Decor,Vases,2026-09-07,4,2.744455666108068,0.6744077737397577,4.120652932563658,False
SKU-0003,Small Appliances,Air Purifiers,2026-09-07,4,15.652694782538497,3.202774607591026,25.583445540349967,False
SKU-0078,Decor,Wall Art,2026-09-07,4,269.5156305418301,155.70967045530534,366.37312685137033,False
SKU-0095,Decor,Rugs,2026-09-07,4,25.638413532519294,13.735082206163545,35.395052529980106,False
SKU-0102,Decor,Rugs,2026-09-07,4,15.379130999950684,6.179162588086988,24.411614351713403,False
SKU-0175,Furnishings,Chairs,2026-09-07,4,5.116352433484205,2.3801406175942526,6.401263574336642,False
SKU-0101,Small Appliances,Heaters,2026-09-07,4,58.4570187865218,37.09233058202781,74.42244337822423,False
SKU-0069,Furnishings,Sofas,2026-09-07,4,37.672318415131414,22.776502731783836,53.03653902150326,False
SKU-0070,Decor,Vases,2026-09-07,4,22.728553100043733,0.0,45.097159521882446,False
SKU-0100,Small Appliances,Heaters,2026-09-07,4,4.798425709152196,2.5019697685744684,7.137377922220367,False
SKU-0071,Furnishings,Tables,2026-09-07,4,30.72872252364601,0.0,59.442752930469396,False
SKU-0174,Small Appliances,Fans,2026-09-07,4,208.48753495003518,139.8317766372094,294.8357688679676,False
SKU-0164,Furnishings,Tables,2026-09-07,4,39.5135282174653,30.952597519740934,47.4177737308037,False
SKU-0072,Decor,Lighting,2026-09-07,4,77.76315743571092,56.3162671324779,100.74905749179673,False
SKU-0099,Furnishings,Chairs,2026-09-07,4,5.352863213532975,2.996509318292283,6.83370596429605,False
SKU-0146,Furnishings,Sofas,2026-09-07,4,37.82771285471099,3.3441866206876245,60.50485020313596,False
SKU-0002,Decor,Wall Art,2026-09-07,4,19.462183204711966,13.99374001731471,25.412287613829783,False
SKU-0073,Small Appliances,Heaters,2026-09-07,4,1.8084292806252553,0.22766793237769628,3.7165306861324234,False
SKU-0098,Furnishings,Tables,2026-09-07,4,11.594869777770118,6.405329721209045,16.690488338597543,False
SKU-0074,Furnishings,Tables,2026-09-07,4,5.876283422668668,3.1866428904199666,7.306704114411694,False
SKU-0173,Furnishings,Sofas,2026-09-07,4,27.91223363019038,20.931437164256725,35.928809741703205,False
SKU-0075,Furnishings,Chairs,2026-09-07,4,14.067792718178293,0.8531638556157817,29.09286879648491,False
SKU-0076,Decor,Rugs,2026-09-07,4,12.806862896654177,0.0,28.071861014296754,False
SKU-0165,Decor,Lighting,2026-09-07,4,14.200001683330568,9.295807659807702,20.292829413329176,False
SKU-0077,Decor,Lighting,2026-09-07,4,41.7658020109893,22.79001246348166,54.86596619375629,False
SKU-0096,Decor,Vases,2026-09-07,4,9.098070179083948,3.764425578647619,13.866722034302128,False
SKU-0172,Decor,Lighting,2026-09-07,4,9.84460824001296,5.902530536088066,13.450651309362193,False
SKU-0001,Small Appliances,Air Purifiers,2026-09-07,4,31.824282950799248,21.109678391410057,42.21107023751671,False
SKU-0097,Decor,lighting,2026-09-07,4,9.280992182453708,0.0,17.69218066872824,False
SKU-0051,Furnishings,Tables,2026-09-07,4,25.294030257173098,17.68667969106906,31.561899103612177,False
SKU-0061,Decor,Lighting,2026-09-07,4,11.229103313516715,5.953811293111677,16.752539126384395,False
SKU-0131,Furnishings,Storage,2026-09-07,4,2.16188252216364,0.7455598680439666,3.5627938783547575,False
SKU-0024,Small Appliances,Kitchen Appliances,2026-09-07,4,5.934917041947025,3.3391488401284692,9.694595842352983,False
SKU-0025,Small Appliances,Fans,2026-09-07,4,18.395257320301734,4.86944121858382,27.74506530751033,False
SKU-0009,Furnishings,Chairs,2026-09-07,4,8.949477431908296,0.5737880524405646,14.424649847237818,False
SKU-0154,Decor,Lighting,2026-09-07,4,7.869256392904554,2.659546111180248,11.395601662778319,False
SKU-0026,Furnishings,Storage,2026-09-07,4,11.123707554835255,0.08134610822574681,19.66150277202235,False
SKU-0130,Decor,Lighting,2026-09-07,4,4.211463261019019,1.8221471327678442,6.655503495090976,False
SKU-0027,Decor,Lighting,2026-09-07,4,2.2604428609152936,0.40391896913880115,3.2938871700369505,False
SKU-0191,Small Appliances,Fans,2026-09-07,4,31.632572564900936,11.099504619811759,53.5309770655701,False
SKU-0129,Furnishings,Storage,2026-09-07,4,6.751447530254198,4.249609366212383,9.231451269563786,False
SKU-0028,Furnishings,Tables,2026-09-07,4,2.517888035133064,0.2753195130016828,4.526906034458835,False
SKU-0128,Furnishings,Chairs,2026-09-07,4,4.210011092825946,1.0945254810344844,7.271488228449883,False
SKU-0029,Furnishings,Chairs,2026-09-07,4,27.05071496429289,16.417477011208963,39.91416780277781,False
SKU-0192,Furnishings,Chairs,2026-09-07,4,168.68089838063378,116.95999033569232,202.82569234311381,False
SKU-0030,Decor,lighting,2026-09-07,4,17.01860481960685,0.06195043911713458,31.374953613795352,False
SKU-0155,Furnishings,Chairs,2026-09-07,4,112.46749307103862,84.46655180544455,135.99188315690103,False
SKU-0127,Decor,Rugs,2026-09-07,4,4.916219170341646,1.5145581243119504,8.29932311923211,False
SKU-0008,Small Appliances,Heaters,2026-09-07,4,19.422770456475913,10.301269626186311,25.66002827714002,False
SKU-0031,Small Appliances,Kitchen Appliances,2026-09-07,4,5.75511941549404,2.621401332757283,7.741576260940631,False
SKU-0032,Small Appliances,Heaters,2026-09-07,4,48.36082494880677,22.11829519604445,61.160833670746484,False
SKU-0126,Decor,Wall Art,2026-09-07,4,24.33008628245598,16.821847541265146,30.682810194068377,False
SKU-0033,Decor,Lighting,2026-09-07,4,8.316876314713966,3.5418716886623938,11.38934585753877,False
SKU-0125,Furnishings,Storage,2026-09-07,4,38.698071067851274,24.31563730446139,49.685973550535465,False
SKU-0189,Small Appliances,Fans,2026-09-07,4,25.41621021594483,15.019186475421888,34.043960148055035,False
SKU-0034,Decor,Lighting,2026-09-07,4,17.88478404597765,11.527788488777226,23.238834242612093,False
SKU-0035,Decor,Lighting,2026-09-07,4,35.717440219828696,23.946105173800603,44.77721438131909,False
SKU-0142,Decor,Vases,2026-09-07,4,34.19483742833882,11.214047531621759,58.404610062794795,False
SKU-0156,Decor,Vases,2026-09-07,4,3.0621930554021564,0.6031193341280444,5.372437377566093,False
SKU-0190,Furnishings,Sofas,2026-09-07,4,5.3602500317088895,2.3927219304070113,6.938322682066938,False
SKU-0197,Decor,Vases,2026-09-07,4,1.493443463530093,0.08305452102115268,2.93750953546435,False
SKU-0023,Small Appliances,Fans,2026-09-07,4,125.97629387138312,0.6196796128240832,214.84885473867368,False
SKU-0132,Small Appliances,Heaters,2026-09-07,4,49.34791986881658,24.530150602697617,65.48220946371232,False
SKU-0139,Small Appliances,Kitchen Appliances,2026-09-07,4,106.63704184128765,92.2461687624554,127.88031820181548,False
SKU-0012,Small Appliances,Air Purifiers,2026-09-07,4,10.77801208967599,0.5255773410835741,25.918375185453087,False
SKU-0196,Furnishings,Storage,2026-09-07,4,6.250736005225255,2.6246301606378406,8.785374066137042,False
SKU-0138,Decor,Vases,2026-09-07,4,63.719423775752624,37.753919253266154,84.4112444700297,False
SKU-0013,Decor,Rugs,2026-09-07,4,30.710656934204412,16.465361710826965,45.11818267359212,False
SKU-0014,Small Appliances,Heaters,2026-09-07,4,18.693028727786327,9.615515557135708,25.922484137119692,False
SKU-0140,Furnishings,Sofas,2026-09-07,4,31.25555425748551,19.886061208004158,40.51533114643493,False
SKU-0015,Decor,Lighting,2026-09-07,4,39.07158054034811,21.612812427386825,49.50419269866611,False
SKU-0151,Small Appliances,Fans,2026-09-07,4,5.014817785964164,1.723403540742141,6.319354197876733,False
SKU-0010,Decor,Vases,2026-09-07,4,20.06662149250983,10.147185485613587,27.673524247683574,False
SKU-0137,Small Appliances,Kitchen Appliances,2026-09-07,4,89.3371709115621,68.38550699645273,105.86369922543896,False
SKU-0195,Furnishings,Chairs,2026-09-07,4,43.33899209278347,19.949633622375234,63.96845597262569,False
SKU-0016,Furnishings,Storage,2026-09-07,4,3.327254232387479,1.6658432952788835,4.772478958524099,False
SKU-0152,Small Appliances,Fans,2026-09-07,4,18.251715536779567,1.65760380942177,27.11304028729019,False
SKU-0017,Decor,Lighting,2026-09-07,4,68.99508066059417,50.04450114321882,87.3304864567313,False
SKU-0136,Furnishings,Chairs,2026-09-07,4,24.87328049878957,4.0164790066984,39.654566223665476,False
SKU-0018,Furnishings,Chairs,2026-09-07,4,123.97622396064301,90.01727199396137,144.03143424464517,False
SKU-0135,Decor,Lighting,2026-09-07,4,96.48726400792997,71.41354423918472,115.6676707422141,False
SKU-0194,Small Appliances,Fans,2026-09-07,4,211.32363484172362,150.1232669903996,249.06193377601764,False
SKU-0141,Decor,Wall Art,2026-09-07,4,217.7554968579781,97.59775459259738,298.6343106933636,True
SKU-0150,Furnishings,Chairs,2026-09-07,4,67.66883548874073,48.37837641909726,84.6818522852953,False
SKU-0019,Small Appliances,Heaters,2026-09-07,4,2.049341411334576,0.3308583405071835,3.7136491781995566,False
SKU-0134,Decor,Rugs,2026-09-07,4,15.359829683241944,8.78173746736232,23.663730746613233,False
SKU-0020,Decor,Lighting,2026-09-07,4,12.94215662790705,7.8187697059984815,17.645684503660508,False
SKU-0193,Furnishings,Chairs,2026-09-07,4,91.34674505014365,58.67350606438581,117.61293415588136,False
SKU-0021,Small Appliances,Fans,2026-09-07,4,20.99969166735905,9.448268408835851,31.341630293496582,False
SKU-0153,Furnishings,Sofas,2026-09-07,4,47.52662702641605,30.279345893869717,63.75050873800895,False
SKU-0133,Decor,Vases,2026-09-07,4,9.684627348724893,0.006069151307405974,16.878087699875728,False
SKU-0022,Decor,Wall Art,2026-09-07,4,21.514720252374705,15.341988531821485,28.49780736920296,False
SKU-0124,Decor,Vases,2026-09-07,4,12.774585798879727,6.590426132806648,17.792749880657258,False
SKU-0188,Furnishings,Sofas,2026-09-07,4,20.84654955148768,7.433172672209977,31.961727685114816,False
SKU-0007,Small Appliances,Heaters,2026-09-07,4,19.59749872461153,10.128865801415174,26.378467766086573,False
SKU-0036,Furnishings,Tables,2026-09-07,4,4.724280166178411,1.6471440135950057,6.432701088069958,False
SKU-0114,Decor,Vases,2026-09-07,4,44.60310061042367,25.528483923219866,67.75875986011634,False
SKU-0183,Decor,Lighting,2026-09-07,4,57.2241951408112,9.08716923052353,81.37109423669602,False
SKU-0144,Decor,Rugs,2026-09-07,4,20.595627225580582,4.181304685832355,32.58656379118358,False
SKU-0149,Decor,rugs,2026-09-07,4,71.07702665596547,52.81760553658067,80.59704379381705,False
SKU-0113,Decor,Lighting,2026-09-07,4,91.08590609757272,61.01816546262565,113.08992943602605,False
SKU-0052,Furnishings,Sofas,2026-09-07,4,88.74757813564443,0.8116247069046658,152.1410350280653,False
SKU-0005,Furnishings,Storage,2026-09-07,4,156.7792750087167,139.893989765009,178.81058461169755,False
SKU-0112,Furnishings,Sofas,2026-09-07,4,75.50299879126769,7.522786121108113,114.37941926573086,False
SKU-0053,Small Appliances,Fans,2026-09-07,4,31.238970728027454,19.516086315052,40.459012770524396,False
SKU-0160,Small Appliances,Fans,2026-09-07,4,22.315856303857533,10.679424256028977,29.617018629247166,False
SKU-0054,Decor,Wall Art,2026-09-07,4,16.023830695687643,11.049385630552734,22.28313616273827,False
SKU-0182,Small Appliances,Kitchen Appliances,2026-09-07,4,4.8814324759288015,2.1256216767324614,7.824074493620548,False
SKU-0111,Decor,Rugs,2026-09-07,4,124.44174971378864,67.6744601858685,170.306398916308,False
SKU-0055,Small Appliances,Air Purifiers,2026-09-07,4,25.348633736059575,15.719790945792896,34.503571882912084,False
SKU-0110,Small Appliances,Fans,2026-09-07,4,50.37668251603236,39.72909046309582,67.8186849561206,False
SKU-0056,Small Appliances,Air Purifiers,2026-09-07,4,107.43160805146874,102.10964014554497,151.1413487297632,False
SKU-0181,Small Appliances,Air Purifiers,2026-09-07,4,2.9069702127298607,0.5583102475981858,4.715820892519674,True
SKU-0180,Small Appliances,Fans,2026-09-07,4,41.21601059125629,2.113140226004657,127.81629085676424,False
SKU-0109,Furnishings,Storage,2026-09-07,4,19.864328950783477,11.938378227770544,26.69963509654073,False
SKU-0004,Decor,Wall Art,2026-09-07,4,48.39789952725526,39.489836429930456,58.79807448012249,False
SKU-0057,Decor,Wall Art,2026-09-07,4,46.40870394893182,0.0,86.0567434678688,False
SKU-0058,Decor,Lighting,2026-09-07,4,56.63253971752156,37.036120323858256,74.5973616221572,False
SKU-0161,Furnishings,Tables,2026-09-07,4,7.322425090150602,3.909264934867542,10.972437097962374,False
SKU-0059,Furnishings,Tables,2026-09-07,4,19.678664285358636,12.638828727798964,24.57391832454016,False
SKU-0108,Furnishings,Tables,2026-09-07,4,46.345539883715105,4.421515455733775,63.34064181771996,False
SKU-0179,Small Appliances,Kitchen Appliances,2026-09-07,4,4.558475593592205,1.9472804819581788,7.900139351356593,False
SKU-0178,Small Appliances,Fans,2026-09-07,4,4.716076450061403,2.522117230771454,6.497717320872225,False
SKU-0107,Decor,Wall Art,2026-09-07,4,22.716385822547426,13.901835117925334,34.446908341757755,False
SKU-0060,Furnishings,Sofas,2026-09-07,4,10.016678240234407,5.922894491738977,13.098263422258807,False
SKU-0050,Furnishings,Chairs,2026-09-07,4,21.878863393361854,13.665110864309794,28.818832291091265,False
SKU-0106,Small Appliances,Fans,2026-09-07,4,12.596638878922253,6.623471105222904,15.543281347025726,False
SKU-0049,Decor,Lighting,2026-09-07,4,1.1700004539701514,0.0,2.7252233725200457,False
SKU-0115,Furnishings,Storage,2026-09-07,4,404.4173401115445,168.45476965245234,511.9787801038031,False
SKU-0123,Furnishings,Chairs,2026-09-07,4,68.95454279990021,35.58830317693808,98.33244946146674,False
SKU-0037,Furnishings,Tables,2026-09-07,4,63.304308230828596,54.458404597821755,73.69103088837082,False
SKU-0122,Decor,Wall Art,2026-09-07,4,41.795030223829286,33.438460308153424,48.59366747718793,False
SKU-0038,Decor,rugs,2026-09-07,4,50.18392301379498,18.1987323506718,81.90242334023776,False
SKU-0187,Decor,Vases,2026-09-07,4,5.823217117385377,2.7024657524977904,8.024829148432216,False
SKU-0039,Furnishings,Sofas,2026-09-07,4,55.02293885235153,43.587084543759424,67.46381057953364,False
SKU-0157,Decor,Vases,2026-09-07,4,9.8238516968343,5.070452105782542,13.90122022669962,False
SKU-0121,Decor,Lighting,2026-09-07,4,17.3524390514511,11.163999924855332,23.13716635061049,False
SKU-0040,Decor,vases,2026-09-07,4,3.17846370414274,0.8783331391840022,5.417803349302863,False
SKU-0041,Decor,Lighting,2026-09-07,4,2.566138883710577,0.8299033406616837,4.633145734796452,False
SKU-0120,Decor,Vases,2026-09-07,4,44.52712310020701,11.041984103245841,73.90495208363613,False
SKU-0143,Small Appliances,Fans,2026-09-07,4,1.2420592786205733,0.0,2.9133632629191095,False
SKU-0186,Decor,Wall Art,2026-09-07,4,2.377504675304605,0.3488543927823927,4.35868524300845,False
SKU-0119,Decor,Wall Art,2026-09-07,4,38.16407362101564,24.987778396494367,46.19961463935398,False
SKU-0042,Small Appliances,Kitchen Appliances,2026-09-07,4,137.19822731892202,127.99531457384376,165.58217588376985,False
SKU-0043,Small Appliances,Kitchen Appliances,2026-09-07,4,29.73978318374279,18.75045190901107,39.098177274724755,False
SKU-0044,Decor,Rugs,2026-09-07,4,20.95540879830234,6.1531303778332145,35.16718630250402,False
SKU-0158,Decor,Lighting,2026-09-07,4,71.44715059435214,47.764536440964285,94.89847627232744,False
SKU-0118,Small Appliances,Heaters,2026-09-07,4,42.598724873464306,20.052979853603123,52.600454063937455,False
SKU-0185,Small Appliances,Heaters,2026-09-07,4,12.618934223015696,7.034814658395886,18.000543620762873,False
SKU-0045,Small Appliances,Air Purifiers,2026-09-07,4,1.5335025800856281,0.143977703538658,3.067388847494331,False
SKU-0117,Small Appliances,Air Purifiers,2026-09-07,4,55.88956241959658,41.252446759256955,64.52152171902249,False
SKU-0198,Small Appliances,Air Purifiers,2026-09-07,4,3.6465228417444213,1.6924408995298583,4.898165617569459,False
SKU-0046,Small Appliances,Air Purifiers,2026-09-07,4,290.6730345791306,115.48920402685725,371.40681568001656,False
SKU-0116,Small Appliances,Heaters,2026-09-07,4,12.816339681199349,6.056089621768013,18.216445362541155,False
SKU-0006,Small Appliances,Air Purifiers,2026-09-07,4,8.872220081183732,4.4934460822461695,14.246186953381374,False
SKU-0047,Decor,Rugs,2026-09-07,4,22.49434218266117,6.722213793113037,36.82727311117907,False
SKU-0048,Decor,Vases,2026-09-07,4,118.93551873309957,82.82333479348272,144.23727942217513,False
SKU-0184,Decor,Vases,2026-09-07,4,70.52571138829893,51.196761787355385,86.94970623508061,False
SKU-0159,Small Appliances,Fans,2026-09-07,4,101.21965019875253,82.51171759341265,125.96517230470349,False
SKU-0200,Decor,Lighting,2026-09-07,4,48.61800402895109,3.618835421700957,81.36181939431742,False
SKU-0066,Decor,Rugs,2026-09-14,5,40.765755413599656,23.41946497997879,57.86520910135252,False
SKU-0104,Small Appliances,Air Purifiers,2026-09-14,5,40.93356687883469,28.820612780457804,51.53266870349413,False
SKU-0063,Decor,Rugs,2026-09-14,5,21.39387154334022,0.0,45.83847455889114,False
SKU-0163,Furnishings,Chairs,2026-09-14,5,72.65130043437779,48.52991306989236,90.92767932204447,False
SKU-0062,Decor,Lighting,2026-09-14,5,144.72807987841733,95.97748228669029,167.54045819078945,False
SKU-0176,Furnishings,Sofas,2026-09-14,5,143.05347137265358,119.00433322893606,179.6084743405142,False
SKU-0064,Small Appliances,Heaters,2026-09-14,5,3.5103613449126967,1.3423827363670693,6.515584774011529,False
SKU-0067,Decor,Rugs,2026-09-14,5,57.91547431056368,24.887932141418716,81.90921531582157,False
SKU-0145,Decor,Wall Art,2026-09-14,5,157.8458528278952,116.31114182691502,219.89249964869788,False
SKU-0177,Decor,Rugs,2026-09-14,5,5.0424606857661525,1.6131638675619009,7.366784331767083,False
SKU-0162,Small Appliances,Heaters,2026-09-14,5,136.68929209867045,76.46827338587735,164.7136586543359,False
SKU-0199,Furnishings,Chairs,2026-09-14,5,7.187066518884813,3.607411434995563,11.299589893071408,False
SKU-0105,Small Appliances,Heaters,2026-09-14,5,36.90796376427831,17.73568008571932,49.21669687198373,False
SKU-0065,Decor,Rugs,2026-09-14,5,50.44681405452377,0.0,86.09852462178529,False
SKU-0103,Furnishings,Storage,2026-09-14,5,6.914985179687296,3.500629919943304,10.020196059032143,False
SKU-0011,Decor,Wall Art,2026-09-14,5,17.28682328024537,11.2689986464406,22.733814242324566,False
SKU-0068,Decor,Lighting,2026-09-14,5,16.170553912806152,9.560084607520666,23.988305641833392,False
SKU-0094,Decor,Rugs,2026-09-14,5,24.045243673469066,6.875507521774979,39.1073267158119,False
SKU-0080,Small Appliances,Fans,2026-09-14,5,105.41068110223281,33.18507844007528,167.1139026618112,False
SKU-0171,Decor,Rugs,2026-09-14,5,37.13012400147471,12.37078753058977,69.84443150663073,False
SKU-0166,Decor,Rugs,2026-09-14,5,17.77089110171883,0.0,37.31105661417237,False
SKU-0081,Decor,Vases,2026-09-14,5,6.707181302593817,2.5535355145522423,10.2590235062933,False
SKU-0093,Decor,Wall Art,2026-09-14,5,117.64048325228268,99.24878273552642,148.34024048009024,False
SKU-0082,Decor,Vases,2026-09-14,5,1.168859824052967,0.005235786755800137,3.00490019545624,False
SKU-0092,Decor,Rugs,2026-09-14,5,7.92350612543989,3.3955282911039006,13.105379533385195,False
SKU-0147,Decor,Lighting,2026-09-14,5,8.222959393415376,3.7046111489504376,11.466516407535536,False
SKU-0148,Decor,Lighting,2026-09-14,5,23.29633727197438,15.295395079172708,29.72477298430206,False
SKU-0083,Small Appliances,Air Purifiers,2026-09-14,5,54.78691144996565,43.043626009938976,72.13859605265183,False
SKU-0084,Furnishings,Sofas,2026-09-14,5,43.49757462041664,29.54872197154542,60.73259558369698,False
SKU-0091,Furnishings,Tables,2026-09-14,5,26.75679963365613,0.29132120685311236,41.33109050018821,False
SKU-0170,Small Appliances,Air Purifiers,2026-09-14,5,23.20049459702996,16.721632082756468,33.71596461563771,False
SKU-0085,Furnishings,Chairs,2026-09-14,5,38.901489345095506,27.666435972178196,51.31696566422626,False
SKU-0086,Furnishings,Storage,2026-09-14,5,4.675246362082598,2.6943775041728655,7.147514185894652,False
SKU-0167,Small Appliances,Heaters,2026-09-14,5,5.666796445640509,1.9275288833169273,7.632678762145701,False
SKU-0087,Small Appliances,Fans,2026-09-14,5,1.0076694557591925,0.13403109331871815,1.7452627909568725,False
SKU-0169,Decor,Vases,2026-09-14,5,5.701516505700244,2.2120661626956464,8.946914877756695,False
SKU-0168,Small Appliances,Air Purifiers,2026-09-14,5,154.27892660703574,122.86379900078556,206.7578412029163,False
SKU-0090,Decor,Vases,2026-09-14,5,22.77691179095392,13.460154751914741,30.519535822624213,False
SKU-0088,Decor,Rugs,2026-09-14,5,11.625313202494095,5.444430023789722,16.74453523810774,False
SKU-0089,Furnishings,Tables,2026-09-14,5,86.03230192565945,32.028160520526654,129.83283838272447,False
SKU-0079,Decor,Vases,2026-09-14,5,2.749594991608375,0.6684870880614121,4.1195386599856425,False
SKU-0003,Small Appliances,Air Purifiers,2026-09-14,5,15.682006348557891,3.4292591571025604,25.700349960303942,False
SKU-0078,Decor,Wall Art,2026-09-14,5,267.62292671792864,156.1628836376205,366.3701496070319,False
SKU-0095,Decor,Rugs,2026-09-14,5,25.686424565848156,13.474966513066258,36.051983104059104,False
SKU-0102,Decor,Rugs,2026-09-14,5,15.407930284667387,6.160594881631738,24.592118629522027,False
SKU-0175,Furnishings,Chairs,2026-09-14,5,5.125933422842015,2.377846502769336,6.4357683168868585,False
SKU-0101,Small Appliances,Heaters,2026-09-14,5,59.499418851498646,35.4491565314352,77.88555424820524,False
SKU-0069,Furnishings,Sofas,2026-09-14,5,37.74286439227272,22.451623654905717,53.19239987898629,False
SKU-0070,Decor,Vases,2026-09-14,5,21.66613322915739,0.0,45.21406394183643,False
SKU-0100,Small Appliances,Heaters,2026-09-14,5,4.883990785422562,2.494213904542643,7.429569178355482,False
SKU-0071,Furnishings,Tables,2026-09-14,5,30.90330033452489,0.0,59.48839995872874,False
SKU-0174,Small Appliances,Fans,2026-09-14,5,205.51311965503984,138.8767391706781,294.3185407913656,False
SKU-0164,Furnishings,Tables,2026-09-14,5,39.58752208287291,29.61792461733378,47.53912984573652,False
SKU-0072,Decor,Lighting,2026-09-14,5,79.14982275061199,54.886422711609505,102.73952833894123,False
SKU-0099,Furnishings,Chairs,2026-09-14,5,5.362887097960292,2.9942152034673666,6.868210706846266,False
SKU-0146,Furnishings,Sofas,2026-09-14,5,37.89854982675369,2.9290516854352484,60.409804001010635,False
SKU-0002,Decor,Wall Art,2026-09-14,5,19.498628499008696,13.896864567360895,25.590813063360443,False
SKU-0073,Small Appliances,Heaters,2026-09-14,5,1.8376050381734323,0.230721205728941,3.747589302722422,False
SKU-0098,Furnishings,Tables,2026-09-14,5,11.616582575195679,6.375423591603724,16.690488338597543,False
SKU-0074,Furnishings,Tables,2026-09-14,5,5.8872874748069846,3.1770179896875645,7.306704114411694,False
SKU-0173,Furnishings,Sofas,2026-09-14,5,27.964502666938785,20.55085785695651,36.08467059918624,False
SKU-0075,Furnishings,Chairs,2026-09-14,5,14.09413636320139,0.847302536640826,29.12737353903513,False
SKU-0076,Decor,Rugs,2026-09-14,5,12.82915298235255,0.0,28.106365756846973,False
SKU-0165,Decor,Lighting,2026-09-14,5,14.453214778774782,9.281512208282956,20.425707834600498,False
SKU-0077,Decor,Lighting,2026-09-14,5,42.51056586713219,22.448739406166524,56.28778794946451,False
SKU-0096,Decor,Vases,2026-09-14,5,9.115107416978653,3.740831888650616,13.937979425996764,False
SKU-0172,Decor,Lighting,2026-09-14,5,10.020156368913225,5.932325471374397,13.583529730633513,False
SKU-0001,Small Appliances,Air Purifiers,2026-09-14,5,31.883877773524144,21.12855916005203,42.71463923686284,False
SKU-0097,Decor,lighting,2026-09-14,5,9.280992182453708,0.0,17.825059089999563,False
SKU-0051,Furnishings,Tables,2026-09-14,5,25.341396391125112,17.20000683511725,31.683255218545032,False
SKU-0061,Decor,Lighting,2026-09-14,5,11.429339628447318,5.847347545976263,16.885417547655717,False
SKU-0131,Furnishings,Storage,2026-09-14,5,2.1659309089209966,0.7220661756812041,3.5616796057767424,False
SKU-0024,Small Appliances,Kitchen Appliances,2026-09-14,5,5.946030892636091,3.3527241387886884,9.694595842352983,False
SKU-0025,Small Appliances,Fans,2026-09-14,5,18.395257320301734,4.660638709866413,27.74506530751033,False
SKU-0009,Furnishings,Chairs,2026-09-14,5,8.9662364118941,0.5554749736950794,14.459154589788033,False
SKU-0154,Decor,Lighting,2026-09-14,5,8.009580233318648,2.736863717726669,11.528480084049638,False
SKU-0026,Furnishings,Storage,2026-09-14,5,11.144538043955743,0.19349027764702792,19.66150277202235,False
SKU-0130,Decor,Lighting,2026-09-14,5,4.2865616780793525,1.867339056347605,6.748183141257661,False
SKU-0027,Decor,Lighting,2026-09-14,5,2.300750865565676,0.3666103399067017,3.2974177044482103,False
SKU-0191,Small Appliances,Fans,2026-09-14,5,31.632572564900936,10.693418878650657,53.5309770655701,False
SKU-0129,Furnishings,Storage,2026-09-14,5,6.764090433138261,4.207639030941222,9.231451269563786,False
SKU-0028,Furnishings,Tables,2026-09-14,5,2.5321928075125015,0.2625839321405661,4.526906034458835,False
SKU-0128,Furnishings,Chairs,2026-09-14,5,4.217894848294518,1.0886047953561386,7.3059929710001,False
SKU-0029,Furnishings,Chairs,2026-09-14,5,27.10137070303714,15.97567636917909,40.470745869857744,False
SKU-0192,Furnishings,Chairs,2026-09-14,5,168.68092864377323,113.07625290663199,203.55412411168697,False
SKU-0030,Decor,lighting,2026-09-14,5,16.87816386429929,0.0443302960534158,31.6538315703251,False
SKU-0155,Furnishings,Chairs,2026-09-14,5,112.69251764167284,83.03203565490776,138.30649016092684,False
SKU-0127,Decor,Rugs,2026-09-14,5,4.9254253859345045,1.5119389204927456,8.333827861782327,False
SKU-0008,Small Appliances,Heaters,2026-09-14,5,19.900030057789902,10.1066256830104,26.067160451943543,False
SKU-0031,Small Appliances,Kitchen Appliances,2026-09-14,5,5.765896573359849,2.6424245124183403,7.741576260940631,False
SKU-0032,Small Appliances,Heaters,2026-09-14,5,49.549155320419004,21.895406503094428,62.66764673654744,False
SKU-0126,Decor,Wall Art,2026-09-14,5,24.37564731461265,16.664530123329225,30.9370447302725,False
SKU-0033,Decor,Lighting,2026-09-14,5,8.465182071504653,3.6191892952088147,11.52222427881009,False
SKU-0125,Furnishings,Storage,2026-09-14,5,38.77053789102053,23.94088558054145,50.11828515818696,False
SKU-0189,Small Appliances,Fans,2026-09-14,5,25.41621021594483,14.629402426149317,34.29533079949663,False
SKU-0034,Decor,Lighting,2026-09-14,5,18.20370383420201,11.539053231897462,23.51771219914182,False
SKU-0035,Decor,Lighting,2026-09-14,5,36.354350256960835,23.746838407401526,46.27708354358223,False
SKU-0142,Decor,Vases,2026-09-14,5,34.258871401320995,11.031089234648153,58.997940779019146,False
SKU-0156,Decor,Vases,2026-09-14,5,3.067927382631719,0.6005001303088393,5.372437377566093,False
SKU-0190,Furnishings,Sofas,2026-09-14,5,5.370287748847548,2.3777926418538695,6.972827424617154,False
SKU-0197,Decor,Vases,2026-09-14,5,1.542856120890656,0.09794061950253083,2.936395262886335,False
SKU-0023,Small Appliances,Fans,2026-09-14,5,125.1562987564829,0.39548245705095275,214.84885473867368,False
SKU-0132,Small Appliances,Heaters,2026-09-14,5,50.56050530378543,24.348336982994148,68.49007602934122,False
SKU-0139,Small Appliances,Kitchen Appliances,2026-09-14,5,106.83673261245954,91.14829316029586,128.09172661598905,False
SKU-0012,Small Appliances,Air Purifiers,2026-09-14,5,10.83924476066626,0.3903210442998852,25.989632577147724,False
SKU-0196,Furnishings,Storage,2026-09-14,5,6.262441265158601,2.591418071610694,8.785374066137042,False
SKU-0138,Decor,Vases,2026-09-14,5,64.09967515454267,36.713234739326836,85.7502876253391,False
SKU-0013,Decor,Rugs,2026-09-14,5,30.768166357388854,16.19619060623719,45.553582581744834,False
SKU-0014,Small Appliances,Heaters,2026-09-14,5,19.152356991896028,9.600693513433976,26.419835132410963,False
SKU-0140,Furnishings,Sofas,2026-09-14,5,31.314084066877378,19.542969459513444,40.671192003917966,False
SKU-0015,Decor,Lighting,2026-09-14,5,39.768301292440235,21.379679563145743,51.250782704764816,False
SKU-0151,Small Appliances,Fans,2026-09-14,5,5.014817785964164,1.7078205097616506,6.319354197876733,False
SKU-0010,Decor,Vases,2026-09-14,5,20.104198670678542,10.00574078241299,27.79042866763755,False
SKU-0137,Small Appliances,Kitchen Appliances,2026-09-14,5,89.5044655799588,67.57420931023049,105.87676041695399,False
SKU-0195,Furnishings,Chairs,2026-09-14,5,43.420149602438535,19.50783298034539,65.05719692291953,False
SKU-0016,Furnishings,Storage,2026-09-14,5,3.33348491876135,1.6457258171387674,4.772478958524099,False
SKU-0152,Small Appliances,Fans,2026-09-14,5,18.30850915127405,1.5323721246839592,27.36329666615377,False
SKU-0017,Decor,Lighting,2026-09-14,5,70.22539445450028,48.8888060913802,90.21631093002817,False
SKU-0136,Furnishings,Chairs,2026-09-14,5,24.919858727879717,3.623460784542041,39.73471799447504,False
SKU-0018,Furnishings,Chairs,2026-09-14,5,123.97624620329046,88.07469451054057,144.55198143229006,False
SKU-0135,Decor,Lighting,2026-09-14,5,98.20781583146042,70.2768398019536,117.84346600681631,False
SKU-0194,Small Appliances,Fans,2026-09-14,5,208.30875794839824,149.1715784354699,248.38274059482134,False
SKU-0141,Decor,Wall Art,2026-09-14,5,214.41592722592813,99.48501209950375,298.73118465300416,True
SKU-0150,Furnishings,Chairs,2026-09-14,5,67.79555357571806,46.96517839189858,86.92705492358179,False
SKU-0019,Small Appliances,Heaters,2026-09-14,5,2.085885074776193,0.3268131184121679,3.744707794789556,False
SKU-0134,Decor,Rugs,2026-09-14,5,15.388592823906341,8.63891568628268,23.844235024421856,False
SKU-0020,Decor,Lighting,2026-09-14,5,13.172939948540261,7.7253968698581446,17.77856292493183,False
SKU-0193,Furnishings,Chairs,2026-09-14,5,91.25318355607813,57.26389372195772,118.80692973862855,False
SKU-0021,Small Appliances,Fans,2026-09-14,5,20.99969166735905,9.239465900118443,31.341630293496582,False
SKU-0153,Furnishings,Sofas,2026-09-14,5,47.05138116817557,28.837760256889585,63.90636959549195,False
SKU-0133,Decor,Vases,2026-09-14,5,9.74792291770961,0.0,16.949345091570365,False
SKU-0022,Decor,Wall Art,2026-09-14,5,21.55500917078956,15.380327644489265,28.67633281873362,False
SKU-0124,Decor,Vases,2026-09-14,5,12.798507757380571,6.445739555453868,17.864007272351895,False
SKU-0188,Furnishings,Sofas,2026-09-14,5,20.88558723937109,7.1813502927264246,32.04187945592438,False
SKU-0007,Small Appliances,Heaters,2026-09-14,5,20.079051778488097,10.114043757713441,26.785599940890094,False
SKU-0036,Furnishings,Tables,2026-09-14,5,4.73312695274832,1.653858501644885,6.432701088069958,False
SKU-0114,Decor,Vases,2026-09-14,5,44.86927361545762,25.27393797580564,69.09780301542574,False
SKU-0183,Decor,Lighting,2026-09-14,5,58.244611610403425,8.766385033687047,82.40765431310167,False
SKU-0144,Decor,Rugs,2026-09-14,5,20.63419503103009,4.1955025167174185,32.76706806899221,False
SKU-0149,Decor,rugs,2026-09-14,5,71.68169306645957,51.66191048474205,82.56387344853741,False
SKU-0113,Decor,Lighting,2026-09-14,5,92.7101414144869,59.87826673116539,114.85203877789574,False
SKU-0052,Furnishings,Sofas,2026-09-14,5,89.27718727130012,0.8153662316491803,151.97027973926652,False
SKU-0005,Furnishings,Storage,2026-09-14,5,157.0728631821101,139.90316270439794,180.6486817624464,False
SKU-0112,Furnishings,Sofas,2026-09-14,5,75.86193363932696,6.867354562697994,114.4620723527626,False
SKU-0053,Small Appliances,Fans,2026-09-14,5,31.238970728027454,18.696316994829235,40.459012770524396,False
SKU-0160,Small Appliances,Fans,2026-09-14,5,22.315856303857533,10.51823054019721,29.86838928068876,False
SKU-0054,Decor,Wall Art,2026-09-14,5,16.05383725863706,11.02854371232135,22.46166161226893,False
SKU-0182,Small Appliances,Kitchen Appliances,2026-09-14,5,4.89057354922482,2.144774473277049,7.824074493620548,False
SKU-0111,Decor,Rugs,2026-09-14,5,124.95040472017682,67.43331971618406,170.4136954236654,False
SKU-0055,Small Appliances,Air Purifiers,2026-09-14,5,25.396102121636535,15.758064104918475,35.00714088225821,False
SKU-0110,Small Appliances,Fans,2026-09-14,5,50.37668251603236,37.91214075701271,67.8186849561206,False
SKU-0056,Small Appliances,Air Purifiers,2026-09-14,5,108.07271581212534,100.72644147052384,152.03173490969277,False
SKU-0181,Small Appliances,Air Purifiers,2026-09-14,5,2.9124138663940142,0.5531206024429831,4.715820892519674,True
SKU-0180,Small Appliances,Fans,2026-09-14,5,43.24200995257135,1.6119446804129258,128.10603743397022,False
SKU-0109,Furnishings,Storage,2026-09-14,5,19.901527311676674,12.183189320385198,26.74528212480007,False
SKU-0004,Decor,Wall Art,2026-09-14,5,48.48853045355274,38.34635201369961,59.34192600580632,False
SKU-0057,Decor,Wall Art,2026-09-14,5,46.67236378493366,0.0,85.97971317385449,False
SKU-0058,Decor,Lighting,2026-09-14,5,57.64240584321183,35.951530432278645,77.48318609545407,False
SKU-0161,Furnishings,Tables,2026-09-14,5,7.336137217642632,3.8848676062807987,10.972437097962374,False
SKU-0059,Furnishings,Tables,2026-09-14,5,19.71551496668779,12.600965795026305,24.619565352799498,False
SKU-0108,Furnishings,Tables,2026-09-14,5,46.16789715220838,4.08391940322272,63.21109087304444,False
SKU-0179,Small Appliances,Kitchen Appliances,2026-09-14,5,4.567011891026333,1.964358394431876,7.900139351356593,False
SKU-0178,Small Appliances,Fans,2026-09-14,5,4.716076450061403,2.497525596916168,6.49660304829421,False
SKU-0107,Decor,Wall Art,2026-09-14,5,22.75892500522557,13.928705776276654,34.62543379128842,False
SKU-0060,Furnishings,Sofas,2026-09-14,5,10.035435682937576,5.896878904282889,13.132768164809022,False
SKU-0050,Furnishings,Chairs,2026-09-14,5,21.91983421389426,13.616419915037007,28.898984061900823,False
SKU-0106,Small Appliances,Fans,2026-09-14,5,12.518548180620499,6.5055381854128225,15.543281347025726,False
SKU-0049,Decor,Lighting,2026-09-14,5,1.190863792104026,0.0,2.7598125235213042,False
SKU-0115,Furnishings,Storage,2026-09-14,5,405.1746605428666,169.03460071099815,525.910796028937,False
SKU-0123,Furnishings,Chairs,2026-09-14,5,69.0836685294756,35.22994775042908,99.17028335215221,False
SKU-0037,Furnishings,Tables,2026-09-14,5,63.682082370356866,53.21910204086131,73.81238700330363,False
SKU-0122,Decor,Wall Art,2026-09-14,5,41.873296477960494,33.16760589131372,49.5924669228551,False
SKU-0038,Decor,rugs,2026-09-14,5,50.61084763375894,16.839998642871404,82.6643305778407,False
SKU-0187,Decor,Vases,2026-09-14,5,5.834121796442424,2.6965450668194446,8.096086540126851,False
SKU-0039,Furnishings,Sofas,2026-09-14,5,55.125975966864914,42.50599008110209,67.61967143701666,False
SKU-0157,Decor,Vases,2026-09-14,5,9.842248048489846,4.925765528429762,13.972477618394255,False
SKU-0121,Decor,Lighting,2026-09-14,5,17.661866113764972,11.067124474901517,23.416044307140215,False
SKU-0040,Decor,vases,2026-09-14,5,3.184415762238714,0.8708517316316985,5.417803349302863,False
SKU-0041,Decor,Lighting,2026-09-14,5,2.6932728363921528,0.8750952642414443,4.633145734796452,False
SKU-0120,Decor,Vases,2026-09-14,5,44.58357851111738,10.908290301111691,73.92839093920664,False
SKU-0143,Small Appliances,Fans,2026-09-14,5,1.1882117518787174,0.0,2.912248990341094,False
SKU-0186,Decor,Wall Art,2026-09-14,5,2.3819568406486424,0.3907448345030128,4.451364889175135,False
SKU-0119,Decor,Wall Art,2026-09-14,5,38.235540469315744,24.64650533917923,46.743466165037816,False
SKU-0042,Small Appliances,Kitchen Appliances,2026-09-14,5,137.45514760987973,127.00960409284153,165.79358429794334,False
SKU-0043,Small Appliances,Kitchen Appliances,2026-09-14,5,29.795474528287837,18.96106100300419,39.21953338965757,False
SKU-0044,Decor,Rugs,2026-09-14,5,20.994650338304773,6.026849116555524,35.34769058031265,False
SKU-0158,Decor,Lighting,2026-09-14,5,72.72118946886167,46.608841389125665,97.58595352296584,False
SKU-0118,Small Appliances,Heaters,2026-09-14,5,43.358341331809434,19.79957858345903,55.24412627446406,False
SKU-0185,Small Appliances,Heaters,2026-09-14,5,12.843953872102619,7.017631561239429,18.26167626030799,False
SKU-0045,Small Appliances,Air Purifiers,2026-09-14,5,1.545385027465706,0.12348967120540223,3.09844746408433,False
SKU-0117,Small Appliances,Air Purifiers,2026-09-14,5,55.99422239165994,40.29363054601796,65.92796366013054,False
SKU-0198,Small Appliances,Air Purifiers,2026-09-14,5,3.653351397242498,1.6079448761105621,4.898165617569459,False
SKU-0046,Small Appliances,Air Purifiers,2026-09-14,5,291.2173550275576,115.37984305014766,385.67217588268915,False
SKU-0116,Small Appliances,Heaters,2026-09-14,5,13.044879445863648,6.036241594524527,18.477578002086272,False
SKU-0006,Small Appliances,Air Purifiers,2026-09-14,5,8.888834387426918,4.462404511248329,14.31744434507601,False
SKU-0047,Decor,Rugs,2026-09-14,5,22.53646556174127,6.490580509328799,37.0077773889877,False
SKU-0048,Decor,Vases,2026-09-14,5,119.66058403838812,81.40230648715144,144.93586477085285,False
SKU-0184,Decor,Vases,2026-09-14,5,70.94657989913053,50.00167497452015,88.28874939039001,False
SKU-0159,Small Appliances,Fans,2026-09-14,5,100.38472160415041,80.68599853850444,125.44794422810146,False
SKU-0200,Decor,Lighting,2026-09-14,5,49.484955707480935,3.0713237701018707,81.42979207738567,False
SKU-0066,Decor,Rugs,2026-09-21,6,40.765755413599656,23.377965814180882,57.88899291240295,False
SKU-0104,Small Appliances,Air Purifiers,2026-09-21,6,40.93356687883469,28.686892159138722,52.41399369434823,False
SKU-0063,Decor,Rugs,2026-09-21,6,21.39387154334022,0.0,45.83153575192575,False
SKU-0163,Furnishings,Chairs,2026-09-21,6,72.65130043437779,48.35833416643274,90.95146313309493,False
SKU-0062,Decor,Lighting,2026-09-21,6,144.72807987841733,95.82791220794564,167.5262435827673,False
SKU-0176,Furnishings,Sofas,2026-09-21,6,143.05347137265358,118.83275432547646,179.59425973249205,False
SKU-0064,Small Appliances,Heaters,2026-09-21,6,3.552101008225322,1.3408777050241785,7.034920503457625,False
SKU-0067,Decor,Rugs,2026-09-21,6,57.91547431056368,24.754211520099634,81.93299912687203,False
SKU-0145,Decor,Wall Art,2026-09-21,6,157.8458528278952,116.16157174817037,219.87828504067573,False
SKU-0177,Decor,Rugs,2026-09-21,6,5.077716399672514,1.6136541598993464,7.371663365205352,False
SKU-0162,Small Appliances,Heaters,2026-09-21,6,136.68929209867045,77.32942727365497,167.38372814142647,False
SKU-0199,Furnishings,Chairs,2026-09-21,6,7.187066518884813,3.607901727333009,11.311407733475072,False
SKU-0105,Small Appliances,Heaters,2026-09-21,6,36.90796376427831,17.700986537932618,49.86853426045723,False
SKU-0065,Decor,Rugs,2026-09-21,6,48.2089228430377,0.0,86.12958423389249,False
SKU-0103,Furnishings,Storage,2026-09-21,6,6.914985179687296,3.50112021228075,10.268164464680591,False
SKU-0011,Decor,Wall Art,2026-09-21,6,17.28682328024537,11.269488938778045,22.719599634302426,False
SKU-0068,Decor,Lighting,2026-09-21,6,16.170553912806152,9.558579576177776,23.974091033811252,False
SKU-0094,Decor,Rugs,2026-09-21,6,24.045243673469066,6.8759978141124245,39.13111052686233,False
SKU-0080,Small Appliances,Fans,2026-09-21,6,100.06009670871401,33.03550836133063,167.17207469959226,False
SKU-0171,Decor,Rugs,2026-09-21,6,37.13012400147471,12.216646289006837,69.86821531768119,False
SKU-0166,Decor,Rugs,2026-09-21,6,17.77089110171883,0.0,37.30411780720697,False
SKU-0081,Decor,Vases,2026-09-21,6,6.707181302593817,2.554025806889688,10.393050615728196,False
SKU-0093,Decor,Wall Art,2026-09-21,6,117.64048325228268,99.16146459978003,148.3260258720681,False
SKU-0082,Decor,Vases,2026-09-21,6,1.168859824052967,0.0057260790932458505,3.1701089310900907,False
SKU-0092,Decor,Rugs,2026-09-21,6,7.92350612543989,3.3960185834413465,13.110258566823461,False
SKU-0147,Decor,Lighting,2026-09-21,6,8.222959393415376,3.7031061176075473,11.471395440973803,False
SKU-0148,Decor,Lighting,2026-09-21,6,23.29633727197438,15.309563912805475,29.71055837627992,False
SKU-0083,Small Appliances,Air Purifiers,2026-09-21,6,54.78691144996565,42.91665697470683,73.01992104350593,False
SKU-0084,Furnishings,Sofas,2026-09-21,6,43.49757462041664,29.415001350226337,60.718380975674826,False
SKU-0091,Furnishings,Tables,2026-09-21,6,27.026505375658562,0.29181149919055815,41.2986372364946,False
SKU-0170,Small Appliances,Air Purifiers,2026-09-21,6,23.20049459702996,16.722122375093914,34.42328981174655,False
SKU-0085,Furnishings,Chairs,2026-09-21,6,38.901489345095506,27.532715350859114,51.30275105620411,False
SKU-0086,Furnishings,Storage,2026-09-21,6,4.675246362082598,2.6948677965103114,7.402421398508499,False
SKU-0167,Small Appliances,Heaters,2026-09-21,6,5.666796445640509,1.9416977169496945,7.9313752574922285,False
SKU-0087,Small Appliances,Fans,2026-09-21,6,0.9154129624969388,0.13452138565616387,1.769366314088086,False
SKU-0169,Decor,Vases,2026-09-21,6,5.701516505700244,2.2125564550330923,9.08788079415699,False
SKU-0168,Small Appliances,Air Purifiers,2026-09-21,6,154.27892660703574,121.26061595815462,208.25015917081586,False
SKU-0090,Decor,Vases,2026-09-21,6,22.77691179095392,13.460645044252185,30.802648096183347,False
SKU-0088,Decor,Rugs,2026-09-21,6,11.625313202494095,5.444920316127168,16.749414271546012,False
SKU-0089,Furnishings,Tables,2026-09-21,6,86.03230192565945,32.00211389459022,129.8186237747024,False
SKU-0079,Decor,Vases,2026-09-21,6,2.749594991608375,0.668977380398858,4.2486867359822735,False
SKU-0003,Small Appliances,Air Purifiers,2026-09-21,6,15.7916512944993,3.619921703394367,26.40767515641279,False
SKU-0078,Decor,Wall Art,2026-09-21,6,270.1221144072012,156.23675218447661,366.3559349990098,False
SKU-0095,Decor,Rugs,2026-09-21,6,25.686424565848156,13.475456805403702,36.07576691510953,False
SKU-0102,Decor,Rugs,2026-09-21,6,15.407930284667387,6.161085173969184,24.596997662960298,False
SKU-0175,Furnishings,Chairs,2026-09-21,6,5.125933422842015,2.3783367951067818,6.440647350325127,False
SKU-0101,Small Appliances,Heaters,2026-09-21,6,59.499418851498646,35.31543591011612,78.43235623861797,False
SKU-0069,Furnishings,Sofas,2026-09-21,6,37.74286439227272,22.452113947243163,53.17818527096414,False
SKU-0070,Decor,Vases,2026-09-21,6,21.66613322915739,0.0,45.148959391897854,False
SKU-0100,Small Appliances,Heaters,2026-09-21,6,4.883990785422562,2.4927088731997524,7.735204480667408,False
SKU-0071,Furnishings,Tables,2026-09-21,6,30.208580450033637,0.0,59.45594669503513,False
SKU-0174,Small Appliances,Fans,2026-09-21,6,199.0488974639067,140.4449071547195,297.5654823167788,False
SKU-0164,Furnishings,Tables,2026-09-21,6,39.58752208287291,29.4842039960147,47.52491523771437,False
SKU-0072,Decor,Lighting,2026-09-21,6,79.14982275061199,54.729323518000925,102.7253137309191,False
SKU-0099,Furnishings,Chairs,2026-09-21,6,5.362887097960292,2.9947054958048125,6.88002854724993,False
SKU-0146,Furnishings,Sofas,2026-09-21,6,37.89854982675369,2.9295419777726943,60.395589392988484,False
SKU-0002,Decor,Wall Art,2026-09-21,6,19.498628499008696,13.89735485969834,25.576598455338303,False
SKU-0073,Small Appliances,Heaters,2026-09-21,6,1.8376050381734323,0.24489003936170847,4.088081097910292,False
SKU-0098,Furnishings,Tables,2026-09-21,6,11.616582575195679,6.37591388394117,16.695367372035815,False
SKU-0074,Furnishings,Tables,2026-09-21,6,5.8872874748069846,3.1775082820250105,7.31158314784996,False
SKU-0173,Furnishings,Sofas,2026-09-21,6,27.964502666938785,20.551348149293958,36.07045599116409,False
SKU-0075,Furnishings,Chairs,2026-09-21,6,13.925017316476781,0.8477928289782718,29.120434732069736,False
SKU-0076,Decor,Rugs,2026-09-21,6,12.82915298235255,0.0,28.07391249315337,False
SKU-0165,Decor,Lighting,2026-09-21,6,14.453214778774782,9.332621888323592,20.437525675004164,False
SKU-0077,Decor,Lighting,2026-09-21,6,42.51056586713219,22.414045858379822,56.27357334144236,False
SKU-0096,Decor,Vases,2026-09-21,6,9.115107416978653,3.741322180988062,14.07200653543166,False
SKU-0172,Decor,Lighting,2026-09-21,6,10.020156368913225,5.897631923587695,13.58840876407178,False
SKU-0001,Small Appliances,Air Purifiers,2026-09-21,6,31.883877773524144,21.087059994254123,43.595964227716934,False
SKU-0097,Decor,lighting,2026-09-21,6,9.072616821794703,0.0,18.022391864154066,False
SKU-0051,Furnishings,Tables,2026-09-21,6,25.341396391125112,17.200497127454696,31.675979417488282,False
SKU-0061,Decor,Lighting,2026-09-21,6,11.429339628447318,5.846786618457899,16.89029658109399,False
SKU-0131,Furnishings,Storage,2026-09-21,6,2.1659309089209966,0.7225564680186499,3.6691409380080597,False
SKU-0024,Small Appliances,Kitchen Appliances,2026-09-21,6,5.946030892636091,3.3532144311261343,9.780664867859423,False
SKU-0025,Small Appliances,Fans,2026-09-21,6,18.02091399738319,4.661129002203859,27.690386736867296,False
SKU-0009,Furnishings,Chairs,2026-09-21,6,8.9662364118941,0.4107906256976256,14.4640336232263,False
SKU-0154,Decor,Lighting,2026-09-21,6,8.009580233318648,2.7510325513594363,11.533359117487905,False
SKU-0026,Furnishings,Storage,2026-09-21,6,11.377572668796471,0.09911047448501258,19.95497119381837,False
SKU-0130,Decor,Lighting,2026-09-21,6,4.2865616780793525,1.8658340250047143,6.75306217469593,False
SKU-0027,Decor,Lighting,2026-09-21,6,2.300750865565676,0.5019872759225658,3.3191165161901224,False
SKU-0191,Small Appliances,Fans,2026-09-21,6,30.35413859835815,10.631499092588896,53.589149103351154,False
SKU-0129,Furnishings,Storage,2026-09-21,6,6.764090433138261,4.208129323278668,9.479419675212235,False
SKU-0028,Furnishings,Tables,2026-09-21,6,2.5321928075125015,0.26307422447801176,4.519967227493438,False
SKU-0128,Furnishings,Chairs,2026-09-21,6,4.217894848294518,1.089095087693584,7.273539707306493,False
SKU-0029,Furnishings,Chairs,2026-09-21,6,27.668066041106986,15.976166661516535,40.49452968090817,False
SKU-0192,Furnishings,Chairs,2026-09-21,6,168.68092864377323,112.90467400317239,203.53990950366483,False
SKU-0030,Decor,lighting,2026-09-21,6,16.297416198383726,0.04482058839086152,31.88916276355217,False
SKU-0155,Furnishings,Chairs,2026-09-21,6,112.69251764167284,82.86045675144815,138.2922755529047,False
SKU-0127,Decor,Rugs,2026-09-21,6,4.9254253859345045,1.512429212830191,8.338706895220595,False
SKU-0008,Small Appliances,Heaters,2026-09-21,6,19.900030057789902,10.106064755492035,26.384027295852945,False
SKU-0031,Small Appliances,Kitchen Appliances,2026-09-21,6,5.765896573359849,2.642914804755786,7.827645286447072,False
SKU-0032,Small Appliances,Heaters,2026-09-21,6,47.98433743301218,21.860712955307726,63.382892436993245,False
SKU-0126,Decor,Wall Art,2026-09-21,6,24.37564731461265,16.66502041566667,30.92283012225036,False
SKU-0033,Decor,Lighting,2026-09-21,6,8.524368658347202,3.6176842638659243,11.534042119213753,False
SKU-0125,Furnishings,Storage,2026-09-21,6,38.77053789102053,23.80716495922237,50.34689501792657,False
SKU-0189,Small Appliances,Fans,2026-09-21,6,24.389011230652393,14.629892718486762,34.35350283727769,False
SKU-0034,Decor,Lighting,2026-09-21,6,18.20370383420201,11.537548200554571,23.50349759111968,False
SKU-0035,Decor,Lighting,2026-09-21,6,36.354350256960835,23.712144859614824,46.26286893556008,False
SKU-0142,Decor,Vases,2026-09-21,6,34.258871401320995,11.031579526985597,59.413847894711644,False
SKU-0156,Decor,Vases,2026-09-21,6,3.067927382631719,0.6009904226462851,5.501585453562724,False
SKU-0190,Furnishings,Sofas,2026-09-21,6,5.370287748847548,2.3782829341913154,6.977706458055423,False
SKU-0197,Decor,Vases,2026-09-21,6,1.542856120890656,0.09843091183997651,3.0445180499926874,False
SKU-0023,Small Appliances,Fans,2026-09-21,6,115.79177091545434,0.489771624170952,214.8660194548395,False
SKU-0132,Small Appliances,Heaters,2026-09-21,6,50.56050530378543,24.27165397707209,69.03687801975396,False
SKU-0139,Small Appliances,Kitchen Appliances,2026-09-21,6,106.83673261245954,91.10023770964447,128.07276024343471,False
SKU-0012,Small Appliances,Air Purifiers,2026-09-21,6,10.83924476066626,0.390811336637331,26.450257303947353,False
SKU-0196,Furnishings,Storage,2026-09-21,6,6.262441265158601,2.5919083639481397,9.040281278750887,False
SKU-0138,Decor,Vases,2026-09-21,6,64.09967515454267,36.58626570409469,86.03339989889822,False
SKU-0013,Decor,Rugs,2026-09-21,6,30.768166357388854,16.196680898574638,45.57736639279526,False
SKU-0014,Small Appliances,Heaters,2026-09-21,6,19.152356991896028,9.599188482091085,26.691871204706107,False
SKU-0140,Furnishings,Sofas,2026-09-21,6,31.96886812378259,19.54345975185089,40.656977395895815,False
SKU-0015,Decor,Lighting,2026-09-21,6,39.768301292440235,21.34498601535904,51.236568096742666,False
SKU-0151,Small Appliances,Fans,2026-09-21,6,4.527348883308997,1.708310802099096,6.377526235657792,False
SKU-0010,Decor,Vases,2026-09-21,6,20.104198670678542,10.006231074750435,27.905097231163605,False
SKU-0137,Small Appliances,Kitchen Appliances,2026-09-21,6,89.5044655799588,67.5261538595791,105.85779404439967,False
SKU-0195,Furnishings,Chairs,2026-09-21,6,43.420149602438535,19.37411235902631,65.08098073397,False
SKU-0016,Furnishings,Storage,2026-09-21,6,3.33348491876135,1.6267115640900287,5.020447364172549,False
SKU-0152,Small Appliances,Fans,2026-09-21,6,17.619327218490966,1.7230346709757658,27.056625950296954,False
SKU-0017,Decor,Lighting,2026-09-21,6,70.22539445450028,48.739236012635544,90.20209632200604,False
SKU-0136,Furnishings,Chairs,2026-09-21,6,25.17104829766461,3.6239510768794867,39.74026314985401,False
SKU-0018,Furnishings,Chairs,2026-09-21,6,123.97624620329046,87.90311560708096,144.53776682426792,False
SKU-0135,Decor,Lighting,2026-09-21,6,98.20781583146042,70.1050327946222,117.82925139879418,False
SKU-0194,Small Appliances,Fans,2026-09-21,6,201.75660157999872,149.8068427233875,251.4842226336812,False
SKU-0141,Decor,Wall Art,2026-09-21,6,216.41824314212687,97.9443877442693,298.57334547850184,True
SKU-0150,Furnishings,Chairs,2026-09-21,6,67.79555357571806,46.811037150315656,86.95083873463226,False
SKU-0019,Small Appliances,Heaters,2026-09-21,6,2.0756904679433736,0.32530808706927733,4.034850232214448,False
SKU-0134,Decor,Rugs,2026-09-21,6,15.388592823906341,8.639405978620124,23.830020416399716,False
SKU-0020,Decor,Lighting,2026-09-21,6,13.172939948540261,7.72483594233978,17.7834419583701,False
SKU-0193,Furnishings,Chairs,2026-09-21,6,91.25318355607813,57.0923148184981,118.83071354967902,False
SKU-0021,Small Appliances,Fans,2026-09-21,6,20.150986774344243,9.239956192455887,31.39980233127763,False
SKU-0153,Furnishings,Sofas,2026-09-21,6,44.247525767567566,28.704039635570503,63.89215498746982,False
SKU-0133,Decor,Vases,2026-09-21,6,9.74792291770961,0.0,17.238985800403487,False
SKU-0022,Decor,Wall Art,2026-09-21,6,21.55500917078956,15.380817936826709,28.66211821071148,False
SKU-0124,Decor,Vases,2026-09-21,6,12.798507757380571,6.446229847791314,17.998034381786795,False
SKU-0188,Furnishings,Sofas,2026-09-21,6,20.634975884891208,7.1818405850638705,32.02766484790223,False
SKU-0007,Small Appliances,Heaters,2026-09-21,6,20.079051778488097,10.079350209926737,27.171176618774613,False
SKU-0036,Furnishings,Tables,2026-09-21,6,4.73312695274832,1.6543487939823305,6.437580121508227,False
SKU-0114,Decor,Vases,2026-09-21,6,44.86927361545762,25.14021735448656,69.51371013111824,False
SKU-0183,Decor,Lighting,2026-09-21,6,58.244611610403425,8.857606274545036,82.39343970507954,False
SKU-0144,Decor,Rugs,2026-09-21,6,20.63419503103009,4.195992809054864,32.79085188004264,False
SKU-0149,Decor,rugs,2026-09-21,6,71.68169306645957,51.613855034090655,82.58765725958787,False
SKU-0113,Decor,Lighting,2026-09-21,6,92.7101414144869,59.72869665242074,114.83782416987361,False
SKU-0052,Furnishings,Sofas,2026-09-21,6,83.72356050692225,0.8892347785053301,151.9378264755729,False
SKU-0005,Furnishings,Storage,2026-09-21,6,157.0728631821101,139.75359262565325,181.48828459923146,False
SKU-0112,Furnishings,Sofas,2026-09-21,6,74.10532500837789,6.695775659238377,114.429619089069,False
SKU-0053,Small Appliances,Fans,2026-09-21,6,29.976444223848667,18.654817829031327,40.51718480830545,False
SKU-0160,Small Appliances,Fans,2026-09-21,6,21.413958469503232,10.518720832534655,29.92656131846982,False
SKU-0054,Decor,Wall Art,2026-09-21,6,16.05383725863706,11.029034004658794,22.44744700424679,False
SKU-0182,Small Appliances,Kitchen Appliances,2026-09-21,6,4.9487245124144374,2.145264765614495,7.7966029135376145,False
SKU-0111,Decor,Rugs,2026-09-21,6,124.95040472017682,67.38526426553267,170.39948081564324,False
SKU-0055,Small Appliances,Air Purifiers,2026-09-21,6,25.396102121636535,15.758554397255919,35.71446607836705,False
SKU-0110,Small Appliances,Fans,2026-09-21,6,48.3407032444097,37.80718054649553,67.87685699390167,False
SKU-0056,Small Appliances,Air Purifiers,2026-09-21,6,108.07271581212534,102.0491620042495,153.96817950213364,False
SKU-0181,Small Appliances,Air Purifiers,2026-09-21,6,2.9124138663940142,0.5536108947804289,5.268692175569175,True
SKU-0180,Small Appliances,Fans,2026-09-21,6,41.71650888638862,1.6744055104690159,128.16420947175132,False
SKU-0109,Furnishings,Storage,2026-09-21,6,19.901527311676674,12.183679612722642,26.97415688898811,False
SKU-0004,Decor,Wall Art,2026-09-21,6,48.48853045355274,38.21263139238053,59.32771139778417,False
SKU-0057,Decor,Wall Art,2026-09-21,6,47.43327229995148,0.0,85.9727743668891,False
SKU-0058,Decor,Lighting,2026-09-21,6,57.64240584321183,35.81962611928246,77.46897148743194,False
SKU-0161,Furnishings,Tables,2026-09-21,6,7.336137217642632,3.8853578986182447,10.97731613140064,False
SKU-0059,Furnishings,Tables,2026-09-21,6,19.71551496668779,12.601456087363749,24.605350744777358,False
SKU-0108,Furnishings,Tables,2026-09-21,6,45.16053393441741,3.950198781903639,63.17863760935085,False
SKU-0179,Small Appliances,Kitchen Appliances,2026-09-21,6,4.567011891026333,1.9648486867693216,7.917498542887914,False
SKU-0178,Small Appliances,Fans,2026-09-21,6,4.234976041883277,2.498015889253614,6.554775086075268,False
SKU-0107,Decor,Wall Art,2026-09-21,6,22.75892500522557,13.929196068614099,34.61121918326627,False
SKU-0060,Furnishings,Sofas,2026-09-21,6,10.035435682937576,5.8973691966203345,13.137647198247288,False
SKU-0050,Furnishings,Chairs,2026-09-21,6,21.91983421389426,13.61691020737445,28.922767872951265,False
SKU-0106,Small Appliances,Fans,2026-09-21,6,12.012609652444462,6.506028477750268,15.4897419177991,False
SKU-0049,Decor,Lighting,2026-09-21,6,1.190863792104026,0.015985331323488387,2.7598125235213042,False
SKU-0115,Furnishings,Storage,2026-09-21,6,405.1746605428666,167.17019898405408,527.1945254902636,False
SKU-0123,Furnishings,Chairs,2026-09-21,6,69.0836685294756,35.058368846969465,99.19406716320267,False
SKU-0037,Furnishings,Tables,2026-09-21,6,63.682082370356866,53.191239106601984,73.80511120224689,False
SKU-0122,Decor,Wall Art,2026-09-21,6,41.873296477960494,33.033885269994634,49.57825231483295,False
SKU-0038,Decor,rugs,2026-09-21,6,50.61084763375894,16.706278021552325,82.68811438889117,False
SKU-0187,Decor,Vases,2026-09-21,6,5.834121796442424,2.6970353591568905,8.237052456527145,False
SKU-0039,Furnishings,Sofas,2026-09-21,6,55.125975966864914,42.35207694339094,67.60545682899453,False
SKU-0157,Decor,Vases,2026-09-21,6,9.842248048489846,4.926255820767208,14.10650472782915,False
SKU-0121,Decor,Lighting,2026-09-21,6,17.661866113764972,11.032430927114813,23.401829699118075,False
SKU-0040,Decor,vases,2026-09-21,6,3.184415762238714,0.8713420239691443,5.546951425299494,False
SKU-0041,Decor,Lighting,2026-09-21,6,2.6932728363921528,0.8735902328985538,4.612120445906175,False
SKU-0120,Decor,Vases,2026-09-21,6,43.968629339401566,10.843573208877809,74.34429805489914,False
SKU-0143,Small Appliances,Fans,2026-09-21,6,1.0794258312032314,0.0,2.929413706506911,False
SKU-0186,Decor,Wall Art,2026-09-21,6,2.342462349063176,0.3912351268404586,4.444426082209738,False
SKU-0119,Decor,Wall Art,2026-09-21,6,38.235540469315744,24.605006173381323,46.729251557015665,False
SKU-0042,Small Appliances,Kitchen Appliances,2026-09-21,6,137.45514760987973,126.96154864219014,165.774617925389,False
SKU-0043,Small Appliances,Kitchen Appliances,2026-09-21,6,29.795474528287837,18.961551295341636,39.20056701710324,False
SKU-0044,Decor,Rugs,2026-09-21,6,20.994650338304773,6.02733940889297,35.37147439136308,False
SKU-0158,Decor,Lighting,2026-09-21,6,72.72118946886167,46.45745500205812,97.57173891494371,False
SKU-0118,Small Appliances,Heaters,2026-09-21,6,43.358341331809434,19.76488503567233,55.76924152111148,False
SKU-0185,Small Appliances,Heaters,2026-09-21,6,12.843953872102619,7.031800394872197,18.64725293819251,False
SKU-0045,Small Appliances,Air Purifiers,2026-09-21,6,1.545385027465706,0.12397996354284797,3.500197842267936,False
SKU-0117,Small Appliances,Air Purifiers,2026-09-21,6,55.99422239165994,40.12205164255834,66.80928865098464,False
SKU-0198,Small Appliances,Air Purifiers,2026-09-21,6,3.653351397242498,1.6084351684480076,5.292977188787668,False
SKU-0046,Small Appliances,Air Purifiers,2026-09-21,6,293.9368784910854,115.45371159700382,387.7128494304425,False
SKU-0116,Small Appliances,Heaters,2026-09-21,6,13.044879445863648,6.050410428157295,18.86315467997079,False
SKU-0006,Small Appliances,Air Purifiers,2026-09-21,6,8.888834387426918,4.462894803585775,15.024769541184844,False
SKU-0047,Decor,Rugs,2026-09-21,6,22.53646556174127,6.491070801666245,37.03156120003813,False
SKU-0048,Decor,Vases,2026-09-21,6,119.66058403838812,81.23072758369183,146.40689148813212,False
SKU-0184,Decor,Vases,2026-09-21,6,70.94657989913053,49.829867967188754,88.70465650608251,False
SKU-0159,Small Appliances,Fans,2026-09-21,6,96.32766182637275,80.53642845975979,125.50611626588251,False
SKU-0200,Decor,Lighting,2026-09-21,6,47.41378358431659,2.999855091781053,81.39733881369207,False
