date,sku_id,units_sold,revenue,unit_price,promo_flag,units_sold_corrected_negative,units_sold_imputed,unit_price_imputed,week,month,season,is_holiday,promo_event,category,subcategory,launch_date,unit_cost,list_price,on_hand_units,on_order_units,lead_time_days,reorder_point,lag_1,lag_7,lag_14,lag_28,roll_mean_7,roll_mean_28,roll_std_7,day_of_week,is_weekend,week_of_year,is_promo,has_promo_event,days_since_launch,discount_pct
2026-02-17,SKU-0001,7.0,19510.4,2787.2,0,False,False,False,8,2,Winter,0,,Small Appliances,Air Purifiers,2026-02-17,1462.76,2787.2,,,,,,,,,,,,1,0,8,0,0,0,0.0
2026-02-18,SKU-0001,4.0,11148.8,2787.2,0,False,False,False,8,2,Winter,0,,Small Appliances,Air Purifiers,2026-02-17,1462.76,2787.2,,,,,7.0,,,,,,,2,0,8,0,0,1,0.0
2026-02-19,SKU-0001,6.0,16723.2,2787.2,0,False,False,False,8,2,Winter,0,,Small Appliances,Air Purifiers,2026-02-17,1462.76,2787.2,,,,,4.0,,,,,,,3,0,8,0,0,2,0.0
2026-02-20,SKU-0001,6.0,16723.2,2787.2,0,False,False,False,8,2,Winter,0,,Small Appliances,Air Purifiers,2026-02-17,1462.76,2787.2,,,,,6.0,,,,,,,4,0,8,0,0,3,0.0
2026-02-21,SKU-0001,11.0,30659.2,2787.2,0,False,False,False,8,2,Winter,0,,Small Appliances,Air Purifiers,2026-02-17,1462.76,2787.2,,,,,6.0,,,,,,,5,1,8,0,0,4,0.0
2026-02-22,SKU-0001,9.0,25084.8,2787.2,0,False,False,False,8,2,Winter,0,,Small Appliances,Air Purifiers,2026-02-17,1462.76,2787.2,,,,,11.0,,,,,,,6,1,8,0,0,5,0.0
2026-02-23,SKU-0001,7.0,19510.4,2787.2,0,False,False,False,9,2,Winter,0,,Small Appliances,Air Purifiers,2026-02-17,1462.76,2787.2,145.8,0.0,18.0,129.4,9.0,,,,,,,0,0,9,0,0,6,0.0
2026-02-24,SKU-0001,11.0,30659.2,2787.2,0,False,False,False,9,2,Winter,0,,Small Appliances,Air Purifiers,2026-02-17,1462.76,2787.2,145.8,0.0,18.0,129.4,7.0,7.0,,,7.142857142857143,,2.2677868380553634,1,0,9,0,0,7,0.0
2026-02-25,SKU-0001,6.0,16723.2,2787.2,0,False,False,False,9,2,Winter,0,,Small Appliances,Air Purifiers,2026-02-17,1462.76,2787.2,145.8,0.0,18.0,129.4,11.0,4.0,,,7.714285714285714,,2.6903708365381975,2,0,9,0,0,8,0.0
2026-02-26,SKU-0001,10.0,27872.0,2787.2,0,False,False,False,9,2,Winter,0,,Small Appliances,Air Purifiers,2026-02-17,1462.76,2787.2,145.8,0.0,18.0,129.4,6.0,6.0,,,8.0,,2.3094010767585034,3,0,9,0,0,9,0.0
2026-02-27,SKU-0001,6.0,16723.2,2787.2,0,False,False,False,9,2,Winter,0,,Small Appliances,Air Purifiers,2026-02-17,1462.76,2787.2,145.8,0.0,18.0,129.4,10.0,6.0,,,8.571428571428571,,2.225394561056748,4,0,9,0,0,10,0.0
2026-02-28,SKU-0001,7.0,19510.4,2787.2,0,False,False,False,9,2,Winter,0,,Small Appliances,Air Purifiers,2026-02-17,1462.76,2787.2,145.8,0.0,18.0,129.4,6.0,11.0,,,8.571428571428571,,2.225394561056748,5,1,9,0,0,11,0.0
2026-03-01,SKU-0001,17.0,38853.57,2285.5,1,False,False,False,9,3,Spring,0,Spring Sale,Small Appliances,Air Purifiers,2026-02-17,1462.76,2787.2,145.8,0.0,18.0,129.4,7.0,9.0,,,8.0,,2.0000000000000004,6,1,9,1,1,12,0.18000143513203204
2026-03-02,SKU-0001,18.0,41139.07,2285.5,1,False,False,False,10,3,Spring,0,Spring Sale,Small Appliances,Air Purifiers,2026-02-17,1462.76,2787.2,70.8,127.4,18.0,129.4,17.0,7.0,,,9.142857142857142,,3.9761191895520205,0,0,10,1,1,13,0.18000143513203204
2026-03-03,SKU-0001,20.0,45710.08,2285.5,1,False,False,False,10,3,Spring,0,Spring Sale,Small Appliances,Air Purifiers,2026-02-17,1462.76,2787.2,70.8,127.4,18.0,129.4,18.0,11.0,7.0,,10.714285714285714,,5.023753102820166,1,0,10,1,1,14,0.18000143513203204
2026-03-04,SKU-0001,15.0,34282.56,2285.5,1,False,False,False,10,3,Spring,0,Spring Sale,Small Appliances,Air Purifiers,2026-02-17,1462.76,2787.2,70.8,127.4,18.0,129.4,20.0,6.0,4.0,,12.0,,6.137317546507324,2,0,10,1,1,15,0.18000143513203204
2026-03-05,SKU-0001,14.0,31997.06,2285.5,1,False,False,False,10,3,Spring,0,Spring Sale,Small Appliances,Air Purifiers,2026-02-17,1462.76,2787.2,70.8,127.4,18.0,129.4,15.0,10.0,6.0,,13.285714285714286,,5.589105048046176,3,0,10,1,1,16,0.18000143513203204
2026-03-06,SKU-0001,19.0,43424.58,2285.5,1,False,False,False,10,3,Spring,0,Spring Sale,Small Appliances,Air Purifiers,2026-02-17,1462.76,2787.2,70.8,127.4,18.0,129.4,14.0,6.0,6.0,,13.857142857142858,,5.398412465054625,4,0,10,1,1,17,0.18000143513203204
2026-03-07,SKU-0001,2.779866118450286,6353.4,2285.5,1,False,False,False,10,3,Spring,0,Spring Sale,Small Appliances,Air Purifiers,2026-02-17,1462.76,2787.2,70.8,127.4,18.0,129.4,19.0,7.0,11.0,,15.714285714285714,,4.386125310350269,5,1,10,1,1,18,0.18000143513203204
2026-03-08,SKU-0001,0.0,0.0,2285.5,1,False,False,False,10,3,Spring,0,Spring Sale,Small Appliances,Air Purifiers,2026-02-17,1462.76,2787.2,70.8,127.4,18.0,129.4,2.779866118450286,17.0,9.0,,15.111409445492898,,5.834449240376565,6,1,10,1,1,19,0.18000143513203204
2026-03-09,SKU-0001,0.0,0.0,2285.5,1,False,False,False,11,3,Spring,0,Spring Sale,Small Appliances,Air Purifiers,2026-02-17,1462.76,2787.2,0.0,198.2,18.0,129.4,0.0,18.0,7.0,,12.682838016921469,,8.038936439731195,0,0,11,1,1,20,0.18000143513203204
2026-03-10,SKU-0001,0.0,0.0,2285.5,1,False,False,False,11,3,Spring,0,Spring Sale,Small Appliances,Air Purifiers,2026-02-17,1462.76,2787.2,0.0,198.2,18.0,129.4,0.0,20.0,11.0,,10.111409445492898,,8.888601772454495,1,0,11,1,1,21,0.18000143513203204
2026-03-11,SKU-0001,0.0,0.0,2787.2,0,False,False,False,11,3,Spring,0,,Small Appliances,Air Purifiers,2026-02-17,1462.76,2787.2,0.0,198.2,18.0,129.4,0.0,15.0,6.0,,7.254266588350041,,8.380105105670872,2,0,11,0,0,22,0.0
2026-03-12,SKU-0001,0.0,0.0,2787.2,0,False,False,False,11,3,Spring,0,,Small Appliances,Air Purifiers,2026-02-17,1462.76,2787.2,0.0,198.2,18.0,129.4,0.0,14.0,10.0,,5.111409445492898,,7.977490311288279,3,0,11,0,0,23,0.0
2026-03-13,SKU-0001,0.0,0.0,2787.2,0,False,False,False,11,3,Spring,0,,Small Appliances,Air Purifiers,2026-02-17,1462.76,2787.2,0.0,198.2,18.0,129.4,0.0,19.0,6.0,,3.111409445492898,,7.082391009562512,4,0,11,0,0,24,0.0
2026-03-14,SKU-0001,0.0,0.0,2787.2,0,False,False,False,11,3,Spring,0,,Small Appliances,Air Purifiers,2026-02-17,1462.76,2787.2,0.0,198.2,18.0,129.4,0.0,2.779866118450286,7.0,,0.39712373120718375,,1.050690632496313,5,1,11,0,0,25,0.0
2026-03-15,SKU-0001,0.0,0.0,2787.2,0,False,False,False,11,3,Spring,0,,Small Appliances,Air Purifiers,2026-02-17,1462.76,2787.2,0.0,198.2,18.0,129.4,0.0,0.0,17.0,,0.0,,0.0,6,1,11,0,0,26,0.0
2026-03-16,SKU-0001,0.0,0.0,2787.2,0,False,False,False,12,3,Spring,0,,Small Appliances,Air Purifiers,2026-02-17,1462.76,2787.2,0.0,198.2,18.0,129.4,0.0,0.0,18.0,,0.0,,0.0,0,0,12,0,0,27,0.0
2026-03-17,SKU-0001,0.0,0.0,2787.2,0,False,False,False,12,3,Spring,0,,Small Appliances,Air Purifiers,2026-02-17,1462.76,2787.2,0.0,198.2,18.0,129.4,0.0,0.0,20.0,7.0,0.0,6.992138075658938,0.0,1,0,12,0,0,28,0.0
2026-03-18,SKU-0001,0.0,0.0,2787.2,0,False,False,False,12,3,Spring,0,,Small Appliances,Air Purifiers,2026-02-17,1462.76,2787.2,0.0,198.2,18.0,129.4,0.0,0.0,15.0,4.0,0.0,6.742138075658938,0.0,2,0,12,0,0,29,0.0
2026-03-19,SKU-0001,0.0,0.0,2787.2,0,False,False,False,12,3,Spring,0,,Small Appliances,Air Purifiers,2026-02-17,1462.76,2787.2,0.0,198.2,18.0,129.4,0.0,0.0,14.0,6.0,0.0,6.599280932801796,0.0,3,0,12,0,0,30,0.0
2026-03-20,SKU-0001,10.0,27872.0,2787.2,0,False,False,False,12,3,Spring,0,,Small Appliances,Air Purifiers,2026-02-17,1462.76,2787.2,0.0,198.2,18.0,129.4,0.0,0.0,19.0,6.0,0.0,6.384995218516082,0.0,4,0,12,0,0,31,0.0
2026-03-21,SKU-0001,11.0,30659.2,2787.2,0,False,False,False,12,3,Spring,0,,Small Appliances,Air Purifiers,2026-02-17,1462.76,2787.2,0.0,198.2,18.0,129.4,10.0,0.0,2.779866118450286,11.0,1.4285714285714286,6.527852361373225,3.779644730092272,5,1,12,0,0,32,0.0
2026-03-22,SKU-0001,9.0,25084.8,2787.2,0,False,False,False,12,3,Spring,0,,Small Appliances,Air Purifiers,2026-02-17,1462.76,2787.2,0.0,198.2,18.0,129.4,11.0,0.0,0.0,9.0,3.0,6.527852361373225,5.131601439446884,6,1,12,0,0,33,0.0
2026-03-23,SKU-0001,8.0,22297.6,2787.2,0,False,False,False,13,3,Spring,0,,Small Appliances,Air Purifiers,2026-02-17,1462.76,2787.2,89.4,70.8,18.0,129.4,9.0,0.0,0.0,7.0,4.285714285714286,6.527852361373225,5.376314900074391,0,0,13,0,0,34,0.0
2026-03-24,SKU-0001,16.0,44595.2,2787.2,0,False,False,False,13,3,Spring,0,,Small Appliances,Air Purifiers,2026-02-17,1462.76,2787.2,89.4,70.8,18.0,129.4,8.0,0.0,0.0,11.0,5.428571428571429,6.5635666470875105,5.159365040297849,1,0,13,0,0,35,0.0
2026-03-25,SKU-0001,7.0,19510.4,2787.2,0,False,False,False,13,3,Spring,0,,Small Appliances,Air Purifiers,2026-02-17,1462.76,2787.2,89.4,70.8,18.0,129.4,16.0,0.0,0.0,6.0,7.714285714285714,6.742138075658938,5.851332774513447,2,0,13,0,0,36,0.0
2026-03-26,SKU-0001,7.0,19510.4,2787.2,0,False,False,False,13,3,Spring,0,,Small Appliances,Air Purifiers,2026-02-17,1462.76,2787.2,89.4,70.8,18.0,129.4,7.0,0.0,0.0,10.0,8.714285714285714,6.777852361373225,4.820590756130958,3,0,13,0,0,37,0.0
2026-03-27,SKU-0001,7.0,19510.4,2787.2,0,False,False,False,13,3,Spring,0,,Small Appliances,Air Purifiers,2026-02-17,1462.76,2787.2,89.4,70.8,18.0,129.4,7.0,10.0,0.0,6.0,9.714285714285714,6.670709504230367,3.147183169877773,4,0,13,0,0,38,0.0
2026-03-28,SKU-0001,11.0,30659.2,2787.2,0,False,False,False,13,3,Spring,0,,Small Appliances,Air Purifiers,2026-02-17,1462.76,2787.2,89.4,70.8,18.0,129.4,7.0,11.0,0.0,7.0,9.285714285714286,6.706423789944653,3.3022358947782493,5,1,13,0,0,39,0.0
2026-03-29,SKU-0001,8.0,22297.6,2787.2,0,False,False,False,13,3,Spring,0,,Small Appliances,Air Purifiers,2026-02-17,1462.76,2787.2,89.4,70.8,18.0,129.4,11.0,9.0,0.0,17.0,9.285714285714286,6.849280932801796,3.3022358947782493,6,1,13,0,0,40,0.0
2026-03-30,SKU-0001,13.0,36233.6,2787.2,0,False,False,False,14,3,Spring,0,,Small Appliances,Air Purifiers,2026-02-17,1462.76,2787.2,91.2,107.0,18.0,129.4,8.0,8.0,0.0,18.0,9.142857142857142,6.527852361373225,3.338091841585121,0,0,14,0,0,41,0.0
2026-03-31,SKU-0001,6.0,16723.2,2787.2,0,False,False,False,14,3,Spring,0,,Small Appliances,Air Purifiers,2026-02-17,1462.76,2787.2,91.2,107.0,18.0,129.4,13.0,16.0,0.0,20.0,9.857142857142858,6.349280932801796,3.5790395093549616,1,0,14,0,0,42,0.0
2026-04-01,SKU-0001,9.0,25084.8,2787.2,0,False,False,False,14,4,Spring,0,,Small Appliances,Air Purifiers,2026-02-17,1462.76,2787.2,91.2,107.0,18.0,129.4,6.0,7.0,0.0,15.0,8.428571428571429,5.849280932801796,2.5727509827124004,2,0,14,0,0,43,0.0
2026-04-02,SKU-0001,7.0,19510.4,2787.2,0,False,False,False,14,4,Spring,0,,Small Appliances,Air Purifiers,2026-02-17,1462.76,2787.2,91.2,107.0,18.0,129.4,9.0,7.0,0.0,14.0,8.714285714285714,5.634995218516082,2.497617912751116,3,0,14,0,0,44,0.0
2026-04-03,SKU-0001,9.0,25084.8,2787.2,0,False,False,False,14,4,Spring,0,,Small Appliances,Air Purifiers,2026-02-17,1462.76,2787.2,91.2,107.0,18.0,129.4,7.0,7.0,10.0,19.0,8.714285714285714,5.384995218516082,2.497617912751116,4,0,14,0,0,45,0.0
2026-04-04,SKU-0001,11.0,30659.2,2787.2,0,False,False,False,14,4,Spring,0,,Small Appliances,Air Purifiers,2026-02-17,1462.76,2787.2,91.2,107.0,18.0,129.4,9.0,11.0,11.0,2.779866118450286,9.0,5.027852361373225,2.380476142847617,5,1,14,0,0,46,0.0
2026-04-05,SKU-0001,5.0,13936.0,2787.2,0,False,False,False,14,4,Spring,0,,Small Appliances,Air Purifiers,2026-02-17,1462.76,2787.2,91.2,107.0,18.0,129.4,11.0,8.0,9.0,0.0,9.0,5.321428571428571,2.380476142847617,6,1,14,0,0,47,0.0
2026-04-06,SKU-0001,7.0,19510.4,2787.2,0,False,False,False,15,4,Spring,0,,Small Appliances,Air Purifiers,2026-02-17,1462.76,2787.2,37.2,107.0,18.0,129.4,5.0,13.0,8.0,0.0,8.571428571428571,5.5,2.8199966227605584,0,0,15,0,0,48,0.0
2026-04-07,SKU-0001,11.0,30659.2,2787.2,0,False,False,False,15,4,Spring,0,,Small Appliances,Air Purifiers,2026-02-17,1462.76,2787.2,37.2,107.0,18.0,129.4,7.0,6.0,16.0,0.0,7.714285714285714,5.75,2.0586634591635535,1,0,15,0,0,49,0.0
2026-04-08,SKU-0001,5.0,13936.0,2787.2,0,False,False,False,15,4,Spring,0,,Small Appliances,Air Purifiers,2026-02-17,1462.76,2787.2,37.2,107.0,18.0,129.4,11.0,9.0,7.0,0.0,8.428571428571429,6.142857142857143,2.2253945610567483,2,0,15,0,0,50,0.0
2026-04-09,SKU-0001,7.0,19510.4,2787.2,0,False,False,False,15,4,Spring,0,,Small Appliances,Air Purifiers,2026-02-17,1462.76,2787.2,37.2,107.0,18.0,129.4,5.0,7.0,7.0,0.0,7.857142857142857,6.321428571428571,2.544836041121409,3,0,15,0,0,51,0.0
2026-04-10,SKU-0001,6.0,16723.2,2787.2,0,False,False,False,15,4,Spring,0,,Small Appliances,Air Purifiers,2026-02-17,1462.76,2787.2,37.2,107.0,18.0,129.4,7.0,9.0,7.0,0.0,7.857142857142857,6.571428571428571,2.544836041121409,4,0,15,0,0,52,0.0
2026-04-11,SKU-0001,8.16129401854272,22747.16,2787.2,0,False,False,False,15,4,Spring,0,,Small Appliances,Air Purifiers,2026-02-17,1462.76,2787.2,37.2,107.0,18.0,129.4,6.0,11.0,11.0,0.0,7.428571428571429,6.785714285714286,2.572750982712402,5,1,15,0,0,53,0.0
2026-04-12,SKU-0001,0.0,0.0,2787.2,0,False,False,False,15,4,Spring,0,,Small Appliances,Air Purifiers,2026-02-17,1462.76,2787.2,37.2,107.0,18.0,129.4,8.16129401854272,5.0,8.0,0.0,7.0230420026489595,7.077189072090811,2.095427055133021,6,1,15,0,0,54,0.0
2026-04-13,SKU-0001,0.0,0.0,2787.2,0,False,False,False,16,4,Spring,0,,Small Appliances,Air Purifiers,2026-02-17,1462.76,2787.2,0.0,198.2,18.0,129.4,0.0,7.0,13.0,0.0,6.308756288363246,7.077189072090811,3.3665976572637275,0,0,16,0,0,55,0.0
2026-04-14,SKU-0001,0.0,0.0,2787.2,0,False,False,False,16,4,Spring,0,,Small Appliances,Air Purifiers,2026-02-17,1462.76,2787.2,0.0,198.2,18.0,129.4,0.0,11.0,6.0,0.0,5.308756288363246,7.077189072090811,4.089141449262245,1,0,16,0,0,56,0.0
2026-04-15,SKU-0001,0.0,0.0,2787.2,0,False,False,False,16,4,Spring,0,,Small Appliances,Air Purifiers,2026-02-17,1462.76,2787.2,0.0,198.2,18.0,129.4,0.0,5.0,9.0,0.0,3.7373277169346744,7.077189072090811,3.6247618498949783,2,0,16,0,0,57,0.0
2026-04-16,SKU-0001,0.0,0.0,2787.2,0,False,False,False,16,4,Spring,0,,Small Appliances,Air Purifiers,2026-02-17,1462.76,2787.2,0.0,198.2,18.0,129.4,0.0,7.0,7.0,0.0,3.02304200264896,7.077189072090811,3.821763105527835,3,0,16,0,0,58,0.0
2026-04-17,SKU-0001,9.0,25084.8,2787.2,0,False,False,False,16,4,Spring,0,,Small Appliances,Air Purifiers,2026-02-17,1462.76,2787.2,0.0,198.2,18.0,129.4,0.0,6.0,9.0,10.0,2.02304200264896,7.077189072090811,3.510883731240328,4,0,16,0,0,59,0.0
2026-04-18,SKU-0001,9.0,25084.8,2787.2,0,False,False,False,16,4,Spring,0,,Small Appliances,Air Purifiers,2026-02-17,1462.76,2787.2,0.0,198.2,18.0,129.4,9.0,8.16129401854272,11.0,11.0,2.4516134312203883,7.041474786376526,4.193921417641648,5,1,16,0,0,60,0.0
2026-04-19,SKU-0001,12.0,33446.4,2787.2,0,False,False,False,16,4,Spring,0,,Small Appliances,Air Purifiers,2026-02-17,1462.76,2787.2,0.0,198.2,18.0,129.4,9.0,0.0,5.0,9.0,2.5714285714285716,6.9700462149479545,4.391550328268404,6,1,16,0,0,61,0.0
2026-04-20,SKU-0001,3.0,8361.6,2787.2,0,False,False,False,17,4,Spring,0,,Small Appliances,Air Purifiers,2026-02-17,1462.76,2787.2,74.0,91.2,18.0,129.4,12.0,0.0,7.0,8.0,4.285714285714286,7.077189072090811,5.437961803049797,0,0,17,0,0,62,0.0
2026-04-21,SKU-0001,9.0,25084.8,2787.2,0,False,False,False,17,4,Spring,0,,Small Appliances,Air Purifiers,2026-02-17,1462.76,2787.2,74.0,91.2,18.0,129.4,3.0,0.0,11.0,16.0,4.714285714285714,6.8986176435193824,5.15474815790535,1,0,17,0,0,63,0.0
2026-04-22,SKU-0001,7.0,19510.4,2787.2,0,False,False,False,17,4,Spring,0,,Small Appliances,Air Purifiers,2026-02-17,1462.76,2787.2,74.0,91.2,18.0,129.4,9.0,0.0,5.0,7.0,6.0,6.6486176435193824,4.8989794855663575,2,0,17,0,0,64,0.0
2026-04-23,SKU-0001,8.0,22297.6,2787.2,0,False,False,False,17,4,Spring,0,,Small Appliances,Air Purifiers,2026-02-17,1462.76,2787.2,74.0,91.2,18.0,129.4,7.0,0.0,7.0,7.0,7.0,6.6486176435193824,4.1231056256176615,3,0,17,0,0,65,0.0
2026-04-24,SKU-0001,10.0,27872.0,2787.2,0,False,False,False,17,4,Spring,0,,Small Appliances,Air Purifiers,2026-02-17,1462.76,2787.2,74.0,91.2,18.0,129.4,8.0,9.0,6.0,7.0,8.142857142857142,6.684331929233669,2.734262327610589,4,0,17,0,0,66,0.0
2026-04-25,SKU-0001,6.0,16723.2,2787.2,0,False,False,False,17,4,Spring,0,,Small Appliances,Air Purifiers,2026-02-17,1462.76,2787.2,74.0,91.2,18.0,129.4,10.0,9.0,8.16129401854272,11.0,8.285714285714286,6.791474786376526,2.8115408417381924,5,1,17,0,0,67,0.0
2026-04-26,SKU-0001,14.0,39020.8,2787.2,0,False,False,False,17,4,Spring,0,,Small Appliances,Air Purifiers,2026-02-17,1462.76,2787.2,74.0,91.2,18.0,129.4,6.0,12.0,0.0,8.0,7.857142857142857,6.612903357805097,2.911389784311005,6,1,17,0,0,68,0.0
2026-04-27,SKU-0001,8.0,22297.6,2787.2,0,False,False,False,18,4,Spring,0,,Small Appliances,Air Purifiers,2026-02-17,1462.76,2787.2,12.0,186.2,18.0,129.4,14.0,3.0,0.0,13.0,8.142857142857142,6.827189072090811,3.4364987719368982,0,0,18,0,0,69,0.0
2026-04-28,SKU-0001,1.0,2787.2,2787.2,0,False,False,False,18,4,Spring,0,,Small Appliances,Air Purifiers,2026-02-17,1462.76,2787.2,12.0,186.2,18.0,129.4,8.0,9.0,0.0,6.0,8.857142857142858,6.6486176435193824,2.6095064302514763,1,0,18,0,0,70,0.0
2026-04-29,SKU-0001,5.0,13936.0,2787.2,0,False,False,False,18,4,Spring,0,,Small Appliances,Air Purifiers,2026-02-17,1462.76,2787.2,12.0,186.2,18.0,129.4,1.0,7.0,0.0,9.0,7.714285714285714,6.4700462149479545,3.946064947695181,2,0,18,0,0,71,0.0
2026-04-30,SKU-0001,6.0,16723.2,2787.2,0,False,False,False,18,4,Spring,0,,Small Appliances,Air Purifiers,2026-02-17,1462.76,2787.2,12.0,186.2,18.0,129.4,5.0,8.0,0.0,7.0,7.428571428571429,6.327189072090811,4.07664661444276,3,0,18,0,0,72,0.0
2026-05-01,SKU-0001,12.0,33446.4,2787.2,0,False,False,False,18,5,Spring,0,,Small Appliances,Air Purifiers,2026-02-17,1462.76,2787.2,12.0,186.2,18.0,129.4,6.0,10.0,9.0,9.0,7.142857142857143,6.291474786376526,4.099941927579439,4,0,18,0,0,73,0.0
2026-05-02,SKU-0001,13.0,36233.6,2787.2,0,False,False,False,18,5,Spring,0,,Small Appliances,Air Purifiers,2026-02-17,1462.76,2787.2,12.0,186.2,18.0,129.4,12.0,6.0,9.0,11.0,7.428571428571429,6.3986176435193824,4.391550328268399,5,1,18,0,0,74,0.0
2026-05-03,SKU-0001,7.0,19510.4,2787.2,0,False,False,False,18,5,Spring,0,,Small Appliances,Air Purifiers,2026-02-17,1462.76,2787.2,12.0,186.2,18.0,129.4,13.0,14.0,12.0,5.0,8.428571428571429,6.4700462149479545,4.790864322059324,6,1,18,0,0,75,0.0
2026-05-04,SKU-0001,5.0,13936.0,2787.2,0,False,False,False,19,5,Spring,0,,Small Appliances,Air Purifiers,2026-02-17,1462.76,2787.2,54.2,95.0,18.0,129.4,7.0,8.0,3.0,7.0,7.428571428571429,6.541474786376526,4.117326918327102,0,0,19,0,0,76,0.0
2026-05-05,SKU-0001,4.0,11148.8,2787.2,0,False,False,False,19,5,Spring,0,,Small Appliances,Air Purifiers,2026-02-17,1462.76,2787.2,54.2,95.0,18.0,129.4,5.0,1.0,9.0,11.0,7.0,6.4700462149479545,4.203173404306163,1,0,19,0,0,77,0.0
2026-05-06,SKU-0001,2.0,5574.4,2787.2,0,False,False,False,19,5,Spring,0,,Small Appliances,Air Purifiers,2026-02-17,1462.76,2787.2,54.2,95.0,18.0,129.4,4.0,5.0,7.0,5.0,7.428571428571429,6.2200462149479545,3.598941643369749,2,0,19,0,0,78,0.0
2026-05-07,SKU-0001,6.0,16723.2,2787.2,0,False,False,False,19,5,Spring,0,,Small Appliances,Air Purifiers,2026-02-17,1462.76,2787.2,54.2,95.0,18.0,129.4,2.0,6.0,8.0,7.0,7.0,6.112903357805097,4.0824829046386295,3,0,19,0,0,79,0.0
2026-05-08,SKU-0001,5.0,13936.0,2787.2,0,False,False,False,19,5,Spring,0,,Small Appliances,Air Purifiers,2026-02-17,1462.76,2787.2,54.2,95.0,18.0,129.4,6.0,12.0,10.0,6.0,7.0,6.077189072090811,4.0824829046386295,4,0,19,0,0,80,0.0
2026-05-09,SKU-0001,10.0,27872.0,2787.2,0,False,False,False,19,5,Spring,0,,Small Appliances,Air Purifiers,2026-02-17,1462.76,2787.2,54.2,95.0,18.0,129.4,5.0,13.0,6.0,8.16129401854272,6.0,6.041474786376526,3.4641016151377544,5,1,19,0,0,81,0.0
2026-05-10,SKU-0001,8.0,22297.6,2787.2,0,False,False,False,19,5,Spring,0,,Small Appliances,Air Purifiers,2026-02-17,1462.76,2787.2,54.2,95.0,18.0,129.4,10.0,7.0,14.0,0.0,5.571428571428571,6.107142857142857,2.5071326821120348,6,1,19,0,0,82,0.0
2026-05-11,SKU-0001,4.0,11148.8,2787.2,0,False,False,False,20,5,Spring,0,,Small Appliances,Air Purifiers,2026-02-17,1462.76,2787.2,15.2,183.0,18.0,129.4,8.0,5.0,8.0,0.0,5.714285714285714,6.392857142857143,2.627691364061218,0,0,20,0,0,83,0.0
2026-05-12,SKU-0001,6.0,16723.2,2787.2,0,False,False,False,20,5,Spring,0,,Small Appliances,Air Purifiers,2026-02-17,1462.76,2787.2,15.2,183.0,18.0,129.4,4.0,4.0,1.0,0.0,5.571428571428571,6.535714285714286,2.699206232527312,1,0,20,0,0,84,0.0
2026-05-13,SKU-0001,4.0,11148.8,2787.2,0,False,False,False,20,5,Spring,0,,Small Appliances,Air Purifiers,2026-02-17,1462.76,2787.2,15.2,183.0,18.0,129.4,6.0,2.0,5.0,0.0,5.857142857142857,6.75,2.6095064302514777,2,0,20,0,0,85,0.0
2026-05-14,SKU-0001,5.161294018542719,14385.56,2787.2,0,False,False,False,20,5,Spring,0,,Small Appliances,Air Purifiers,2026-02-17,1462.76,2787.2,15.2,183.0,18.0,129.4,4.0,6.0,6.0,0.0,6.142857142857143,6.892857142857143,2.193062655175134,3,0,20,0,0,86,0.0
2026-05-15,SKU-0001,9.0,25084.8,2787.2,0,False,False,False,20,5,Spring,0,,Small Appliances,Air Purifiers,2026-02-17,1462.76,2787.2,15.2,183.0,18.0,129.4,5.161294018542719,5.0,12.0,9.0,6.0230420026489595,7.077189072090811,2.224848728420642,4,0,20,0,0,87,0.0
2026-05-16,SKU-0001,9.0,25084.8,2787.2,0,False,False,False,20,5,Spring,0,,Small Appliances,Air Purifiers,2026-02-17,1462.76,2787.2,15.2,183.0,18.0,129.4,9.0,10.0,13.0,9.0,6.594470574077532,7.077189072090811,2.42314055443288,5,1,20,0,0,88,0.0
2026-05-17,SKU-0001,8.0,22297.6,2787.2,0,False,False,False,20,5,Spring,0,,Small Appliances,Air Purifiers,2026-02-17,1462.76,2787.2,15.2,183.0,18.0,129.4,9.0,8.0,7.0,12.0,6.451613431220388,7.077189072090811,2.208911680915953,6,1,20,0,0,89,0.0
2026-05-18,SKU-0001,4.0,11148.8,2787.2,0,False,False,False,21,5,Spring,0,,Small Appliances,Air Purifiers,2026-02-17,1462.76,2787.2,65.0,88.0,18.0,129.4,8.0,4.0,5.0,3.0,6.451613431220388,6.934331929233669,2.208911680915953,0,0,21,0,0,90,0.0
2026-05-19,SKU-0001,9.0,25084.8,2787.2,0,False,False,False,21,5,Spring,0,,Small Appliances,Air Purifiers,2026-02-17,1462.76,2787.2,65.0,88.0,18.0,129.4,4.0,6.0,4.0,9.0,6.451613431220388,6.9700462149479545,2.208911680915953,1,0,21,0,0,91,0.0
2026-05-20,SKU-0001,3.0,8361.6,2787.2,0,False,False,False,21,5,Spring,0,,Small Appliances,Air Purifiers,2026-02-17,1462.76,2787.2,65.0,88.0,18.0,129.4,9.0,4.0,2.0,7.0,6.880184859791817,6.9700462149479545,2.3902702082778915,2,0,21,0,0,92,0.0
2026-05-21,SKU-0001,5.0,13936.0,2787.2,0,False,False,False,21,5,Spring,0,,Small Appliances,Air Purifiers,2026-02-17,1462.76,2787.2,65.0,88.0,18.0,129.4,3.0,5.161294018542719,6.0,8.0,6.737327716934674,6.827189072090811,2.610806471450648,3,0,21,0,0,93,0.0
2026-05-22,SKU-0001,4.0,11148.8,2787.2,0,False,False,False,21,5,Spring,0,,Small Appliances,Air Purifiers,2026-02-17,1462.76,2787.2,65.0,88.0,18.0,129.4,5.0,9.0,5.0,10.0,6.714285714285714,6.7200462149479545,2.6276913640612176,4,0,21,0,0,94,0.0
2026-05-23,SKU-0001,7.0,19510.4,2787.2,0,False,False,False,21,5,Spring,0,,Small Appliances,Air Purifiers,2026-02-17,1462.76,2787.2,65.0,88.0,18.0,129.4,4.0,9.0,10.0,6.0,6.0,6.50576050066224,2.581988897471611,5,1,21,0,0,95,0.0
2026-05-24,SKU-0001,6.0,16723.2,2787.2,0,False,False,False,21,5,Spring,0,,Small Appliances,Air Purifiers,2026-02-17,1462.76,2787.2,65.0,88.0,18.0,129.4,7.0,8.0,8.0,14.0,5.714285714285714,6.541474786376526,2.2886885410853175,6,1,21,0,0,96,0.0
2026-05-25,SKU-0001,7.0,19510.4,2787.2,0,False,False,False,22,5,Spring,0,,Small Appliances,Air Purifiers,2026-02-17,1462.76,2787.2,24.0,174.2,18.0,129.4,6.0,4.0,4.0,8.0,5.428571428571429,6.25576050066224,2.070196678027063,0,0,22,0,0,97,0.0
2026-05-26,SKU-0001,5.0,13936.0,2787.2,0,False,False,False,22,5,Spring,0,,Small Appliances,Air Purifiers,2026-02-17,1462.76,2787.2,24.0,174.2,18.0,129.4,7.0,9.0,6.0,1.0,5.857142857142857,6.2200462149479545,2.0354009783964297,1,0,22,0,0,98,0.0
2026-05-27,SKU-0001,7.0,19510.4,2787.2,0,False,False,False,22,5,Spring,0,,Small Appliances,Air Purifiers,2026-02-17,1462.76,2787.2,24.0,174.2,18.0,129.4,5.0,3.0,4.0,5.0,5.285714285714286,6.362903357805097,1.496026483086192,2,0,22,0,0,99,0.0
2026-05-28,SKU-0001,8.0,22297.6,2787.2,0,False,False,False,22,5,Spring,0,,Small Appliances,Air Purifiers,2026-02-17,1462.76,2787.2,24.0,174.2,18.0,129.4,7.0,5.0,5.161294018542719,6.0,5.857142857142857,6.434331929233669,1.2149857925879117,3,0,22,0,0,100,0.0
2026-05-29,SKU-0001,9.0,25084.8,2787.2,0,False,False,False,22,5,Spring,0,,Small Appliances,Air Purifiers,2026-02-17,1462.76,2787.2,24.0,174.2,18.0,129.4,8.0,4.0,9.0,12.0,6.285714285714286,6.50576050066224,1.3801311186847078,4,0,22,0,0,101,0.0
2026-05-30,SKU-0001,4.0,11148.8,2787.2,0,False,False,False,22,5,Spring,0,,Small Appliances,Air Purifiers,2026-02-17,1462.76,2787.2,24.0,174.2,18.0,129.4,9.0,7.0,9.0,13.0,7.0,6.3986176435193824,1.290994448735804,5,1,22,0,0,102,0.0
2026-05-31,SKU-0001,9.0,25084.8,2787.2,0,False,False,False,22,5,Spring,0,,Small Appliances,Air Purifiers,2026-02-17,1462.76,2787.2,24.0,174.2,18.0,129.4,4.0,6.0,8.0,7.0,6.571428571428571,6.077189072090811,1.7182493859684482,6,1,22,0,0,103,0.0
2026-06-01,SKU-0001,4.0,11148.8,2787.2,0,False,False,False,23,6,Summer,0,,Small Appliances,Air Purifiers,2026-02-17,1462.76,2787.2,66.0,86.2,18.0,129.4,9.0,7.0,4.0,5.0,7.0,6.1486176435193824,1.914854215512675,0,0,23,0,0,104,0.0
2026-06-02,SKU-0001,9.0,25084.8,2787.2,0,False,False,False,23,6,Summer,0,,Small Appliances,Air Purifiers,2026-02-17,1462.76,2787.2,66.0,86.2,18.0,129.4,4.0,5.0,9.0,4.0,6.571428571428571,6.112903357805097,2.2253945610567465,1,0,23,0,0,105,0.0
2026-06-03,SKU-0001,5.0,13936.0,2787.2,0,False,False,False,23,6,Summer,0,,Small Appliances,Air Purifiers,2026-02-17,1462.76,2787.2,66.0,86.2,18.0,129.4,9.0,7.0,3.0,2.0,7.142857142857143,6.291474786376526,2.267786838055362,2,0,23,0,0,106,0.0
2026-06-04,SKU-0001,3.0,8361.6,2787.2,0,False,False,False,23,6,Summer,0,,Small Appliances,Air Purifiers,2026-02-17,1462.76,2787.2,66.0,86.2,18.0,129.4,5.0,8.0,5.0,6.0,6.857142857142857,6.3986176435193824,2.410295378065478,3,0,23,0,0,107,0.0
2026-06-05,SKU-0001,3.0,8361.6,2787.2,0,False,False,False,23,6,Summer,0,,Small Appliances,Air Purifiers,2026-02-17,1462.76,2787.2,66.0,86.2,18.0,129.4,3.0,9.0,4.0,5.0,6.142857142857143,6.291474786376526,2.7342623276105886,4,0,23,0,0,108,0.0
2026-06-06,SKU-0001,5.0,13936.0,2787.2,0,False,False,False,23,6,Summer,0,,Small Appliances,Air Purifiers,2026-02-17,1462.76,2787.2,66.0,86.2,18.0,129.4,3.0,4.0,7.0,10.0,5.285714285714286,6.2200462149479545,2.627691364061218,5,1,23,0,0,109,0.0
2026-06-07,SKU-0001,6.0,16723.2,2787.2,0,False,False,False,23,6,Summer,0,,Small Appliances,Air Purifiers,2026-02-17,1462.76,2787.2,66.0,86.2,18.0,129.4,5.0,9.0,6.0,8.0,5.428571428571429,6.041474786376526,2.5727509827124,6,1,23,0,0,110,0.0
2026-06-08,SKU-0001,10.0,27872.0,2787.2,0,False,False,False,24,6,Summer,0,,Small Appliances,Air Purifiers,2026-02-17,1462.76,2787.2,25.0,173.2,18.0,129.4,6.0,4.0,7.0,4.0,5.0,5.9700462149479545,2.081665999466133,0,0,24,0,0,111,0.0
2026-06-09,SKU-0001,4.0,11148.8,2787.2,0,False,False,False,24,6,Summer,0,,Small Appliances,Air Purifiers,2026-02-17,1462.76,2787.2,25.0,173.2,18.0,129.4,10.0,9.0,5.0,6.0,5.857142857142857,6.184331929233669,2.7342623276105886,1,0,24,0,0,112,0.0
2026-06-10,SKU-0001,6.0,16723.2,2787.2,0,False,False,False,24,6,Summer,0,,Small Appliances,Air Purifiers,2026-02-17,1462.76,2787.2,25.0,173.2,18.0,129.4,4.0,5.0,7.0,4.0,5.142857142857143,6.112903357805097,2.410295378065479,2,0,24,0,0,113,0.0
2026-06-11,SKU-0001,3.0,8361.6,2787.2,0,False,False,False,24,6,Summer,0,,Small Appliances,Air Purifiers,2026-02-17,1462.76,2787.2,25.0,173.2,18.0,129.4,6.0,3.0,8.0,5.161294018542719,5.285714285714286,6.184331929233669,2.4299715851758235,3,0,24,0,0,114,0.0
2026-06-12,SKU-0001,8.0,22297.6,2787.2,0,False,False,False,24,6,Summer,0,,Small Appliances,Air Purifiers,2026-02-17,1462.76,2787.2,25.0,173.2,18.0,129.4,3.0,3.0,9.0,9.0,5.285714285714286,6.107142857142857,2.4299715851758235,4,0,24,0,0,115,0.0
2026-06-13,SKU-0001,8.0,22297.6,2787.2,0,False,False,False,24,6,Summer,0,,Small Appliances,Air Purifiers,2026-02-17,1462.76,2787.2,25.0,173.2,18.0,129.4,8.0,5.0,4.0,9.0,6.0,6.071428571428571,2.380476142847616,5,1,24,0,0,116,0.0
2026-06-14,SKU-0001,7.0,19510.4,2787.2,0,False,False,False,24,6,Summer,0,,Small Appliances,Air Purifiers,2026-02-17,1462.76,2787.2,25.0,173.2,18.0,129.4,8.0,6.0,9.0,8.0,6.428571428571429,6.035714285714286,2.4397501823713323,6,1,24,0,0,117,0.0
2026-06-15,SKU-0001,4.0,11148.8,2787.2,0,False,False,False,25,6,Summer,0,,Small Appliances,Air Purifiers,2026-02-17,1462.76,2787.2,71.2,87.0,18.0,129.4,7.0,10.0,4.0,4.0,6.571428571428571,6.0,2.4397501823713323,0,0,25,0,0,118,0.0
2026-06-16,SKU-0001,4.0,11148.8,2787.2,0,False,False,False,25,6,Summer,0,,Small Appliances,Air Purifiers,2026-02-17,1462.76,2787.2,71.2,87.0,18.0,129.4,4.0,4.0,9.0,9.0,5.714285714285714,6.0,2.0586634591635513,1,0,25,0,0,119,0.0
2026-06-17,SKU-0001,5.0,13936.0,2787.2,0,False,False,False,25,6,Summer,0,,Small Appliances,Air Purifiers,2026-02-17,1462.76,2787.2,71.2,87.0,18.0,129.4,4.0,6.0,5.0,3.0,5.714285714285714,5.821428571428571,2.0586634591635513,2,0,25,0,0,120,0.0
2026-06-18,SKU-0001,4.0,11148.8,2787.2,0,False,False,False,25,6,Summer,0,,Small Appliances,Air Purifiers,2026-02-17,1462.76,2787.2,71.2,87.0,18.0,129.4,5.0,3.0,3.0,5.0,5.571428571428571,5.892857142857143,2.0701966780270626,3,0,25,0,0,121,0.0
2026-06-19,SKU-0001,6.0,16723.2,2787.2,0,False,False,False,25,6,Summer,0,,Small Appliances,Air Purifiers,2026-02-17,1462.76,2787.2,71.2,87.0,18.0,129.4,4.0,8.0,3.0,4.0,5.714285714285714,5.857142857142857,1.889822365046136,4,0,25,0,0,122,0.0
2026-06-20,SKU-0001,8.0,22297.6,2787.2,0,False,False,False,25,6,Summer,0,,Small Appliances,Air Purifiers,2026-02-17,1462.76,2787.2,71.2,87.0,18.0,129.4,6.0,8.0,5.0,7.0,5.428571428571429,5.928571428571429,1.6183471874253743,5,1,25,0,0,123,0.0
2026-06-21,SKU-0001,2.0,5574.4,2787.2,0,False,False,False,25,6,Summer,0,,Small Appliances,Air Purifiers,2026-02-17,1462.76,2787.2,71.2,87.0,18.0,129.4,8.0,7.0,6.0,6.0,5.428571428571429,5.964285714285714,1.6183471874253743,6,1,25,0,0,124,0.0
2026-06-22,SKU-0001,7.0,19510.4,2787.2,0,False,False,False,26,6,Summer,0,,Small Appliances,Air Purifiers,2026-02-17,1462.76,2787.2,35.2,163.0,18.0,129.4,2.0,4.0,10.0,7.0,4.714285714285714,5.821428571428571,1.8898223650461372,0,0,26,0,0,125,0.0
2026-06-23,SKU-0001,4.0,11148.8,2787.2,0,False,False,False,26,6,Summer,0,,Small Appliances,Air Purifiers,2026-02-17,1462.76,2787.2,35.2,163.0,18.0,129.4,7.0,4.0,4.0,5.0,5.142857142857143,5.821428571428571,2.03540097839643,1,0,26,0,0,126,0.0
2026-06-24,SKU-0001,3.0,8361.6,2787.2,0,False,False,False,26,6,Summer,0,,Small Appliances,Air Purifiers,2026-02-17,1462.76,2787.2,35.2,163.0,18.0,129.4,4.0,5.0,6.0,7.0,5.142857142857143,5.785714285714286,2.03540097839643,2,0,26,0,0,127,0.0
2026-06-25,SKU-0001,6.0,16723.2,2787.2,0,False,False,False,26,6,Summer,0,,Small Appliances,Air Purifiers,2026-02-17,1462.76,2787.2,35.2,163.0,18.0,129.4,3.0,4.0,3.0,8.0,4.857142857142857,5.642857142857143,2.193062655175135,3,0,26,0,0,128,0.0
2026-06-26,SKU-0001,7.0,19510.4,2787.2,0,False,False,False,26,6,Summer,0,,Small Appliances,Air Purifiers,2026-02-17,1462.76,2787.2,35.2,163.0,18.0,129.4,6.0,6.0,8.0,9.0,5.142857142857143,5.571428571428571,2.1930626551751344,4,0,26,0,0,129,0.0
2026-06-27,SKU-0001,6.0,16723.2,2787.2,0,False,False,False,26,6,Summer,0,,Small Appliances,Air Purifiers,2026-02-17,1462.76,2787.2,35.2,163.0,18.0,129.4,7.0,8.0,8.0,4.0,5.285714285714286,5.5,2.2886885410853175,5,1,26,0,0,130,0.0
2026-06-28,SKU-0001,8.0,22297.6,2787.2,0,False,False,False,26,6,Summer,0,,Small Appliances,Air Purifiers,2026-02-17,1462.76,2787.2,35.2,163.0,18.0,129.4,6.0,2.0,7.0,9.0,5.0,5.571428571428571,2.0000000000000004,6,1,26,0,0,131,0.0
2026-06-29,SKU-0001,4.0,11148.8,2787.2,0,False,False,False,27,6,Summer,0,,Small Appliances,Air Purifiers,2026-02-17,1462.76,2787.2,84.2,76.0,18.0,129.4,8.0,7.0,4.0,4.0,5.857142857142857,5.535714285714286,1.7728105208558358,0,0,27,0,0,132,0.0
2026-06-30,SKU-0001,3.0,8361.6,2787.2,0,False,False,False,27,6,Summer,0,,Small Appliances,Air Purifiers,2026-02-17,1462.76,2787.2,84.2,76.0,18.0,129.4,4.0,4.0,4.0,9.0,5.428571428571429,5.535714285714286,1.8126539343499315,1,0,27,0,0,133,0.0
2026-07-01,SKU-0001,10.0,22855.04,2285.5,1,False,False,False,27,7,Summer,0,Monsoon Sale,Small Appliances,Air Purifiers,2026-02-17,1462.76,2787.2,84.2,76.0,18.0,129.4,3.0,3.0,5.0,5.0,5.285714285714286,5.321428571428571,1.9760470401187076,2,0,27,1,1,134,0.18000143513203204
2026-07-02,SKU-0001,12.0,27426.05,2285.5,1,False,False,False,27,7,Summer,0,Monsoon Sale,Small Appliances,Air Purifiers,2026-02-17,1462.76,2787.2,84.2,76.0,18.0,129.4,10.0,6.0,4.0,3.0,6.285714285714286,5.5,2.3603873774083284,3,0,27,1,1,135,0.18000143513203204
2026-07-03,SKU-0001,7.0,15998.53,2285.5,1,False,False,False,27,7,Summer,0,Monsoon Sale,Small Appliances,Air Purifiers,2026-02-17,1462.76,2787.2,84.2,76.0,18.0,129.4,12.0,7.0,6.0,3.0,7.142857142857143,5.821428571428571,3.1847852585154204,4,0,27,1,1,136,0.18000143513203204
2026-07-04,SKU-0001,6.0,13713.02,2285.5,1,False,False,False,27,7,Summer,0,Monsoon Sale,Small Appliances,Air Purifiers,2026-02-17,1462.76,2787.2,84.2,76.0,18.0,129.4,7.0,6.0,8.0,5.0,7.142857142857143,5.964285714285714,3.1847852585154204,5,1,27,1,1,137,0.18000143513203204
2026-07-05,SKU-0001,10.0,22855.04,2285.5,1,False,False,False,27,7,Summer,0,Monsoon Sale,Small Appliances,Air Purifiers,2026-02-17,1462.76,2787.2,84.2,76.0,18.0,129.4,6.0,8.0,2.0,6.0,7.142857142857143,6.0,3.1847852585154204,6,1,27,1,1,138,0.18000143513203204
2026-07-06,SKU-0001,6.0,13713.02,2285.5,1,False,False,False,28,7,Summer,0,Monsoon Sale,Small Appliances,Air Purifiers,2026-02-17,1462.76,2787.2,30.2,168.0,18.0,129.4,10.0,4.0,7.0,10.0,7.428571428571429,6.142857142857143,3.35942171894424,0,0,28,1,1,139,0.18000143513203204
2026-07-07,SKU-0001,6.0,13713.02,2285.5,1,False,False,False,28,7,Summer,0,Monsoon Sale,Small Appliances,Air Purifiers,2026-02-17,1462.76,2787.2,30.2,168.0,18.0,129.4,6.0,3.0,4.0,4.0,7.714285714285714,6.0,3.0937725468153854,1,0,28,1,1,140,0.18000143513203204
2026-07-08,SKU-0001,6.0,20569.54,2285.5,1,False,True,False,28,7,Summer,0,Monsoon Sale,Small Appliances,Air Purifiers,2026-02-17,1462.76,2787.2,30.2,168.0,18.0,129.4,6.0,10.0,3.0,6.0,8.142857142857142,6.071428571428571,2.478478796128207,2,0,28,1,1,141,0.18000143513203204
2026-07-09,SKU-0001,6.0,13713.02,2285.5,1,False,False,False,28,7,Summer,0,Monsoon Sale,Small Appliances,Air Purifiers,2026-02-17,1462.76,2787.2,30.2,168.0,18.0,129.4,6.0,12.0,6.0,3.0,7.571428571428571,6.071428571428571,2.43975018237133,3,0,28,1,1,142,0.18000143513203204
2026-07-10,SKU-0001,12.0,27426.05,2285.5,1,False,False,False,28,7,Summer,0,Monsoon Sale,Small Appliances,Air Purifiers,2026-02-17,1462.76,2787.2,30.2,168.0,18.0,129.4,6.0,7.0,7.0,8.0,6.714285714285714,6.178571428571429,1.4960264830861885,4,0,28,1,1,143,0.18000143513203204
2026-07-11,SKU-0001,4.0,11148.8,2787.2,0,False,False,False,28,7,Summer,0,,Small Appliances,Air Purifiers,2026-02-17,1462.76,2787.2,30.2,168.0,18.0,129.4,12.0,6.0,6.0,8.0,7.428571428571429,6.321428571428571,2.5071326821120326,5,1,28,0,0,144,0.0
2026-07-12,SKU-0001,3.0,8361.6,2787.2,0,False,False,False,28,7,Summer,0,,Small Appliances,Air Purifiers,2026-02-17,1462.76,2787.2,30.2,168.0,18.0,129.4,4.0,10.0,8.0,7.0,7.142857142857143,6.178571428571429,2.7945525240230857,6,1,28,0,0,145,0.0
2026-07-13,SKU-0001,4.0,11148.8,2787.2,0,False,False,False,29,7,Summer,0,,Small Appliances,Air Purifiers,2026-02-17,1462.76,2787.2,62.2,92.0,18.0,129.4,3.0,6.0,4.0,4.0,6.142857142857143,6.035714285714286,2.8535691936340246,0,0,29,0,0,146,0.0
2026-07-14,SKU-0001,1.0,2787.2,2787.2,0,False,False,False,29,7,Summer,0,,Small Appliances,Air Purifiers,2026-02-17,1462.76,2787.2,62.2,92.0,18.0,129.4,4.0,6.0,3.0,4.0,5.857142857142857,6.035714285714286,2.9680841985233175,1,0,29,0,0,147,0.0
2026-07-15,SKU-0001,3.0,8361.6,2787.2,0,False,False,False,29,7,Summer,0,,Small Appliances,Air Purifiers,2026-02-17,1462.76,2787.2,62.2,92.0,18.0,129.4,1.0,6.0,10.0,5.0,5.142857142857143,5.928571428571429,3.4846602621858476,2,0,29,0,0,148,0.0
2026-07-16,SKU-0001,8.0,22297.6,2787.2,0,False,False,False,29,7,Summer,0,,Small Appliances,Air Purifiers,2026-02-17,1462.76,2787.2,62.2,92.0,18.0,129.4,3.0,6.0,12.0,4.0,4.714285714285714,5.857142857142857,3.5456210417116734,3,0,29,0,0,149,0.0
2026-07-17,SKU-0001,7.0,19510.4,2787.2,0,False,False,False,29,7,Summer,0,,Small Appliances,Air Purifiers,2026-02-17,1462.76,2787.2,62.2,92.0,18.0,129.4,8.0,12.0,7.0,6.0,5.0,6.0,3.7416573867739413,4,0,29,0,0,150,0.0
2026-07-18,SKU-0001,4.0,11148.8,2787.2,0,False,False,False,29,7,Summer,0,,Small Appliances,Air Purifiers,2026-02-17,1462.76,2787.2,62.2,92.0,18.0,129.4,7.0,4.0,6.0,8.0,4.285714285714286,6.035714285714286,2.4299715851758235,5,1,29,0,0,151,0.0
2026-07-19,SKU-0001,5.0,13936.0,2787.2,0,False,False,False,29,7,Summer,0,,Small Appliances,Air Purifiers,2026-02-17,1462.76,2787.2,62.2,92.0,18.0,129.4,4.0,3.0,10.0,2.0,4.285714285714286,5.892857142857143,2.4299715851758235,6,1,29,0,0,152,0.0
2026-07-20,SKU-0001,9.0,25084.8,2787.2,0,False,False,False,30,7,Summer,0,,Small Appliances,Air Purifiers,2026-02-17,1462.76,2787.2,25.2,173.0,18.0,129.4,5.0,4.0,6.0,7.0,4.571428571428571,6.0,2.370453040886408,0,0,30,0,0,153,0.0
2026-07-21,SKU-0001,5.0,13936.0,2787.2,0,False,False,False,30,7,Summer,0,,Small Appliances,Air Purifiers,2026-02-17,1462.76,2787.2,25.2,173.0,18.0,129.4,9.0,1.0,6.0,4.0,5.285714285714286,6.071428571428571,2.8702082220799303,1,0,30,0,0,154,0.0
2026-07-22,SKU-0001,3.0,8361.6,2787.2,0,False,False,False,30,7,Summer,0,,Small Appliances,Air Purifiers,2026-02-17,1462.76,2787.2,25.2,173.0,18.0,129.4,5.0,3.0,6.0,3.0,5.857142857142857,6.107142857142857,2.193062655175133,2,0,30,0,0,155,0.0
2026-07-23,SKU-0001,8.0,22297.6,2787.2,0,False,False,False,30,7,Summer,0,,Small Appliances,Air Purifiers,2026-02-17,1462.76,2787.2,25.2,173.0,18.0,129.4,3.0,8.0,6.0,6.0,5.857142857142857,6.107142857142857,2.193062655175133,3,0,30,0,0,156,0.0
2026-07-24,SKU-0001,3.0,8361.6,2787.2,0,False,False,False,30,7,Summer,0,,Small Appliances,Air Purifiers,2026-02-17,1462.76,2787.2,25.2,173.0,18.0,129.4,8.0,7.0,12.0,7.0,5.857142857142857,6.178571428571429,2.193062655175133,4,0,30,0,0,157,0.0
2026-07-25,SKU-0001,5.0,13936.0,2787.2,0,False,False,False,30,7,Summer,0,,Small Appliances,Air Purifiers,2026-02-17,1462.76,2787.2,25.2,173.0,18.0,129.4,3.0,4.0,4.0,6.0,5.285714285714286,6.035714285714286,2.3603873774083284,5,1,30,0,0,158,0.0
2026-07-26,SKU-0001,8.0,22297.6,2787.2,0,False,False,False,30,7,Summer,0,,Small Appliances,Air Purifiers,2026-02-17,1462.76,2787.2,25.2,173.0,18.0,129.4,5.0,5.0,3.0,8.0,5.428571428571429,6.0,2.2990681342044392,6,1,30,0,0,159,0.0
2026-07-27,SKU-0001,1.0,2787.2,2787.2,0,False,False,True,31,7,Summer,0,,Small Appliances,Air Purifiers,2026-02-17,1462.76,2787.2,84.2,81.0,18.0,129.4,8.0,9.0,4.0,4.0,5.857142857142857,6.0,2.478478796128209,0,0,31,0,0,160,0.0
2026-07-28,SKU-0001,4.0,11148.8,2787.2,0,False,False,False,31,7,Summer,0,,Small Appliances,Air Purifiers,2026-02-17,1462.76,2787.2,84.2,81.0,18.0,129.4,1.0,5.0,1.0,3.0,4.714285714285714,5.892857142857143,2.6276913640612176,1,0,31,0,0,161,0.0
2026-07-29,SKU-0001,3.0,8361.6,2787.2,0,False,False,False,31,7,Summer,0,,Small Appliances,Air Purifiers,2026-02-17,1462.76,2787.2,84.2,81.0,18.0,129.4,4.0,3.0,3.0,10.0,4.571428571428571,5.928571428571429,2.6367367999823093,2,0,31,0,0,162,0.0
2026-07-30,SKU-0001,6.0,16723.2,2787.2,0,False,False,False,31,7,Summer,0,,Small Appliances,Air Purifiers,2026-02-17,1462.76,2787.2,84.2,81.0,18.0,129.4,3.0,8.0,8.0,12.0,4.571428571428571,5.678571428571429,2.6367367999823093,3,0,31,0,0,163,0.0
2026-07-31,SKU-0001,7.0,19510.4,2787.2,0,False,False,False,31,7,Summer,0,,Small Appliances,Air Purifiers,2026-02-17,1462.76,2787.2,84.2,81.0,18.0,129.4,6.0,3.0,7.0,7.0,4.285714285714286,5.464285714285714,2.2886885410853166,4,0,31,0,0,164,0.0
2026-08-01,SKU-0001,7.0,19510.4,2787.2,0,False,False,False,31,8,Summer,0,,Small Appliances,Air Purifiers,2026-02-17,1462.76,2787.2,84.2,81.0,18.0,129.4,7.0,5.0,4.0,6.0,4.857142857142857,5.464285714285714,2.410295378065478,5,1,31,0,0,165,0.0
2026-08-02,SKU-0001,4.0,11148.8,2787.2,0,False,False,False,31,8,Summer,0,,Small Appliances,Air Purifiers,2026-02-17,1462.76,2787.2,84.2,81.0,18.0,129.4,7.0,8.0,5.0,10.0,5.142857142857143,5.5,2.5448360411214064,6,1,31,0,0,166,0.0
2026-08-03,SKU-0001,3.0,8361.6,2787.2,0,False,False,False,32,8,Summer,0,,Small Appliances,Air Purifiers,2026-02-17,1462.76,2787.2,50.2,81.0,18.0,129.4,4.0,1.0,9.0,6.0,4.571428571428571,5.285714285714286,2.2253945610567465,0,0,32,0,0,167,0.0
2026-08-04,SKU-0001,3.0,8361.6,2787.2,0,False,False,False,32,8,Summer,0,,Small Appliances,Air Purifiers,2026-02-17,1462.76,2787.2,50.2,81.0,18.0,129.4,3.0,4.0,5.0,6.0,4.857142857142857,5.178571428571429,1.7728105208558356,1,0,32,0,0,168,0.0
2026-08-05,SKU-0001,7.0,19510.4,2787.2,0,False,False,False,32,8,Summer,0,,Small Appliances,Air Purifiers,2026-02-17,1462.76,2787.2,50.2,81.0,18.0,129.4,3.0,3.0,3.0,6.0,4.714285714285714,5.071428571428571,1.8898223650461352,2,0,32,0,0,169,0.0
2026-08-06,SKU-0001,3.0,8361.6,2787.2,0,False,False,False,32,8,Summer,0,,Small Appliances,Air Purifiers,2026-02-17,1462.76,2787.2,50.2,81.0,18.0,129.4,7.0,6.0,8.0,6.0,5.285714285714286,5.107142857142857,1.8898223650461348,3,0,32,0,0,170,0.0
2026-08-07,SKU-0001,4.0,11148.8,2787.2,0,False,False,False,32,8,Summer,0,,Small Appliances,Air Purifiers,2026-02-17,1462.76,2787.2,50.2,81.0,18.0,129.4,3.0,7.0,3.0,12.0,4.857142857142857,5.0,2.0354009783964284,4,0,32,0,0,171,0.0
2026-08-08,SKU-0001,5.0,13936.0,2787.2,0,False,False,False,32,8,Summer,0,,Small Appliances,Air Purifiers,2026-02-17,1462.76,2787.2,50.2,81.0,18.0,129.4,4.0,7.0,5.0,4.0,4.428571428571429,4.714285714285714,1.8126539343499306,5,1,32,0,0,172,0.0
2026-08-09,SKU-0001,4.0,11148.8,2787.2,0,False,False,False,32,8,Summer,0,,Small Appliances,Air Purifiers,2026-02-17,1462.76,2787.2,50.2,81.0,18.0,129.4,5.0,4.0,8.0,3.0,4.142857142857143,4.75,1.4638501094227991,6,1,32,0,0,173,0.0
2026-08-10,SKU-0001,6.0,16723.2,2787.2,0,False,False,False,33,8,Summer,0,,Small Appliances,Air Purifiers,2026-02-17,1462.76,2787.2,99.2,99.0,18.0,129.4,4.0,3.0,1.0,4.0,4.142857142857143,4.785714285714286,1.4638501094227991,0,0,33,0,0,174,0.0
2026-08-11,SKU-0001,2.0,5574.4,2787.2,0,False,False,False,33,8,Summer,0,,Small Appliances,Air Purifiers,2026-02-17,1462.76,2787.2,99.2,99.0,18.0,129.4,6.0,3.0,4.0,1.0,4.571428571428571,4.857142857142857,1.511857892036908,1,0,33,0,0,175,0.0
2026-08-12,SKU-0001,6.0,16723.2,2787.2,0,False,False,False,33,8,Summer,0,,Small Appliances,Air Purifiers,2026-02-17,1462.76,2787.2,99.2,99.0,18.0,129.4,2.0,7.0,3.0,3.0,4.428571428571429,4.892857142857143,1.7182493859684482,2,0,33,0,0,176,0.0
2026-08-13,SKU-0001,3.0,8361.6,2787.2,0,False,False,False,33,8,Summer,0,,Small Appliances,Air Purifiers,2026-02-17,1462.76,2787.2,99.2,99.0,18.0,129.4,6.0,3.0,6.0,8.0,4.285714285714286,5.0,1.4960264830861902,3,0,33,0,0,177,0.0
2026-08-14,SKU-0001,7.0,19510.4,2787.2,0,False,False,False,33,8,Summer,0,,Small Appliances,Air Purifiers,2026-02-17,1462.76,2787.2,99.2,99.0,18.0,129.4,3.0,4.0,7.0,7.0,4.285714285714286,4.821428571428571,1.4960264830861902,4,0,33,0,0,178,0.0
2026-08-15,SKU-0001,3.0,8361.6,2787.2,0,False,False,False,33,8,Summer,1,,Small Appliances,Air Purifiers,2026-02-17,1462.76,2787.2,99.2,99.0,18.0,129.4,7.0,5.0,7.0,4.0,4.714285714285714,4.821428571428571,1.7994708216848734,5,1,33,0,0,179,0.0
2026-08-16,SKU-0001,1.0,2787.2,2787.2,0,False,False,False,33,8,Summer,0,,Small Appliances,Air Purifiers,2026-02-17,1462.76,2787.2,99.2,99.0,18.0,129.4,3.0,4.0,4.0,5.0,4.428571428571429,4.785714285714286,1.9023794624226826,6,1,33,0,0,180,0.0
2025-02-15,SKU-0002,5.0,9289.9,1857.98,0,False,False,False,7,2,Winter,0,,Decor,Wall Art,2025-02-15,892.92,1857.98,,,,,,,,,,,,5,1,7,0,0,0,0.0
2025-02-16,SKU-0002,2.0,3715.96,1857.98,0,False,False,False,7,2,Winter,0,,Decor,Wall Art,2025-02-15,892.92,1857.98,,,,,5.0,,,,,,,6,1,7,0,0,1,0.0
2025-02-17,SKU-0002,6.0,11147.88,1857.98,0,False,False,False,8,2,Winter,0,,Decor,Wall Art,2025-02-15,892.92,1857.98,114.5,0.0,16.0,72.5,2.0,,,,,,,0,0,8,0,0,2,0.0
2025-02-18,SKU-0002,7.0,13005.86,1857.98,0,False,False,False,8,2,Winter,0,,Decor,Wall Art,2025-02-15,892.92,1857.98,114.5,0.0,16.0,72.5,6.0,,,,,,,1,0,8,0,0,3,0.0
2025-02-19,SKU-0002,5.0,9289.9,1857.98,0,False,False,False,8,2,Winter,0,,Decor,Wall Art,2025-02-15,892.92,1857.98,114.5,0.0,16.0,72.5,7.0,,,,,,,2,0,8,0,0,4,0.0
2025-02-20,SKU-0002,1.0,1857.98,1857.98,0,False,False,False,8,2,Winter,0,,Decor,Wall Art,2025-02-15,892.92,1857.98,114.5,0.0,16.0,72.5,5.0,,,,,,,3,0,8,0,0,5,0.0
2025-02-21,SKU-0002,5.0,9289.9,1857.98,0,False,False,False,8,2,Winter,0,,Decor,Wall Art,2025-02-15,892.92,1857.98,114.5,0.0,16.0,72.5,1.0,,,,,,,4,0,8,0,0,6,0.0
2025-02-22,SKU-0002,5.0,9289.9,1857.98,0,False,False,False,8,2,Winter,0,,Decor,Wall Art,2025-02-15,892.92,1857.98,114.5,0.0,16.0,72.5,5.0,5.0,,,4.428571428571429,,2.1491969707422385,5,1,8,0,0,7,0.0
2025-02-23,SKU-0002,9.0,16721.82,1857.98,0,False,False,False,8,2,Winter,0,,Decor,Wall Art,2025-02-15,892.92,1857.98,114.5,0.0,16.0,72.5,5.0,2.0,,,4.428571428571429,,2.1491969707422385,6,1,8,0,0,8,0.0
2025-02-24,SKU-0002,5.0,9289.9,1857.98,0,False,False,False,9,2,Winter,0,,Decor,Wall Art,2025-02-15,892.92,1857.98,77.5,0.0,16.0,72.5,9.0,6.0,,,5.428571428571429,,2.439750182371331,0,0,9,0,0,9,0.0
2025-02-25,SKU-0002,3.0,5573.94,1857.98,0,False,False,False,9,2,Winter,0,,Decor,Wall Art,2025-02-15,892.92,1857.98,77.5,0.0,16.0,72.5,5.0,7.0,,,5.285714285714286,,2.4299715851758212,1,0,9,0,0,10,0.0
2025-02-26,SKU-0002,4.0,7431.92,1857.98,0,False,False,False,9,2,Winter,0,,Decor,Wall Art,2025-02-15,892.92,1857.98,77.5,0.0,16.0,72.5,3.0,5.0,,,4.714285714285714,,2.429971585175822,2,0,9,0,0,11,0.0
2025-02-27,SKU-0002,4.0,7431.92,1857.98,0,False,False,False,9,2,Winter,0,,Decor,Wall Art,2025-02-15,892.92,1857.98,77.5,0.0,16.0,72.5,4.0,1.0,,,4.571428571428571,,2.4397501823713315,3,0,9,0,0,12,0.0
2025-02-28,SKU-0002,6.0,11147.88,1857.98,0,False,False,False,9,2,Winter,0,,Decor,Wall Art,2025-02-15,892.92,1857.98,77.5,0.0,16.0,72.5,4.0,5.0,,,5.0,,1.9148542155126738,4,0,9,0,0,13,0.0
2025-03-01,SKU-0002,10.0,15235.44,1523.54,1,False,False,False,9,3,Spring,0,Spring Sale,Decor,Wall Art,2025-02-15,892.92,1857.98,77.5,0.0,16.0,72.5,6.0,5.0,5.0,,5.142857142857143,,1.9518001458970637,5,1,9,1,1,14,0.18000193758813343
2025-03-02,SKU-0002,8.0,12188.35,1523.54,1,False,False,False,9,3,Spring,0,Spring Sale,Decor,Wall Art,2025-02-15,892.92,1857.98,77.5,0.0,16.0,72.5,10.0,9.0,2.0,,5.857142857142857,,2.6726124191242415,6,1,9,1,1,15,0.18000193758813343
2025-03-03,SKU-0002,8.0,12188.35,1523.54,1,False,False,False,10,3,Spring,0,Spring Sale,Decor,Wall Art,2025-02-15,892.92,1857.98,34.5,73.8,16.0,72.5,8.0,5.0,6.0,,5.714285714285714,,2.497617912751113,0,0,10,1,1,16,0.18000193758813343
2025-03-04,SKU-0002,5.0,7617.72,1523.54,1,False,False,False,10,3,Spring,0,Spring Sale,Decor,Wall Art,2025-02-15,892.92,1857.98,34.5,73.8,16.0,72.5,8.0,3.0,7.0,,6.142857142857143,,2.609506430251475,1,0,10,1,1,17,0.18000193758813343
2025-03-05,SKU-0002,7.0,10664.81,1523.54,1,False,False,False,10,3,Spring,0,Spring Sale,Decor,Wall Art,2025-02-15,892.92,1857.98,34.5,73.8,16.0,72.5,5.0,4.0,5.0,,6.428571428571429,,2.2990681342044375,2,0,10,1,1,18,0.18000193758813343
2025-03-06,SKU-0002,1.0,1523.54,1523.54,1,False,False,False,10,3,Spring,0,Spring Sale,Decor,Wall Art,2025-02-15,892.92,1857.98,34.5,73.8,16.0,72.5,7.0,4.0,1.0,,6.857142857142857,,2.035400978396426,3,0,10,1,1,19,0.18000193758813343
2025-03-07,SKU-0002,5.0,7617.72,1523.54,1,False,False,False,10,3,Spring,0,Spring Sale,Decor,Wall Art,2025-02-15,892.92,1857.98,34.5,73.8,16.0,72.5,1.0,6.0,5.0,,6.428571428571429,,2.8784916685156956,4,0,10,1,1,20,0.18000193758813343
2025-03-08,SKU-0002,7.0,10664.81,1523.5436,1,False,False,True,10,3,Spring,0,Spring Sale,Decor,Wall Art,2025-02-15,892.92,1857.98,34.5,73.8,16.0,72.5,5.0,10.0,5.0,,6.285714285714286,,2.927700218845597,5,1,10,1,1,21,0.18000000000000005
2025-03-09,SKU-0002,2.0,3047.09,1523.54,1,False,False,False,10,3,Spring,0,Spring Sale,Decor,Wall Art,2025-02-15,892.92,1857.98,34.5,73.8,16.0,72.5,7.0,8.0,9.0,,5.857142857142857,,2.4784787961282078,6,1,10,1,1,22,0.18000193758813343
2025-03-10,SKU-0002,7.502997043515378,11431.14,1523.54,1,False,False,False,11,3,Spring,0,Spring Sale,Decor,Wall Art,2025-02-15,892.92,1857.98,0.0,73.8,16.0,72.5,2.0,8.0,5.0,,5.0,,2.645751311064589,0,0,11,1,1,23,0.18000193758813343
2025-03-11,SKU-0002,0.0,0.0,1857.98,0,False,False,False,11,3,Spring,0,,Decor,Wall Art,2025-02-15,892.92,1857.98,0.0,73.8,16.0,72.5,7.502997043515378,5.0,3.0,,4.928999577645054,,2.557006934550126,1,0,11,0,0,24,0.0
2025-03-12,SKU-0002,0.0,0.0,1857.98,0,False,False,False,11,3,Spring,0,,Decor,Wall Art,2025-02-15,892.92,1857.98,0.0,73.8,16.0,72.5,0.0,7.0,4.0,,4.21471386335934,,3.1609142660799523,2,0,11,0,0,25,0.0
2025-03-13,SKU-0002,0.0,0.0,1857.98,0,False,False,False,11,3,Spring,0,,Decor,Wall Art,2025-02-15,892.92,1857.98,0.0,73.8,16.0,72.5,0.0,1.0,4.0,,3.2147138633593397,,3.2391940374131485,3,0,11,0,0,26,0.0
2025-03-14,SKU-0002,0.0,0.0,1857.98,0,False,False,False,11,3,Spring,0,,Decor,Wall Art,2025-02-15,892.92,1857.98,0.0,73.8,16.0,72.5,0.0,5.0,6.0,,3.071856720502197,,3.372458021877092,4,0,11,0,0,27,0.0
2025-03-15,SKU-0002,0.0,0.0,1857.98,0,False,False,False,11,3,Spring,0,,Decor,Wall Art,2025-02-15,892.92,1857.98,0.0,73.8,16.0,72.5,0.0,7.0,10.0,5.0,2.3575710062164825,4.553678465839835,3.4251028522155917,5,1,11,0,0,28,0.0
2025-03-16,SKU-0002,0.0,0.0,1857.98,0,False,False,True,11,3,Spring,0,,Decor,Wall Art,2025-02-15,892.92,1857.98,0.0,73.8,16.0,72.5,0.0,2.0,8.0,2.0,1.3575710062164827,4.375107037268406,2.8105151181637824,6,1,11,0,0,29,0.0
2025-03-17,SKU-0002,0.0,0.0,1857.98,0,False,False,False,12,3,Spring,0,,Decor,Wall Art,2025-02-15,892.92,1857.98,0.0,73.8,16.0,72.5,0.0,7.502997043515378,8.0,6.0,1.0718567205021967,4.303678465839835,2.83586632354208,0,0,12,0,0,30,0.0
2025-03-18,SKU-0002,0.0,0.0,1857.98,0,False,False,False,12,3,Spring,0,,Decor,Wall Art,2025-02-15,892.92,1857.98,0.0,73.8,16.0,72.5,0.0,0.0,5.0,7.0,0.0,4.08939275155412,0.0,1,0,12,0,0,31,0.0
2025-03-19,SKU-0002,8.0,14863.84,1857.98,0,False,False,False,12,3,Spring,0,,Decor,Wall Art,2025-02-15,892.92,1857.98,0.0,73.8,16.0,72.5,0.0,0.0,7.0,5.0,0.0,3.839392751554121,0.0,2,0,12,0,0,32,0.0
2025-03-20,SKU-0002,1.0,1857.98,1857.98,0,False,False,False,12,3,Spring,0,,Decor,Wall Art,2025-02-15,892.92,1857.98,0.0,73.8,16.0,72.5,8.0,0.0,1.0,1.0,1.1428571428571428,3.9465356086969776,3.023715784073818,3,0,12,0,0,33,0.0
2025-03-21,SKU-0002,1.0,1857.98,1857.98,0,False,False,False,12,3,Spring,0,,Decor,Wall Art,2025-02-15,892.92,1857.98,0.0,73.8,16.0,72.5,1.0,0.0,5.0,5.0,1.2857142857142858,3.9465356086969776,2.984084768360628,4,0,12,0,0,34,0.0
2025-03-22,SKU-0002,3.0,5573.94,1857.98,0,False,False,False,12,3,Spring,0,,Decor,Wall Art,2025-02-15,892.92,1857.98,0.0,73.8,16.0,72.5,1.0,0.0,7.0,5.0,1.4285714285714286,3.803678465839835,2.9358214555806383,5,1,12,0,0,35,0.0
2025-03-23,SKU-0002,2.0,3715.96,1857.98,0,False,False,False,12,3,Spring,0,,Decor,Wall Art,2025-02-15,892.92,1857.98,0.0,73.8,16.0,72.5,3.0,0.0,2.0,9.0,1.8571428571428572,3.7322498944112636,2.9113897843110044,6,1,12,0,0,36,0.0
2025-03-24,SKU-0002,0.0,0.0,1857.98,0,False,False,False,13,3,Spring,0,,Decor,Wall Art,2025-02-15,892.92,1857.98,58.8,49.5,16.0,72.5,2.0,0.0,7.502997043515378,5.0,2.142857142857143,3.4822498944112636,2.7945525240230875,0,0,13,0,0,37,0.0
2025-03-25,SKU-0002,0.0,0.0,1857.98,0,False,False,False,13,3,Spring,0,,Decor,Wall Art,2025-02-15,892.92,1857.98,58.8,49.5,16.0,72.5,0.0,0.0,0.0,3.0,2.142857142857143,3.303678465839835,2.7945525240230875,1,0,13,0,0,38,0.0
2025-03-26,SKU-0002,3.0,5573.94,1857.98,0,False,False,False,13,3,Spring,0,,Decor,Wall Art,2025-02-15,892.92,1857.98,58.8,49.5,16.0,72.5,0.0,8.0,0.0,4.0,2.142857142857143,3.1965356086969776,2.7945525240230875,2,0,13,0,0,39,0.0
2025-03-27,SKU-0002,3.0,5573.94,1857.98,0,False,False,False,13,3,Spring,0,,Decor,Wall Art,2025-02-15,892.92,1857.98,58.8,49.5,16.0,72.5,3.0,1.0,0.0,4.0,1.4285714285714286,3.160821322982692,1.2724180205607034,3,0,13,0,0,40,0.0
2025-03-28,SKU-0002,7.0,13005.86,1857.98,0,False,False,False,13,3,Spring,0,,Decor,Wall Art,2025-02-15,892.92,1857.98,58.8,49.5,16.0,72.5,3.0,1.0,0.0,6.0,1.7142857142857142,3.1251070372684064,1.3801311186847083,4,0,13,0,0,41,0.0
2025-03-29,SKU-0002,6.0,11147.88,1857.98,0,False,False,False,13,3,Spring,0,,Decor,Wall Art,2025-02-15,892.92,1857.98,58.8,49.5,16.0,72.5,7.0,3.0,0.0,10.0,2.5714285714285716,3.160821322982692,2.370453040886408,5,1,13,0,0,42,0.0
2025-03-30,SKU-0002,1.0,1857.98,1857.98,0,False,False,False,13,3,Spring,0,,Decor,Wall Art,2025-02-15,892.92,1857.98,58.8,49.5,16.0,72.5,6.0,2.0,0.0,8.0,3.0,3.0179641801255492,2.70801280154532,6,1,13,0,0,43,0.0
2025-03-31,SKU-0002,3.0,5573.94,1857.98,0,False,False,False,14,3,Spring,0,,Decor,Wall Art,2025-02-15,892.92,1857.98,35.8,49.5,16.0,72.5,1.0,0.0,0.0,8.0,2.857142857142857,2.7679641801255492,2.7945525240230875,0,0,14,0,0,44,0.0
2025-04-01,SKU-0002,2.0,3715.96,1857.98,0,False,False,False,14,4,Spring,0,,Decor,Wall Art,2025-02-15,892.92,1857.98,35.8,49.5,16.0,72.5,3.0,0.0,0.0,5.0,3.2857142857142856,2.589392751554121,2.4976179127511156,1,0,14,0,0,45,0.0
2025-04-02,SKU-0002,1.0,1857.98,1857.98,0,False,False,False,14,4,Spring,0,,Decor,Wall Art,2025-02-15,892.92,1857.98,35.8,49.5,16.0,72.5,2.0,3.0,8.0,7.0,3.5714285714285716,2.4822498944112636,2.14919697074224,2,0,14,0,0,46,0.0
2025-04-03,SKU-0002,3.0,5573.94,1857.98,0,False,False,True,14,4,Spring,0,,Decor,Wall Art,2025-02-15,892.92,1857.98,35.8,49.5,16.0,72.5,1.0,3.0,1.0,1.0,3.2857142857142856,2.2679641801255492,2.3603873774083297,3,0,14,0,0,47,0.0
2025-04-04,SKU-0002,6.0,11147.88,1857.98,0,False,False,False,14,4,Spring,0,,Decor,Wall Art,2025-02-15,892.92,1857.98,35.8,49.5,16.0,72.5,3.0,7.0,1.0,5.0,3.2857142857142856,2.339392751554121,2.3603873774083297,4,0,14,0,0,48,0.0
2025-04-05,SKU-0002,3.0,5573.94,1857.98,0,False,False,False,14,4,Spring,0,,Decor,Wall Art,2025-02-15,892.92,1857.98,35.8,49.5,16.0,72.5,6.0,6.0,3.0,7.0,3.142857142857143,2.3751070372684064,2.1157009420498154,5,1,14,0,0,49,0.0
2025-04-06,SKU-0002,2.0,3715.96,1857.98,0,False,False,False,14,4,Spring,0,,Decor,Wall Art,2025-02-15,892.92,1857.98,35.8,49.5,16.0,72.5,3.0,1.0,2.0,2.0,2.7142857142857144,2.2322498944112636,1.7043362064926935,6,1,14,0,0,50,0.0
2025-04-07,SKU-0002,2.0,3715.96,1857.98,0,False,False,False,15,4,Spring,0,,Decor,Wall Art,2025-02-15,892.92,1857.98,16.8,91.5,16.0,72.5,2.0,3.0,0.0,7.502997043515378,2.857142857142857,2.2322498944112636,1.5735915849388864,0,0,15,0,0,51,0.0
2025-04-08,SKU-0002,2.0,3715.96,1857.98,0,False,False,False,15,4,Spring,0,,Decor,Wall Art,2025-02-15,892.92,1857.98,16.8,91.5,16.0,72.5,2.0,2.0,0.0,0.0,2.7142857142857144,2.0357142857142856,1.6035674514745464,1,0,15,0,0,52,0.0
2025-04-09,SKU-0002,1.0,1857.98,1857.98,0,False,False,False,15,4,Spring,0,,Decor,Wall Art,2025-02-15,892.92,1857.98,16.8,91.5,16.0,72.5,2.0,1.0,3.0,0.0,2.7142857142857144,2.107142857142857,1.6035674514745464,2,0,15,0,0,53,0.0
2025-04-10,SKU-0002,2.0,3715.96,1857.98,0,False,False,False,15,4,Spring,0,,Decor,Wall Art,2025-02-15,892.92,1857.98,16.8,91.5,16.0,72.5,1.0,3.0,3.0,0.0,2.7142857142857144,2.142857142857143,1.6035674514745464,3,0,15,0,0,54,0.0
2025-04-11,SKU-0002,1.0,1857.98,1857.98,0,False,False,False,15,4,Spring,0,,Decor,Wall Art,2025-02-15,892.92,1857.98,16.8,91.5,16.0,72.5,2.0,6.0,7.0,0.0,2.5714285714285716,2.2142857142857144,1.618347187425374,4,0,15,0,0,55,0.0
2025-04-12,SKU-0002,1.0,1857.98,1857.98,0,False,False,False,15,4,Spring,0,,Decor,Wall Art,2025-02-15,892.92,1857.98,16.8,91.5,16.0,72.5,1.0,3.0,6.0,0.0,1.8571428571428572,2.25,0.6900655593423534,5,1,15,0,0,56,0.0
2025-04-13,SKU-0002,3.0,5573.94,1857.98,0,False,False,False,15,4,Spring,0,,Decor,Wall Art,2025-02-15,892.92,1857.98,16.8,91.5,16.0,72.5,1.0,2.0,1.0,0.0,1.5714285714285714,2.2857142857142856,0.5345224838248471,6,1,15,0,0,57,0.0
2025-04-14,SKU-0002,0.0,0.0,1857.98,0,False,False,False,16,4,Spring,0,,Decor,Wall Art,2025-02-15,892.92,1857.98,56.3,42.0,16.0,72.5,3.0,2.0,3.0,0.0,1.7142857142857142,2.392857142857143,0.7559289460184535,0,0,16,0,0,58,0.0
2025-04-15,SKU-0002,2.0,3715.96,1857.98,0,False,False,False,16,4,Spring,0,,Decor,Wall Art,2025-02-15,892.92,1857.98,56.3,42.0,16.0,72.5,0.0,2.0,2.0,0.0,1.4285714285714286,2.392857142857143,0.9759000729485322,1,0,16,0,0,59,0.0
2025-04-16,SKU-0002,3.0,5573.94,1857.98,0,False,False,False,16,4,Spring,0,,Decor,Wall Art,2025-02-15,892.92,1857.98,56.3,42.0,16.0,72.5,2.0,1.0,1.0,8.0,1.4285714285714286,2.4642857142857144,0.9759000729485322,2,0,16,0,0,60,0.0
2025-04-17,SKU-0002,3.0,5573.94,1857.98,0,False,False,False,16,4,Spring,0,,Decor,Wall Art,2025-02-15,892.92,1857.98,56.3,42.0,16.0,72.5,3.0,2.0,3.0,1.0,1.7142857142857142,2.2857142857142856,1.1126972805283728,3,0,16,0,0,61,0.0
2025-04-18,SKU-0002,4.0,7431.92,1857.98,0,False,False,False,16,4,Spring,0,,Decor,Wall Art,2025-02-15,892.92,1857.98,56.3,42.0,16.0,72.5,3.0,1.0,6.0,1.0,1.8571428571428572,2.357142857142857,1.2149857925879113,4,0,16,0,0,62,0.0
2025-04-19,SKU-0002,4.0,7431.92,1857.98,0,False,False,False,16,4,Spring,0,,Decor,Wall Art,2025-02-15,892.92,1857.98,56.3,42.0,16.0,72.5,4.0,1.0,3.0,3.0,2.2857142857142856,2.4642857142857144,1.3801311186847083,5,1,16,0,0,63,0.0
2025-04-20,SKU-0002,4.0,7431.92,1857.98,0,False,False,False,16,4,Spring,0,,Decor,Wall Art,2025-02-15,892.92,1857.98,56.3,42.0,16.0,72.5,4.0,3.0,2.0,2.0,2.7142857142857144,2.5,1.3801311186847085,6,1,16,0,0,64,0.0
2025-04-21,SKU-0002,2.0,3715.96,1857.98,0,False,False,False,17,4,Spring,0,,Decor,Wall Art,2025-02-15,892.92,1857.98,34.3,42.0,16.0,72.5,4.0,0.0,2.0,0.0,2.857142857142857,2.5714285714285716,1.4638501094227998,0,0,17,0,0,65,0.0
2025-04-22,SKU-0002,2.0,3715.96,1857.98,0,False,False,False,17,4,Spring,0,,Decor,Wall Art,2025-02-15,892.92,1857.98,34.3,42.0,16.0,72.5,2.0,2.0,2.0,0.0,3.142857142857143,2.642857142857143,0.8997354108424377,1,0,17,0,0,66,0.0
2025-04-23,SKU-0002,2.0,3715.96,1857.98,0,False,False,False,17,4,Spring,0,,Decor,Wall Art,2025-02-15,892.92,1857.98,34.3,42.0,16.0,72.5,2.0,3.0,1.0,3.0,3.142857142857143,2.7142857142857144,0.8997354108424377,2,0,17,0,0,67,0.0
2025-04-24,SKU-0002,2.0,3715.96,1857.98,0,False,False,False,17,4,Spring,0,,Decor,Wall Art,2025-02-15,892.92,1857.98,34.3,42.0,16.0,72.5,2.0,3.0,2.0,3.0,3.0,2.6785714285714284,1.0,3,0,17,0,0,68,0.0
2025-04-25,SKU-0002,5.0,9289.9,1857.98,0,False,False,False,17,4,Spring,0,,Decor,Wall Art,2025-02-15,892.92,1857.98,34.3,42.0,16.0,72.5,2.0,4.0,1.0,7.0,2.857142857142857,2.642857142857143,1.0690449676496976,4,0,17,0,0,69,0.0
2025-04-26,SKU-0002,5.0,9289.9,1857.98,0,False,False,False,17,4,Spring,0,,Decor,Wall Art,2025-02-15,892.92,1857.98,34.3,42.0,16.0,72.5,5.0,4.0,1.0,6.0,3.0,2.5714285714285716,1.2909944487358056,5,1,17,0,0,70,0.0
2025-04-27,SKU-0002,1.0,1857.98,1857.98,0,False,False,False,17,4,Spring,0,,Decor,Wall Art,2025-02-15,892.92,1857.98,34.3,42.0,16.0,72.5,5.0,4.0,3.0,1.0,3.142857142857143,2.5357142857142856,1.4638501094227998,6,1,17,0,0,71,0.0
2025-04-28,SKU-0002,0.0,0.0,1857.98,0,False,False,False,18,4,Spring,0,,Decor,Wall Art,2025-02-15,892.92,1857.98,59.3,49.0,16.0,72.5,1.0,2.0,0.0,3.0,2.7142857142857144,2.5357142857142856,1.6035674514745462,0,0,18,0,0,72,0.0
2025-04-29,SKU-0002,3.0,5573.94,1857.98,0,False,False,False,18,4,Spring,0,,Decor,Wall Art,2025-02-15,892.92,1857.98,59.3,49.0,16.0,72.5,0.0,2.0,2.0,2.0,2.4285714285714284,2.4285714285714284,1.9023794624226833,1,0,18,0,0,73,0.0
2025-04-30,SKU-0002,2.0,3715.96,1857.98,0,False,False,False,18,4,Spring,0,,Decor,Wall Art,2025-02-15,892.92,1857.98,59.3,49.0,16.0,72.5,3.0,2.0,3.0,1.0,2.5714285714285716,2.4642857142857144,1.9023794624226833,2,0,18,0,0,74,0.0
2025-05-01,SKU-0002,5.0,9289.9,1857.98,0,False,False,False,18,5,Spring,0,,Decor,Wall Art,2025-02-15,892.92,1857.98,59.3,49.0,16.0,72.5,2.0,2.0,3.0,3.0,2.5714285714285716,2.5,1.9023794624226833,3,0,18,0,0,75,0.0
2025-05-02,SKU-0002,3.0,5573.94,1857.98,0,False,False,False,18,5,Spring,0,,Decor,Wall Art,2025-02-15,892.92,1857.98,59.3,49.0,16.0,72.5,5.0,5.0,4.0,6.0,3.0,2.5714285714285716,2.0816659994661326,4,0,18,0,0,76,0.0
2025-05-03,SKU-0002,0.0,0.0,1857.98,0,False,False,False,18,5,Spring,0,,Decor,Wall Art,2025-02-15,892.92,1857.98,59.3,49.0,16.0,72.5,3.0,5.0,4.0,3.0,2.7142857142857144,2.4642857142857144,1.8898223650461357,5,1,18,0,0,77,0.0
2025-05-04,SKU-0002,4.0,7431.92,1857.98,0,False,False,False,18,5,Spring,0,,Decor,Wall Art,2025-02-15,892.92,1857.98,59.3,49.0,16.0,72.5,0.0,1.0,4.0,2.0,2.0,2.357142857142857,1.8257418583505534,6,1,18,0,0,78,0.0
2025-05-05,SKU-0002,3.0,5573.94,1857.98,0,False,False,False,19,5,Spring,0,,Decor,Wall Art,2025-02-15,892.92,1857.98,39.3,49.0,16.0,72.5,4.0,0.0,2.0,2.0,2.4285714285714284,2.4285714285714284,1.902379462422683,0,0,19,0,0,79,0.0
2025-05-06,SKU-0002,2.0,3715.96,1857.98,0,False,False,False,19,5,Spring,0,,Decor,Wall Art,2025-02-15,892.92,1857.98,39.3,49.0,16.0,72.5,3.0,3.0,2.0,2.0,2.857142857142857,2.4642857142857144,1.5735915849388855,1,0,19,0,0,80,0.0
2025-05-07,SKU-0002,2.0,3715.96,1857.98,0,False,False,False,19,5,Spring,0,,Decor,Wall Art,2025-02-15,892.92,1857.98,39.3,49.0,16.0,72.5,2.0,2.0,2.0,1.0,2.7142857142857144,2.4642857142857144,1.6035674514745457,2,0,19,0,0,81,0.0
2025-05-08,SKU-0002,8.0,14863.84,1857.98,0,False,False,False,19,5,Spring,0,,Decor,Wall Art,2025-02-15,892.92,1857.98,39.3,49.0,16.0,72.5,2.0,5.0,2.0,2.0,2.7142857142857144,2.5,1.6035674514745457,3,0,19,0,0,82,0.0
2025-05-09,SKU-0002,2.0,3715.96,1857.98,0,False,False,False,19,5,Spring,0,,Decor,Wall Art,2025-02-15,892.92,1857.98,39.3,49.0,16.0,72.5,8.0,3.0,5.0,1.0,3.142857142857143,2.7142857142857144,2.47847879612821,4,0,19,0,0,83,0.0
2025-05-10,SKU-0002,1.0,1857.98,1857.98,0,False,False,False,19,5,Spring,0,,Decor,Wall Art,2025-02-15,892.92,1857.98,39.3,49.0,16.0,72.5,2.0,0.0,5.0,1.0,3.0,2.75,2.5166114784235827,5,1,19,0,0,84,0.0
2025-05-11,SKU-0002,3.0,5573.94,1857.98,0,False,False,False,19,5,Spring,0,,Decor,Wall Art,2025-02-15,892.92,1857.98,39.3,49.0,16.0,72.5,1.0,4.0,1.0,3.0,3.142857142857143,2.75,2.3401261667248785,6,1,19,0,0,85,0.0
2025-05-12,SKU-0002,4.0,7431.92,1857.98,0,False,False,False,20,5,Spring,0,,Decor,Wall Art,2025-02-15,892.92,1857.98,17.3,91.0,16.0,72.5,3.0,3.0,0.0,0.0,3.0,2.75,2.3094010767585025,0,0,20,0,0,86,0.0
2025-05-13,SKU-0002,3.0,5573.94,1857.98,0,False,False,False,20,5,Spring,0,,Decor,Wall Art,2025-02-15,892.92,1857.98,17.3,91.0,16.0,72.5,4.0,2.0,3.0,2.0,3.142857142857143,2.892857142857143,2.3401261667248785,1,0,20,0,0,87,0.0
2025-05-14,SKU-0002,4.0,7431.92,1857.98,0,False,False,False,20,5,Spring,0,,Decor,Wall Art,2025-02-15,892.92,1857.98,17.3,91.0,16.0,72.5,3.0,2.0,2.0,3.0,3.2857142857142856,2.9285714285714284,2.288688541085317,2,0,20,0,0,88,0.0
2025-05-15,SKU-0002,2.0,3715.96,1857.98,0,False,False,False,20,5,Spring,0,,Decor,Wall Art,2025-02-15,892.92,1857.98,17.3,91.0,16.0,72.5,4.0,8.0,5.0,3.0,3.5714285714285716,2.9642857142857144,2.225394561056747,3,0,20,0,0,89,0.0
2025-05-16,SKU-0002,2.0,3715.96,1857.98,0,False,False,False,20,5,Spring,0,,Decor,Wall Art,2025-02-15,892.92,1857.98,17.3,91.0,16.0,72.5,2.0,2.0,3.0,4.0,2.7142857142857144,2.9285714285714284,1.1126972805283726,4,0,20,0,0,90,0.0
2025-05-17,SKU-0002,6.0,11147.88,1857.98,0,False,False,False,20,5,Spring,0,,Decor,Wall Art,2025-02-15,892.92,1857.98,17.3,91.0,16.0,72.5,2.0,1.0,0.0,4.0,2.7142857142857144,2.857142857142857,1.1126972805283726,5,1,20,0,0,91,0.0
2025-05-18,SKU-0002,2.0,3715.96,1857.98,0,False,False,False,20,5,Spring,0,,Decor,Wall Art,2025-02-15,892.92,1857.98,17.3,91.0,16.0,72.5,6.0,3.0,4.0,4.0,3.4285714285714284,2.9285714285714284,1.3972762620115435,6,1,20,0,0,92,0.0
2025-05-19,SKU-0002,4.0,7431.92,1857.98,0,False,False,False,21,5,Spring,0,,Decor,Wall Art,2025-02-15,892.92,1857.98,43.3,42.0,16.0,72.5,2.0,4.0,3.0,2.0,3.2857142857142856,2.857142857142857,1.496026483086191,0,0,21,0,0,93,0.0
2025-05-20,SKU-0002,3.0,5573.94,1857.98,0,False,False,False,21,5,Spring,0,,Decor,Wall Art,2025-02-15,892.92,1857.98,43.3,42.0,16.0,72.5,4.0,3.0,2.0,2.0,3.2857142857142856,2.9285714285714284,1.496026483086191,1,0,21,0,0,94,0.0
2025-05-21,SKU-0002,1.0,1857.98,1857.98,0,False,False,False,21,5,Spring,0,,Decor,Wall Art,2025-02-15,892.92,1857.98,43.3,42.0,16.0,72.5,3.0,4.0,2.0,2.0,3.2857142857142856,2.9642857142857144,1.496026483086191,2,0,21,0,0,95,0.0
2025-05-22,SKU-0002,1.0,1857.98,1857.98,0,False,False,False,21,5,Spring,0,,Decor,Wall Art,2025-02-15,892.92,1857.98,43.3,42.0,16.0,72.5,1.0,2.0,8.0,2.0,2.857142857142857,2.9285714285714284,1.676163419695051,3,0,21,0,0,96,0.0
2025-05-23,SKU-0002,3.0,5573.94,1857.98,0,False,False,False,21,5,Spring,0,,Decor,Wall Art,2025-02-15,892.92,1857.98,43.3,42.0,16.0,72.5,1.0,2.0,2.0,5.0,2.7142857142857144,2.892857142857143,1.799470821684874,4,0,21,0,0,97,0.0
2025-05-24,SKU-0002,5.0,9289.9,1857.98,0,False,False,False,21,5,Spring,0,,Decor,Wall Art,2025-02-15,892.92,1857.98,43.3,42.0,16.0,72.5,3.0,6.0,1.0,5.0,2.857142857142857,2.8214285714285716,1.7728105208558362,5,1,21,0,0,98,0.0
2025-05-25,SKU-0002,6.0,11147.88,1857.98,0,False,False,False,21,5,Spring,0,,Decor,Wall Art,2025-02-15,892.92,1857.98,43.3,42.0,16.0,72.5,5.0,2.0,3.0,1.0,2.7142857142857144,2.8214285714285716,1.4960264830861907,6,1,21,0,0,99,0.0
2025-05-26,SKU-0002,2.0,3715.96,1857.98,0,False,False,False,22,5,Spring,0,,Decor,Wall Art,2025-02-15,892.92,1857.98,22.3,86.0,16.0,72.5,6.0,4.0,4.0,0.0,3.2857142857142856,3.0,1.8898223650461357,0,0,22,0,0,100,0.0
2025-05-27,SKU-0002,3.0,5573.94,1857.98,0,False,False,False,22,5,Spring,0,,Decor,Wall Art,2025-02-15,892.92,1857.98,22.3,86.0,16.0,72.5,2.0,3.0,3.0,3.0,3.0,3.0714285714285716,1.914854215512676,1,0,22,0,0,101,0.0
2025-05-28,SKU-0002,1.0,1857.98,1857.98,0,False,False,False,22,5,Spring,0,,Decor,Wall Art,2025-02-15,892.92,1857.98,22.3,86.0,16.0,72.5,3.0,1.0,4.0,2.0,3.0,3.0714285714285716,1.914854215512676,2,0,22,0,0,102,0.0
2025-05-29,SKU-0002,3.0,5573.94,1857.98,0,False,False,False,22,5,Spring,0,,Decor,Wall Art,2025-02-15,892.92,1857.98,22.3,86.0,16.0,72.5,1.0,1.0,2.0,5.0,3.0,3.0357142857142856,1.914854215512676,3,0,22,0,0,103,0.0
2025-05-30,SKU-0002,3.0,5573.94,1857.98,0,False,False,False,22,5,Spring,0,,Decor,Wall Art,2025-02-15,892.92,1857.98,22.3,86.0,16.0,72.5,3.0,3.0,2.0,3.0,3.2857142857142856,2.9642857142857144,1.704336206492693,4,0,22,0,0,104,0.0
2025-05-31,SKU-0002,2.0,3715.96,1857.98,0,False,False,False,22,5,Spring,0,,Decor,Wall Art,2025-02-15,892.92,1857.98,22.3,86.0,16.0,72.5,3.0,5.0,6.0,0.0,3.2857142857142856,2.9642857142857144,1.704336206492693,5,1,22,0,0,105,0.0
2025-06-01,SKU-0002,8.0,14863.84,1857.98,0,False,False,False,22,6,Summer,0,,Decor,Wall Art,2025-02-15,892.92,1857.98,22.3,86.0,16.0,72.5,2.0,6.0,2.0,4.0,2.857142857142857,3.0357142857142856,1.573591584938886,6,1,22,0,0,106,0.0
2025-06-02,SKU-0002,1.0,1857.98,1857.98,0,False,False,False,23,6,Summer,0,,Decor,Wall Art,2025-02-15,892.92,1857.98,43.3,44.0,16.0,72.5,8.0,2.0,4.0,3.0,3.142857142857143,3.1785714285714284,2.267786838055363,0,0,23,0,0,107,0.0
2025-06-03,SKU-0002,4.0,7431.92,1857.98,0,False,False,False,23,6,Summer,0,,Decor,Wall Art,2025-02-15,892.92,1857.98,43.3,44.0,16.0,72.5,1.0,3.0,3.0,2.0,3.0,3.107142857142857,2.380476142847616,1,0,23,0,0,108,0.0
2025-06-04,SKU-0002,8.0,14863.84,1857.98,0,False,False,False,23,6,Summer,0,,Decor,Wall Art,2025-02-15,892.92,1857.98,43.3,44.0,16.0,72.5,4.0,1.0,1.0,2.0,3.142857142857143,3.1785714285714284,2.4102953780654786,2,0,23,0,0,109,0.0
2025-06-05,SKU-0002,1.0,1857.98,1857.98,0,False,False,False,23,6,Summer,0,,Decor,Wall Art,2025-02-15,892.92,1857.98,43.3,44.0,16.0,72.5,8.0,3.0,1.0,8.0,4.142857142857143,3.392857142857143,2.794552524023087,3,0,23,0,0,110,0.0
2025-06-06,SKU-0002,1.0,1857.98,1857.98,0,False,False,False,23,6,Summer,0,,Decor,Wall Art,2025-02-15,892.92,1857.98,43.3,44.0,16.0,72.5,1.0,3.0,3.0,2.0,3.857142857142857,3.142857142857143,3.0237157840738176,4,0,23,0,0,111,0.0
2025-06-07,SKU-0002,6.0,11147.88,1857.98,0,False,False,False,23,6,Summer,0,,Decor,Wall Art,2025-02-15,892.92,1857.98,43.3,44.0,16.0,72.5,1.0,2.0,5.0,1.0,3.5714285714285716,3.107142857142857,3.2071349029490923,5,1,23,0,0,112,0.0
2025-06-08,SKU-0002,3.0,5573.94,1857.98,0,False,False,False,23,6,Summer,0,,Decor,Wall Art,2025-02-15,892.92,1857.98,43.3,44.0,16.0,72.5,6.0,8.0,6.0,3.0,4.142857142857143,3.2857142857142856,3.2366943748507477,6,1,23,0,0,113,0.0
2025-06-09,SKU-0002,3.0,5573.94,1857.98,0,False,False,False,24,6,Summer,0,,Decor,Wall Art,2025-02-15,892.92,1857.98,17.3,91.0,16.0,72.5,3.0,1.0,2.0,4.0,3.4285714285714284,3.2857142857142856,2.760262237369416,0,0,24,0,0,114,0.0
2025-06-10,SKU-0002,3.0,5573.94,1857.98,0,False,False,False,24,6,Summer,0,,Decor,Wall Art,2025-02-15,892.92,1857.98,17.3,91.0,16.0,72.5,3.0,4.0,3.0,3.0,3.7142857142857144,3.25,2.5634797778466223,1,0,24,0,0,115,0.0
2025-06-11,SKU-0002,1.0,1857.98,1857.98,0,False,False,False,24,6,Summer,0,,Decor,Wall Art,2025-02-15,892.92,1857.98,17.3,91.0,16.0,72.5,3.0,8.0,1.0,4.0,3.5714285714285716,3.25,2.572750982712399,2,0,24,0,0,116,0.0
2025-06-12,SKU-0002,2.0,3715.96,1857.98,0,False,False,False,24,6,Summer,0,,Decor,Wall Art,2025-02-15,892.92,1857.98,17.3,91.0,16.0,72.5,1.0,1.0,3.0,2.0,2.5714285714285716,3.142857142857143,1.8126539343499306,3,0,24,0,0,117,0.0
2025-06-13,SKU-0002,1.0,1857.98,1857.98,0,False,False,False,24,6,Summer,0,,Decor,Wall Art,2025-02-15,892.92,1857.98,17.3,91.0,16.0,72.5,2.0,1.0,3.0,2.0,2.7142857142857144,3.142857142857143,1.7043362064926924,4,0,24,0,0,118,0.0
2025-06-14,SKU-0002,4.0,7431.92,1857.98,0,False,False,False,24,6,Summer,0,,Decor,Wall Art,2025-02-15,892.92,1857.98,17.3,91.0,16.0,72.5,1.0,6.0,2.0,6.0,2.7142857142857144,3.107142857142857,1.7043362064926924,5,1,24,0,0,119,0.0
2025-06-15,SKU-0002,2.0,3715.96,1857.98,0,False,False,False,24,6,Summer,0,,Decor,Wall Art,2025-02-15,892.92,1857.98,17.3,91.0,16.0,72.5,4.0,3.0,8.0,2.0,2.4285714285714284,3.0357142857142856,1.1338934190276804,6,1,24,0,0,120,0.0
2025-06-16,SKU-0002,3.0,5573.94,1857.98,0,False,False,False,25,6,Summer,0,,Decor,Wall Art,2025-02-15,892.92,1857.98,45.3,47.0,16.0,72.5,2.0,3.0,1.0,4.0,2.2857142857142856,3.0357142857142856,1.1126972805283724,0,0,25,0,0,121,0.0
2025-06-17,SKU-0002,3.0,5573.94,1857.98,0,False,False,False,25,6,Summer,0,,Decor,Wall Art,2025-02-15,892.92,1857.98,45.3,47.0,16.0,72.5,3.0,3.0,4.0,3.0,2.2857142857142856,3.0,1.1126972805283724,1,0,25,0,0,122,0.0
2025-06-18,SKU-0002,2.0,3715.96,1857.98,0,False,False,False,25,6,Summer,0,,Decor,Wall Art,2025-02-15,892.92,1857.98,45.3,47.0,16.0,72.5,3.0,1.0,8.0,1.0,2.2857142857142856,3.0,1.1126972805283724,2,0,25,0,0,123,0.0
2025-06-19,SKU-0002,4.0,7431.92,1857.98,0,False,False,False,25,6,Summer,0,,Decor,Wall Art,2025-02-15,892.92,1857.98,45.3,47.0,16.0,72.5,2.0,2.0,1.0,1.0,2.4285714285714284,3.0357142857142856,0.9759000729485316,3,0,25,0,0,124,0.0
2025-06-20,SKU-0002,0.0,0.0,1857.98,0,False,False,False,25,6,Summer,0,,Decor,Wall Art,2025-02-15,892.92,1857.98,45.3,47.0,16.0,72.5,4.0,1.0,1.0,3.0,2.7142857142857144,3.142857142857143,1.1126972805283721,4,0,25,0,0,125,0.0
2025-06-21,SKU-0002,2.0,3715.96,1857.98,0,False,False,False,25,6,Summer,0,,Decor,Wall Art,2025-02-15,892.92,1857.98,45.3,47.0,16.0,72.5,0.0,4.0,6.0,5.0,2.5714285714285716,3.0357142857142856,1.3972762620115426,5,1,25,0,0,126,0.0
2025-06-22,SKU-0002,2.0,3715.96,1857.98,0,False,False,False,25,6,Summer,0,,Decor,Wall Art,2025-02-15,892.92,1857.98,45.3,47.0,16.0,72.5,2.0,2.0,3.0,6.0,2.2857142857142856,2.9285714285714284,1.2535663410560163,6,1,25,0,0,127,0.0
2025-06-23,SKU-0002,1.0,1857.98,1857.98,0,False,False,False,26,6,Summer,0,,Decor,Wall Art,2025-02-15,892.92,1857.98,31.3,47.0,16.0,72.5,2.0,3.0,3.0,2.0,2.2857142857142856,2.7857142857142856,1.2535663410560163,0,0,26,0,0,128,0.0
2025-06-24,SKU-0002,3.0,5573.94,1857.98,0,False,False,False,26,6,Summer,0,,Decor,Wall Art,2025-02-15,892.92,1857.98,31.3,47.0,16.0,72.5,1.0,3.0,3.0,3.0,2.0,2.75,1.2909944487358047,1,0,26,0,0,129,0.0
2025-06-25,SKU-0002,3.0,5573.94,1857.98,0,False,False,False,26,6,Summer,0,,Decor,Wall Art,2025-02-15,892.92,1857.98,31.3,47.0,16.0,72.5,3.0,2.0,1.0,1.0,2.0,2.75,1.2909944487358047,2,0,26,0,0,130,0.0
2025-06-26,SKU-0002,1.0,1857.98,1857.98,0,False,False,False,26,6,Summer,0,,Decor,Wall Art,2025-02-15,892.92,1857.98,31.3,47.0,16.0,72.5,3.0,4.0,2.0,3.0,2.142857142857143,2.8214285714285716,1.3451854182690974,3,0,26,0,0,131,0.0
2025-06-27,SKU-0002,6.0,11147.88,1857.98,0,False,False,False,26,6,Summer,0,,Decor,Wall Art,2025-02-15,892.92,1857.98,31.3,47.0,16.0,72.5,1.0,0.0,1.0,3.0,1.7142857142857142,2.75,1.1126972805283726,4,0,26,0,0,132,0.0
2025-06-28,SKU-0002,2.0,3715.96,1857.98,0,False,False,False,26,6,Summer,0,,Decor,Wall Art,2025-02-15,892.92,1857.98,31.3,47.0,16.0,72.5,6.0,2.0,4.0,2.0,2.5714285714285716,2.857142857142857,1.7182493859684482,5,1,26,0,0,133,0.0
2025-06-29,SKU-0002,4.0,7431.92,1857.98,0,False,False,False,26,6,Summer,0,,Decor,Wall Art,2025-02-15,892.92,1857.98,31.3,47.0,16.0,72.5,2.0,2.0,2.0,8.0,2.5714285714285716,2.857142857142857,1.7182493859684482,6,1,26,0,0,134,0.0
2025-06-30,SKU-0002,1.0,1857.98,1857.98,0,False,False,False,27,6,Summer,0,,Decor,Wall Art,2025-02-15,892.92,1857.98,58.3,50.0,16.0,72.5,4.0,1.0,3.0,1.0,2.857142857142857,2.7142857142857144,1.7728105208558356,0,0,27,0,0,135,0.0
2025-07-01,SKU-0002,4.0,6094.17,1523.54,1,False,False,False,27,7,Summer,0,Monsoon Sale,Decor,Wall Art,2025-02-15,892.92,1857.98,58.3,50.0,16.0,72.5,1.0,3.0,3.0,4.0,2.857142857142857,2.7142857142857144,1.7728105208558356,1,0,27,1,1,136,0.18000193758813343
2025-07-02,SKU-0002,5.0,7617.72,1523.54,1,False,False,False,27,7,Summer,0,Monsoon Sale,Decor,Wall Art,2025-02-15,892.92,1857.98,58.3,50.0,16.0,72.5,4.0,3.0,2.0,8.0,3.0,2.7142857142857144,1.8257418583505525,2,0,27,1,1,137,0.18000193758813343
2025-07-03,SKU-0002,6.0,9141.26,1523.54,1,False,False,False,27,7,Summer,0,Monsoon Sale,Decor,Wall Art,2025-02-15,892.92,1857.98,58.3,50.0,16.0,72.5,5.0,1.0,4.0,1.0,3.2857142857142856,2.607142857142857,1.9760470401187062,3,0,27,1,1,138,0.18000193758813343
2025-07-04,SKU-0002,1.0,1523.54,1523.54,1,False,False,False,27,7,Summer,0,Monsoon Sale,Decor,Wall Art,2025-02-15,892.92,1857.98,58.3,50.0,16.0,72.5,6.0,6.0,0.0,1.0,4.0,2.7857142857142856,1.914854215512675,4,0,27,1,1,139,0.18000193758813343
2025-07-05,SKU-0002,6.0,9141.26,1523.54,1,False,False,False,27,7,Summer,0,Monsoon Sale,Decor,Wall Art,2025-02-15,892.92,1857.98,58.3,50.0,16.0,72.5,1.0,2.0,2.0,6.0,3.2857142857142856,2.7857142857142856,1.9760470401187062,5,1,27,1,1,140,0.18000193758813343
2025-07-06,SKU-0002,5.0,7617.72,1523.54,1,False,False,False,27,7,Summer,0,Monsoon Sale,Decor,Wall Art,2025-02-15,892.92,1857.98,58.3,50.0,16.0,72.5,6.0,4.0,2.0,3.0,3.857142857142857,2.7857142857142856,2.1157009420498145,6,1,27,1,1,141,0.18000193758813343
2025-07-07,SKU-0002,5.0,7617.72,1523.54,1,False,False,False,28,7,Summer,0,Monsoon Sale,Decor,Wall Art,2025-02-15,892.92,1857.98,26.3,50.0,16.0,72.5,5.0,1.0,1.0,3.0,4.0,2.857142857142857,2.1602468994692856,0,0,28,1,1,142,0.18000193758813343
2025-07-08,SKU-0002,2.0,3047.09,1523.54,1,False,False,False,28,7,Summer,0,Monsoon Sale,Decor,Wall Art,2025-02-15,892.92,1857.98,26.3,50.0,16.0,72.5,5.0,4.0,3.0,3.0,4.571428571428571,2.9285714285714284,1.7182493859684478,1,0,28,1,1,143,0.18000193758813343
2025-07-09,SKU-0002,7.0,10664.81,1523.54,1,False,False,False,28,7,Summer,0,Monsoon Sale,Decor,Wall Art,2025-02-15,892.92,1857.98,26.3,50.0,16.0,72.5,2.0,5.0,3.0,1.0,4.285714285714286,2.892857142857143,1.9760470401187062,2,0,28,1,1,144,0.18000193758813343
2025-07-10,SKU-0002,8.0,12188.35,1523.54,1,False,False,False,28,7,Summer,0,Monsoon Sale,Decor,Wall Art,2025-02-15,892.92,1857.98,26.3,50.0,16.0,72.5,7.0,6.0,1.0,2.0,4.571428571428571,3.107142857142857,2.225394561056746,3,0,28,1,1,145,0.18000193758813343
2025-07-11,SKU-0002,2.0,3715.96,1857.98,0,False,False,False,28,7,Summer,0,,Decor,Wall Art,2025-02-15,892.92,1857.98,26.3,50.0,16.0,72.5,8.0,1.0,6.0,1.0,4.857142857142857,3.3214285714285716,2.5448360411214064,4,0,28,0,0,146,0.0
2025-07-12,SKU-0002,1.0,1857.98,1857.98,0,False,False,False,28,7,Summer,0,,Decor,Wall Art,2025-02-15,892.92,1857.98,26.3,50.0,16.0,72.5,2.0,6.0,2.0,4.0,5.0,3.357142857142857,2.309401076758502,5,1,28,0,0,147,0.0
2025-07-13,SKU-0002,2.0,3715.96,1857.98,0,False,False,False,28,7,Summer,0,,Decor,Wall Art,2025-02-15,892.92,1857.98,26.3,50.0,16.0,72.5,1.0,5.0,4.0,2.0,4.285714285714286,3.25,2.690370836538196,6,1,28,0,0,148,0.0
2025-07-14,SKU-0002,2.0,3715.96,1857.98,0,False,False,False,29,7,Summer,0,,Decor,Wall Art,2025-02-15,892.92,1857.98,2.3,106.0,16.0,72.5,2.0,5.0,1.0,3.0,3.857142857142857,3.25,2.794552524023087,0,0,29,0,0,149,0.0
2025-07-15,SKU-0002,2.328629469347902,4326.55,1857.98,0,False,False,False,29,7,Summer,0,,Decor,Wall Art,2025-02-15,892.92,1857.98,2.3,106.0,16.0,72.5,2.0,2.0,4.0,3.0,3.4285714285714284,3.2142857142857144,2.819996622760557,1,0,29,0,0,150,0.0
2025-07-16,SKU-0002,7.0,13005.86,1857.98,0,False,False,False,29,7,Summer,0,,Decor,Wall Art,2025-02-15,892.92,1857.98,2.3,106.0,16.0,72.5,2.328629469347902,7.0,5.0,2.0,3.4755184956211287,3.1903081953338535,2.794873685627658,2,0,29,0,0,151,0.0
2025-07-17,SKU-0002,1.0,1857.98,1857.98,0,False,False,False,29,7,Summer,0,,Decor,Wall Art,2025-02-15,892.92,1857.98,2.3,106.0,16.0,72.5,7.0,8.0,6.0,4.0,3.4755184956211287,3.3688796239052823,2.794873685627658,3,0,29,0,0,152,0.0
2025-07-18,SKU-0002,1.0,1857.98,1857.98,0,False,False,False,29,7,Summer,0,,Decor,Wall Art,2025-02-15,892.92,1857.98,2.3,106.0,16.0,72.5,1.0,2.0,1.0,0.0,2.4755184956211287,3.261736766762425,2.0625700978140267,4,0,29,0,0,153,0.0
2025-07-19,SKU-0002,2.0,3715.96,1857.98,0,False,False,False,29,7,Summer,0,,Decor,Wall Art,2025-02-15,892.92,1857.98,2.3,106.0,16.0,72.5,1.0,1.0,6.0,2.0,2.332661352763986,3.2974510524767107,2.134375486286504,5,1,29,0,0,154,0.0
2025-07-20,SKU-0002,3.0,5573.94,1857.98,0,False,False,False,29,7,Summer,0,,Decor,Wall Art,2025-02-15,892.92,1857.98,2.3,106.0,16.0,72.5,2.0,2.0,5.0,2.0,2.4755184956211287,3.2974510524767107,2.0625700978140267,6,1,29,0,0,155,0.0
2025-07-21,SKU-0002,4.0,7431.92,1857.98,0,False,False,False,30,7,Summer,0,,Decor,Wall Art,2025-02-15,892.92,1857.98,32.0,56.0,16.0,72.5,3.0,2.0,5.0,1.0,2.618375638478272,3.3331653381909967,2.0587730292692936,0,0,30,0,0,156,0.0
2025-07-22,SKU-0002,5.0,9289.9,1857.98,0,False,False,False,30,7,Summer,0,,Decor,Wall Art,2025-02-15,892.92,1857.98,32.0,56.0,16.0,72.5,4.0,2.328629469347902,2.0,3.0,2.9040899241925575,3.4403081953338535,2.097075232752286,1,0,30,0,0,157,0.0
2025-07-23,SKU-0002,5.0,9289.9,1857.98,0,False,False,False,30,7,Summer,0,,Decor,Wall Art,2025-02-15,892.92,1857.98,32.0,56.0,16.0,72.5,5.0,7.0,7.0,3.0,3.2857142857142856,3.511736766762425,2.214669705568282,2,0,30,0,0,158,0.0
2025-07-24,SKU-0002,1.0,1857.98,1857.98,0,False,False,False,30,7,Summer,0,,Decor,Wall Art,2025-02-15,892.92,1857.98,32.0,56.0,16.0,72.5,5.0,1.0,8.0,1.0,3.0,3.5831653381909967,1.7320508075688759,3,0,30,0,0,159,0.0
2025-07-25,SKU-0002,2.0,3715.96,1857.98,0,False,False,False,30,7,Summer,0,,Decor,Wall Art,2025-02-15,892.92,1857.98,32.0,56.0,16.0,72.5,1.0,1.0,2.0,6.0,3.0,3.5831653381909967,1.7320508075688759,4,0,30,0,0,160,0.0
2025-07-26,SKU-0002,4.0,7431.92,1857.98,0,False,False,False,30,7,Summer,0,,Decor,Wall Art,2025-02-15,892.92,1857.98,32.0,56.0,16.0,72.5,2.0,2.0,1.0,2.0,3.142857142857143,3.4403081953338535,1.5735915849388848,5,1,30,0,0,161,0.0
2025-07-27,SKU-0002,2.0,3715.96,1857.98,0,False,False,False,30,7,Summer,0,,Decor,Wall Art,2025-02-15,892.92,1857.98,32.0,56.0,16.0,72.5,4.0,3.0,2.0,4.0,3.4285714285714284,3.511736766762425,1.5118578920369075,6,1,30,0,0,162,0.0
2025-07-28,SKU-0002,1.0,1857.98,1857.98,0,False,False,False,31,7,Summer,0,,Decor,Wall Art,2025-02-15,892.92,1857.98,12.0,96.3,16.0,72.5,2.0,4.0,2.0,1.0,3.2857142857142856,3.4403081953338535,1.603567451474545,0,0,31,0,0,163,0.0
2025-07-29,SKU-0002,6.0,11147.88,1857.98,0,False,False,False,31,7,Summer,0,,Decor,Wall Art,2025-02-15,892.92,1857.98,12.0,96.3,16.0,72.5,1.0,5.0,2.328629469347902,4.0,2.857142857142857,3.4403081953338535,1.7728105208558356,1,0,31,0,0,164,0.0
2025-07-30,SKU-0002,3.0,5573.94,1857.98,0,False,False,False,31,7,Summer,0,,Decor,Wall Art,2025-02-15,892.92,1857.98,12.0,96.3,16.0,72.5,6.0,5.0,7.0,5.0,3.0,3.511736766762425,1.999999999999999,2,0,31,0,0,165,0.0
2025-07-31,SKU-0002,0.0,0.0,1857.98,0,False,False,False,31,7,Summer,0,,Decor,Wall Art,2025-02-15,892.92,1857.98,12.0,96.3,16.0,72.5,3.0,1.0,1.0,6.0,2.7142857142857144,3.4403081953338535,1.7994708216848734,3,0,31,0,0,166,0.0
2025-08-01,SKU-0002,2.0,3715.96,1857.98,0,False,False,False,31,8,Summer,0,,Decor,Wall Art,2025-02-15,892.92,1857.98,12.0,96.3,16.0,72.5,0.0,2.0,1.0,1.0,2.5714285714285716,3.2260224810481395,1.9880595947760087,4,0,31,0,0,167,0.0
2025-08-02,SKU-0002,5.0,9289.9,1857.98,0,False,False,False,31,8,Summer,0,,Decor,Wall Art,2025-02-15,892.92,1857.98,12.0,96.3,16.0,72.5,2.0,4.0,2.0,6.0,2.5714285714285716,3.261736766762425,1.9880595947760087,5,1,31,0,0,168,0.0
2025-08-03,SKU-0002,1.0,1857.98,1857.98,0,False,False,False,31,8,Summer,0,,Decor,Wall Art,2025-02-15,892.92,1857.98,12.0,96.3,16.0,72.5,5.0,2.0,3.0,5.0,2.7142857142857144,3.2260224810481395,2.138089935299394,6,1,31,0,0,169,0.0
2025-08-04,SKU-0002,6.0,11147.88,1857.98,0,False,False,False,32,8,Summer,0,,Decor,Wall Art,2025-02-15,892.92,1857.98,45.0,40.3,16.0,72.5,1.0,1.0,4.0,5.0,2.5714285714285716,3.0831653381909967,2.225394561056746,0,0,32,0,0,170,0.0
2025-08-05,SKU-0002,1.0,1857.98,1857.98,0,False,False,False,32,8,Summer,0,,Decor,Wall Art,2025-02-15,892.92,1857.98,45.0,40.3,16.0,72.5,6.0,6.0,5.0,2.0,3.2857142857142856,3.1188796239052823,2.4299715851758226,1,0,32,0,0,171,0.0
2025-08-06,SKU-0002,3.0,5573.94,1857.98,0,False,False,False,32,8,Summer,0,,Decor,Wall Art,2025-02-15,892.92,1857.98,45.0,40.3,16.0,72.5,1.0,3.0,5.0,7.0,2.5714285714285716,3.0831653381909967,2.225394561056746,2,0,32,0,0,172,0.0
2025-08-07,SKU-0002,4.0,7431.92,1857.98,0,False,False,False,32,8,Summer,0,,Decor,Wall Art,2025-02-15,892.92,1857.98,45.0,40.3,16.0,72.5,3.0,0.0,1.0,8.0,2.5714285714285716,2.9403081953338535,2.225394561056746,3,0,32,0,0,173,0.0
2025-08-08,SKU-0002,3.0,5573.94,1857.98,0,False,False,False,32,8,Summer,0,,Decor,Wall Art,2025-02-15,892.92,1857.98,45.0,40.3,16.0,72.5,4.0,2.0,2.0,2.0,3.142857142857143,2.7974510524767107,1.9518001458970653,4,0,32,0,0,174,0.0
2025-08-09,SKU-0002,5.0,9289.9,1857.98,0,False,False,False,32,8,Summer,0,,Decor,Wall Art,2025-02-15,892.92,1857.98,45.0,40.3,16.0,72.5,3.0,5.0,4.0,1.0,3.2857142857142856,2.8331653381909967,1.8898223650461352,5,1,32,0,0,175,0.0
2025-08-10,SKU-0002,3.0,5573.94,1857.98,0,False,False,False,32,8,Summer,0,,Decor,Wall Art,2025-02-15,892.92,1857.98,45.0,40.3,16.0,72.5,5.0,1.0,2.0,2.0,3.2857142857142856,2.9760224810481395,1.8898223650461352,6,1,32,0,0,176,0.0
2025-08-11,SKU-0002,0.0,0.0,1857.98,0,False,False,False,33,8,Summer,0,,Decor,Wall Art,2025-02-15,892.92,1857.98,26.0,82.3,16.0,72.5,3.0,6.0,1.0,2.0,3.5714285714285716,3.011736766762425,1.618347187425373,0,0,33,0,0,177,0.0
2025-08-12,SKU-0002,7.0,13005.86,1857.98,0,False,False,False,33,8,Summer,0,,Decor,Wall Art,2025-02-15,892.92,1857.98,26.0,82.3,16.0,72.5,0.0,1.0,6.0,2.328629469347902,2.7142857142857144,2.9403081953338535,1.7043362064926921,1,0,33,0,0,178,0.0
2025-08-13,SKU-0002,4.0,7431.92,1857.98,0,False,False,False,33,8,Summer,0,,Decor,Wall Art,2025-02-15,892.92,1857.98,26.0,82.3,16.0,72.5,7.0,3.0,3.0,7.0,3.5714285714285716,3.107142857142857,2.1491969707422385,2,0,33,0,0,179,0.0
2025-08-14,SKU-0002,3.0,5573.94,1857.98,0,False,False,False,33,8,Summer,0,,Decor,Wall Art,2025-02-15,892.92,1857.98,26.0,82.3,16.0,72.5,4.0,4.0,0.0,1.0,3.7142857142857144,3.0,2.1380899352993943,3,0,33,0,0,180,0.0
2025-08-15,SKU-0002,3.0,5573.94,1857.98,0,False,False,False,33,8,Summer,1,,Decor,Wall Art,2025-02-15,892.92,1857.98,26.0,82.3,16.0,72.5,3.0,3.0,2.0,1.0,3.5714285714285716,3.0714285714285716,2.1491969707422385,4,0,33,0,0,181,0.0
2025-08-16,SKU-0002,4.0,7431.92,1857.98,0,False,False,False,33,8,Summer,0,,Decor,Wall Art,2025-02-15,892.92,1857.98,26.0,82.3,16.0,72.5,3.0,5.0,5.0,2.0,3.5714285714285716,3.142857142857143,2.1491969707422385,5,1,33,0,0,182,0.0
2025-08-17,SKU-0002,6.0,11147.88,1857.98,0,False,False,False,33,8,Summer,0,,Decor,Wall Art,2025-02-15,892.92,1857.98,26.0,82.3,16.0,72.5,4.0,3.0,1.0,3.0,3.4285714285714284,3.2142857142857144,2.0701966780270618,6,1,33,0,0,183,0.0
2025-08-18,SKU-0002,3.0,5573.94,1857.98,0,False,False,False,34,8,Summer,0,,Decor,Wall Art,2025-02-15,892.92,1857.98,36.3,42.0,16.0,72.5,6.0,0.0,6.0,4.0,3.857142857142857,3.3214285714285716,2.2677868380553625,0,0,34,0,0,184,0.0
2025-08-19,SKU-0002,2.0,3715.96,1857.98,0,False,False,False,34,8,Summer,0,,Decor,Wall Art,2025-02-15,892.92,1857.98,36.3,42.0,16.0,72.5,3.0,7.0,1.0,5.0,4.285714285714286,3.2857142857142856,1.6035674514745455,1,0,34,0,0,185,0.0
2025-08-20,SKU-0002,1.0,1857.98,1857.98,0,False,False,False,34,8,Summer,0,,Decor,Wall Art,2025-02-15,892.92,1857.98,36.3,42.0,16.0,72.5,2.0,4.0,3.0,5.0,3.5714285714285716,3.1785714285714284,1.2724180205607016,2,0,34,0,0,186,0.0
2025-08-21,SKU-0002,5.0,9289.9,1857.98,0,False,False,False,34,8,Summer,0,,Decor,Wall Art,2025-02-15,892.92,1857.98,36.3,42.0,16.0,72.5,1.0,3.0,4.0,1.0,3.142857142857143,3.0357142857142856,1.5735915849388844,3,0,34,0,0,187,0.0
2025-08-22,SKU-0002,3.0,5573.94,1857.98,0,False,False,False,34,8,Summer,0,,Decor,Wall Art,2025-02-15,892.92,1857.98,36.3,42.0,16.0,72.5,5.0,3.0,3.0,2.0,3.4285714285714284,3.1785714285714284,1.7182493859684476,4,0,34,0,0,188,0.0
2025-08-23,SKU-0002,5.0,9289.9,1857.98,0,False,False,False,34,8,Summer,0,,Decor,Wall Art,2025-02-15,892.92,1857.98,36.3,42.0,16.0,72.5,3.0,4.0,5.0,4.0,3.4285714285714284,3.2142857142857144,1.7182493859684476,5,1,34,0,0,189,0.0
2025-08-24,SKU-0002,3.0,5573.94,1857.98,0,False,False,False,34,8,Summer,0,,Decor,Wall Art,2025-02-15,892.92,1857.98,36.3,42.0,16.0,72.5,5.0,6.0,3.0,2.0,3.5714285714285716,3.25,1.8126539343499302,6,1,34,0,0,190,0.0
2025-08-25,SKU-0002,2.0,3715.96,1857.98,0,False,False,False,35,8,Summer,0,,Decor,Wall Art,2025-02-15,892.92,1857.98,15.3,93.0,16.0,72.5,3.0,3.0,0.0,1.0,3.142857142857143,3.2857142857142856,1.4638501094227976,0,0,35,0,0,191,0.0
2025-08-26,SKU-0002,0.0,0.0,1857.98,0,False,False,False,35,8,Summer,0,,Decor,Wall Art,2025-02-15,892.92,1857.98,15.3,93.0,16.0,72.5,2.0,2.0,7.0,6.0,3.0,3.3214285714285716,1.5275252316519445,1,0,35,0,0,192,0.0
2025-08-27,SKU-0002,5.0,9289.9,1857.98,0,False,False,False,35,8,Summer,0,,Decor,Wall Art,2025-02-15,892.92,1857.98,15.3,93.0,16.0,72.5,0.0,1.0,4.0,3.0,2.7142857142857144,3.107142857142857,1.889822365046134,2,0,35,0,0,193,0.0
2025-08-28,SKU-0002,3.0,5573.94,1857.98,0,False,False,False,35,8,Summer,0,,Decor,Wall Art,2025-02-15,892.92,1857.98,15.3,93.0,16.0,72.5,5.0,5.0,3.0,0.0,3.2857142857142856,3.1785714285714284,1.8898223650461348,3,0,35,0,0,194,0.0
2025-08-29,SKU-0002,0.0,0.0,1857.98,0,False,False,False,35,8,Summer,0,,Decor,Wall Art,2025-02-15,892.92,1857.98,15.3,93.0,16.0,72.5,3.0,3.0,3.0,2.0,3.0,3.2857142857142856,1.7320508075688754,4,0,35,0,0,195,0.0
2025-08-30,SKU-0002,4.0,7431.92,1857.98,0,False,False,False,35,8,Summer,0,,Decor,Wall Art,2025-02-15,892.92,1857.98,15.3,93.0,16.0,72.5,0.0,5.0,4.0,5.0,2.5714285714285716,3.2142857142857144,2.070196678027061,5,1,35,0,0,196,0.0
2025-08-31,SKU-0002,3.0,5573.94,1857.98,0,False,False,False,35,8,Summer,0,,Decor,Wall Art,2025-02-15,892.92,1857.98,15.3,93.0,16.0,72.5,4.0,3.0,6.0,1.0,2.4285714285714284,3.1785714285714284,1.9023794624226813,6,1,35,0,0,197,0.0
2025-09-01,SKU-0002,4.0,7431.92,1857.98,0,False,False,False,36,9,Autumn,0,,Decor,Wall Art,2025-02-15,892.92,1857.98,38.3,51.0,16.0,72.5,3.0,2.0,3.0,6.0,2.4285714285714284,3.25,1.9023794624226813,0,0,36,0,0,198,0.0
2025-09-02,SKU-0002,4.0,7431.92,1857.98,0,False,False,False,36,9,Autumn,0,,Decor,Wall Art,2025-02-15,892.92,1857.98,38.3,51.0,16.0,72.5,4.0,0.0,2.0,1.0,2.7142857142857144,3.1785714285714284,1.9760470401187056,1,0,36,0,0,199,0.0
2025-09-03,SKU-0002,6.0,11147.88,1857.98,0,False,False,False,36,9,Autumn,0,,Decor,Wall Art,2025-02-15,892.92,1857.98,38.3,51.0,16.0,72.5,4.0,5.0,1.0,3.0,3.2857142857142856,3.2857142857142856,1.6035674514745446,2,0,36,0,0,200,0.0
2025-09-04,SKU-0002,7.0,13005.86,1857.98,0,False,False,False,36,9,Autumn,0,,Decor,Wall Art,2025-02-15,892.92,1857.98,38.3,51.0,16.0,72.5,6.0,3.0,5.0,4.0,3.4285714285714284,3.392857142857143,1.8126539343499302,3,0,36,0,0,201,0.0
2025-09-05,SKU-0002,3.0,5573.94,1857.98,0,False,False,False,36,9,Autumn,0,,Decor,Wall Art,2025-02-15,892.92,1857.98,38.3,51.0,16.0,72.5,7.0,0.0,3.0,3.0,4.0,3.5,2.236067977499789,4,0,36,0,0,202,0.0
2025-09-06,SKU-0002,6.0,11147.88,1857.98,0,False,False,False,36,9,Autumn,0,,Decor,Wall Art,2025-02-15,892.92,1857.98,38.3,51.0,16.0,72.5,3.0,4.0,5.0,5.0,4.428571428571429,3.5,1.5118578920369086,5,1,36,0,0,203,0.0
2025-09-07,SKU-0002,3.0,5573.94,1857.98,0,False,False,False,36,9,Autumn,0,,Decor,Wall Art,2025-02-15,892.92,1857.98,38.3,51.0,16.0,72.5,6.0,3.0,3.0,3.0,4.714285714285714,3.5357142857142856,1.6035674514745466,6,1,36,0,0,204,0.0
2025-09-08,SKU-0002,6.0,11147.88,1857.98,0,False,False,False,37,9,Autumn,0,,Decor,Wall Art,2025-02-15,892.92,1857.98,3.3,105.0,16.0,72.5,3.0,4.0,2.0,0.0,4.714285714285714,3.5357142857142856,1.6035674514745466,0,0,37,0,0,205,0.0
2025-09-09,SKU-0002,3.328629469347902,6184.53,1857.98,0,False,False,False,37,9,Autumn,0,,Decor,Wall Art,2025-02-15,892.92,1857.98,3.3,105.0,16.0,72.5,6.0,4.0,0.0,7.0,5.0,3.75,1.6329931618554527,1,0,37,0,0,206,0.0
2025-09-10,SKU-0002,3.0,5573.94,1857.98,0,False,False,False,37,9,Autumn,0,,Decor,Wall Art,2025-02-15,892.92,1857.98,3.3,105.0,16.0,72.5,3.328629469347902,6.0,5.0,4.0,4.904089924192557,3.6188796239052823,1.7189671439676868,2,0,37,0,0,207,0.0
2025-09-11,SKU-0002,3.0,5573.94,1857.98,0,False,False,False,37,9,Autumn,0,,Decor,Wall Art,2025-02-15,892.92,1857.98,3.3,105.0,16.0,72.5,3.0,7.0,3.0,3.0,4.475518495621129,3.5831653381909967,1.7733167376267742,3,0,37,0,0,208,0.0
2025-09-12,SKU-0002,3.0,5573.94,1857.98,0,False,False,False,37,9,Autumn,0,,Decor,Wall Art,2025-02-15,892.92,1857.98,3.3,105.0,16.0,72.5,3.0,3.0,0.0,3.0,3.9040899241925575,3.5831653381909967,1.4367989415675804,4,0,37,0,0,209,0.0
2025-09-13,SKU-0002,0.0,0.0,1857.98,0,False,False,False,37,9,Autumn,0,,Decor,Wall Art,2025-02-15,892.92,1857.98,3.3,105.0,16.0,72.5,3.0,6.0,4.0,4.0,3.9040899241925575,3.5831653381909967,1.4367989415675804,5,1,37,0,0,210,0.0
2025-09-14,SKU-0002,4.0,7431.92,1857.98,0,False,False,False,37,9,Autumn,0,,Decor,Wall Art,2025-02-15,892.92,1857.98,3.3,105.0,16.0,72.5,0.0,3.0,3.0,6.0,3.0469470670497003,3.4403081953338535,1.7364988309042912,6,1,37,0,0,211,0.0
2025-09-15,SKU-0002,2.0,3715.96,1857.98,0,False,False,False,38,9,Autumn,0,,Decor,Wall Art,2025-02-15,892.92,1857.98,36.0,54.0,16.0,72.5,4.0,6.0,4.0,3.0,3.189804209906843,3.3688796239052823,1.7727482365635605,0,0,38,0,0,212,0.0
2025-09-16,SKU-0002,4.0,7431.92,1857.98,0,False,False,False,38,9,Autumn,0,,Decor,Wall Art,2025-02-15,892.92,1857.98,36.0,54.0,16.0,72.5,2.0,3.328629469347902,4.0,2.0,2.618375638478272,3.3331653381909967,1.2966969097785672,1,0,38,0,0,213,0.0
2025-09-17,SKU-0002,3.0,5573.94,1857.98,0,False,False,False,38,9,Autumn,0,,Decor,Wall Art,2025-02-15,892.92,1857.98,36.0,54.0,16.0,72.5,4.0,3.0,6.0,1.0,2.7142857142857144,3.404593909619568,1.3801311186847025,2,0,38,0,0,214,0.0
2025-09-18,SKU-0002,5.0,9289.9,1857.98,0,False,False,False,38,9,Autumn,0,,Decor,Wall Art,2025-02-15,892.92,1857.98,36.0,54.0,16.0,72.5,3.0,3.0,7.0,5.0,2.7142857142857144,3.4760224810481395,1.3801311186847025,3,0,38,0,0,215,0.0
2025-09-19,SKU-0002,8.0,14863.84,1857.98,0,False,False,False,38,9,Autumn,0,,Decor,Wall Art,2025-02-15,892.92,1857.98,36.0,54.0,16.0,72.5,5.0,3.0,3.0,3.0,3.0,3.4760224810481395,1.6329931618554479,4,0,38,0,0,216,0.0
2025-09-20,SKU-0002,7.0,13005.86,1857.98,0,False,False,False,38,9,Autumn,0,,Decor,Wall Art,2025-02-15,892.92,1857.98,36.0,54.0,16.0,72.5,8.0,0.0,6.0,5.0,3.7142857142857144,3.654593909619568,2.4976179127511138,5,1,38,0,0,217,0.0
2025-09-21,SKU-0002,3.0,5573.94,1857.98,0,False,False,False,38,9,Autumn,0,,Decor,Wall Art,2025-02-15,892.92,1857.98,36.0,54.0,16.0,72.5,7.0,4.0,3.0,3.0,4.714285714285714,3.7260224810481395,2.1380899352993956,6,1,38,0,0,218,0.0
2025-09-22,SKU-0002,3.0,5573.94,1857.98,0,False,False,False,39,9,Autumn,0,,Decor,Wall Art,2025-02-15,892.92,1857.98,3.0,105.3,16.0,72.5,3.0,2.0,6.0,2.0,4.571428571428571,3.7260224810481395,2.2253945610567474,0,0,39,0,0,219,0.0
2025-09-23,SKU-0002,3.0,5573.94,1857.98,0,False,False,False,39,9,Autumn,0,,Decor,Wall Art,2025-02-15,892.92,1857.98,3.0,105.3,16.0,72.5,3.0,4.0,3.328629469347902,0.0,4.714285714285714,3.761736766762425,2.0586634591635518,1,0,39,0,0,220,0.0
2025-09-24,SKU-0002,5.0,9289.9,1857.98,0,False,False,False,39,9,Autumn,0,,Decor,Wall Art,2025-02-15,892.92,1857.98,3.0,105.3,16.0,72.5,3.0,3.0,3.0,5.0,4.571428571428571,3.8688796239052823,2.14919697074224,2,0,39,0,0,221,0.0
2025-09-25,SKU-0002,0.0,0.0,1857.98,0,False,False,False,39,9,Autumn,0,,Decor,Wall Art,2025-02-15,892.92,1857.98,3.0,105.3,16.0,72.5,5.0,5.0,3.0,3.0,4.857142857142857,3.8688796239052823,2.03540097839643,3,0,39,0,0,222,0.0
2025-09-26,SKU-0002,6.0,11147.88,1857.98,0,False,False,False,39,9,Autumn,0,,Decor,Wall Art,2025-02-15,892.92,1857.98,3.0,105.3,16.0,72.5,0.0,8.0,3.0,0.0,4.142857142857143,3.761736766762425,2.7342623276105886,4,0,39,0,0,223,0.0
2025-09-27,SKU-0002,3.0,5573.94,1857.98,0,False,False,False,39,9,Autumn,0,,Decor,Wall Art,2025-02-15,892.92,1857.98,3.0,105.3,16.0,72.5,6.0,7.0,0.0,4.0,3.857142857142857,3.9760224810481395,2.340126166724878,5,1,39,0,0,224,0.0
2025-09-28,SKU-0002,2.0,3715.96,1857.98,0,False,False,False,39,9,Autumn,0,,Decor,Wall Art,2025-02-15,892.92,1857.98,3.0,105.3,16.0,72.5,3.0,3.0,4.0,3.0,3.2857142857142856,3.9403081953338535,1.8898223650461343,6,1,39,0,0,225,0.0
2025-09-29,SKU-0002,3.0,5573.94,1857.98,0,False,False,False,40,9,Autumn,0,,Decor,Wall Art,2025-02-15,892.92,1857.98,35.0,51.3,16.0,72.5,2.0,3.0,2.0,4.0,3.142857142857143,3.904593909619568,1.9518001458970644,0,0,40,0,0,226,0.0
2025-09-30,SKU-0002,4.0,7431.92,1857.98,0,False,False,False,40,9,Autumn,0,,Decor,Wall Art,2025-02-15,892.92,1857.98,35.0,51.3,16.0,72.5,3.0,3.0,4.0,4.0,3.142857142857143,3.8688796239052823,1.9518001458970644,1,0,40,0,0,227,0.0
2025-10-01,SKU-0002,4.0,7431.92,1857.98,0,False,False,False,40,10,Autumn,0,,Decor,Wall Art,2025-02-15,892.92,1857.98,35.0,51.3,16.0,72.5,4.0,5.0,3.0,6.0,3.2857142857142856,3.8688796239052823,1.9760470401187058,2,0,40,0,0,228,0.0
2025-10-02,SKU-0002,6.0,11147.88,1857.98,0,False,False,False,40,10,Autumn,1,,Decor,Wall Art,2025-02-15,892.92,1857.98,35.0,51.3,16.0,72.5,4.0,0.0,5.0,7.0,3.142857142857143,3.7974510524767107,1.864454471471607,3,0,40,0,0,229,0.0
2025-10-03,SKU-0002,3.0,5573.94,1857.98,0,False,False,False,40,10,Autumn,0,,Decor,Wall Art,2025-02-15,892.92,1857.98,35.0,51.3,16.0,72.5,6.0,6.0,8.0,3.0,4.0,3.761736766762425,1.5275252316519459,4,0,40,0,0,230,0.0
2025-10-04,SKU-0002,3.0,5573.94,1857.98,0,False,False,False,40,10,Autumn,0,,Decor,Wall Art,2025-02-15,892.92,1857.98,35.0,51.3,16.0,72.5,3.0,3.0,7.0,6.0,3.5714285714285716,3.761736766762425,1.2724180205607016,5,1,40,0,0,231,0.0
2025-10-05,SKU-0002,3.0,5573.94,1857.98,0,False,False,False,40,10,Autumn,0,,Decor,Wall Art,2025-02-15,892.92,1857.98,35.0,51.3,16.0,72.5,3.0,2.0,3.0,3.0,3.5714285714285716,3.654593909619568,1.2724180205607016,6,1,40,0,0,232,0.0
2025-10-06,SKU-0002,2.0,3715.96,1857.98,0,False,False,False,41,10,Autumn,0,,Decor,Wall Art,2025-02-15,892.92,1857.98,10.0,98.3,16.0,72.5,3.0,3.0,3.0,6.0,3.7142857142857144,3.654593909619568,1.112697280528372,0,0,41,0,0,233,0.0
2025-10-07,SKU-0002,3.0,5573.94,1857.98,0,False,False,False,41,10,Autumn,0,,Decor,Wall Art,2025-02-15,892.92,1857.98,10.0,98.3,16.0,72.5,2.0,4.0,3.0,3.328629469347902,3.5714285714285716,3.511736766762425,1.2724180205607016,1,0,41,0,0,234,0.0
2025-10-08,SKU-0002,3.0,5573.94,1857.98,0,False,False,False,41,10,Autumn,0,,Decor,Wall Art,2025-02-15,892.92,1857.98,10.0,98.3,16.0,72.5,3.0,4.0,5.0,3.0,3.4285714285714284,3.5,1.2724180205607014,2,0,41,0,0,235,0.0
2025-10-09,SKU-0002,2.0,3715.96,1857.98,0,False,False,False,41,10,Autumn,0,,Decor,Wall Art,2025-02-15,892.92,1857.98,10.0,98.3,16.0,72.5,3.0,6.0,0.0,3.0,3.2857142857142856,3.5,1.2535663410560147,3,0,41,0,0,236,0.0
2025-10-10,SKU-0002,3.0,5573.94,1857.98,0,False,False,False,41,10,Autumn,0,,Decor,Wall Art,2025-02-15,892.92,1857.98,10.0,98.3,16.0,72.5,2.0,3.0,6.0,3.0,2.7142857142857144,3.4642857142857144,0.48795003647425583,4,0,41,0,0,237,0.0
2025-10-11,SKU-0002,5.0,9289.9,1857.98,0,False,False,False,41,10,Autumn,0,,Decor,Wall Art,2025-02-15,892.92,1857.98,10.0,98.3,16.0,72.5,3.0,3.0,3.0,0.0,2.7142857142857144,3.4642857142857144,0.48795003647425583,5,1,41,0,0,238,0.0
2025-10-12,SKU-0002,1.0,1857.98,1857.98,0,False,False,False,41,10,Autumn,0,,Decor,Wall Art,2025-02-15,892.92,1857.98,10.0,98.3,16.0,72.5,5.0,3.0,2.0,4.0,3.0,3.642857142857143,0.9999999999999957,6,1,41,0,0,239,0.0
2025-10-13,SKU-0002,4.0,7431.92,1857.98,0,False,False,False,42,10,Autumn,0,,Decor,Wall Art,2025-02-15,892.92,1857.98,40.3,47.0,16.0,72.5,1.0,2.0,3.0,2.0,2.7142857142857144,3.5357142857142856,1.2535663410560134,0,0,42,0,0,240,0.0
2025-10-14,SKU-0002,5.0,9289.9,1857.98,0,False,False,False,42,10,Autumn,0,,Decor,Wall Art,2025-02-15,892.92,1857.98,40.3,47.0,16.0,72.5,4.0,3.0,4.0,4.0,3.0,3.607142857142857,1.2909944487358023,1,0,42,0,0,241,0.0
2025-10-15,SKU-0002,1.0,1857.98,1857.98,0,False,False,False,42,10,Autumn,0,,Decor,Wall Art,2025-02-15,892.92,1857.98,40.3,47.0,16.0,72.5,5.0,3.0,4.0,3.0,3.2857142857142856,3.642857142857143,1.4960264830861891,2,0,42,0,0,242,0.0
2025-10-16,SKU-0002,2.0,3715.96,1857.98,0,False,False,False,42,10,Autumn,0,,Decor,Wall Art,2025-02-15,892.92,1857.98,40.3,47.0,16.0,72.5,1.0,2.0,6.0,5.0,3.0,3.5714285714285716,1.7320508075688748,3,0,42,0,0,243,0.0
2025-10-17,SKU-0002,1.0,1857.98,1857.98,0,False,False,False,42,10,Autumn,0,,Decor,Wall Art,2025-02-15,892.92,1857.98,40.3,47.0,16.0,72.5,2.0,3.0,3.0,8.0,3.0,3.4642857142857144,1.7320508075688748,4,0,42,0,0,244,0.0
2025-10-18,SKU-0002,4.0,7431.92,1857.98,0,False,False,False,42,10,Autumn,0,,Decor,Wall Art,2025-02-15,892.92,1857.98,40.3,47.0,16.0,72.5,1.0,5.0,3.0,7.0,2.7142857142857144,3.2142857142857144,1.8898223650461332,5,1,42,0,0,245,0.0
2025-10-19,SKU-0002,2.0,3715.96,1857.98,0,False,False,False,42,10,Autumn,0,,Decor,Wall Art,2025-02-15,892.92,1857.98,40.3,47.0,16.0,72.5,4.0,1.0,3.0,3.0,2.5714285714285716,3.107142857142857,1.7182493859684456,6,1,42,0,0,246,0.0
2025-10-20,SKU-0002,3.0,5573.94,1857.98,0,False,False,False,43,10,Autumn,0,,Decor,Wall Art,2025-02-15,892.92,1857.98,22.3,86.0,16.0,72.5,2.0,4.0,2.0,3.0,2.7142857142857144,3.0714285714285716,1.6035674514745428,0,0,43,0,0,247,0.0
2025-10-21,SKU-0002,0.0,0.0,1857.98,0,False,False,False,43,10,Autumn,0,,Decor,Wall Art,2025-02-15,892.92,1857.98,22.3,86.0,16.0,72.5,3.0,5.0,3.0,3.0,2.5714285714285716,3.0714285714285716,1.5118578920369048,1,0,43,0,0,248,0.0
2025-10-22,SKU-0002,4.0,7431.92,1857.98,0,False,False,False,43,10,Autumn,0,,Decor,Wall Art,2025-02-15,892.92,1857.98,22.3,86.0,16.0,72.5,0.0,1.0,3.0,5.0,1.8571428571428572,2.9642857142857144,1.3451854182690923,2,0,43,0,0,249,0.0
2025-10-23,SKU-0002,1.0,1857.98,1857.98,0,False,False,False,43,10,Autumn,0,,Decor,Wall Art,2025-02-15,892.92,1857.98,22.3,86.0,16.0,72.5,4.0,2.0,2.0,0.0,2.2857142857142856,2.9285714285714284,1.4960264830861867,3,0,43,0,0,250,0.0
2025-10-24,SKU-0002,8.0,14863.84,1857.98,0,False,False,False,43,10,Autumn,0,,Decor,Wall Art,2025-02-15,892.92,1857.98,22.3,86.0,16.0,72.5,1.0,1.0,3.0,6.0,2.142857142857143,2.9642857142857144,1.5735915849388817,4,0,43,0,0,251,0.0
2025-10-25,SKU-0002,10.0,18579.8,1857.98,0,False,False,False,43,10,Autumn,0,,Decor,Wall Art,2025-02-15,892.92,1857.98,22.3,86.0,16.0,72.5,8.0,4.0,5.0,3.0,3.142857142857143,3.0357142857142856,2.609506430251476,5,1,43,0,0,252,0.0
2025-10-26,SKU-0002,8.0,14863.84,1857.98,0,False,False,False,43,10,Autumn,0,,Decor,Wall Art,2025-02-15,892.92,1857.98,22.3,86.0,16.0,72.5,10.0,2.0,1.0,2.0,4.0,3.2857142857142856,3.6968455021364717,6,1,43,0,0,253,0.0
2025-10-27,SKU-0002,5.0,9289.9,1857.98,0,False,False,False,44,10,Autumn,0,,Decor,Wall Art,2025-02-15,892.92,1857.98,33.3,75.0,16.0,72.5,8.0,3.0,4.0,3.0,4.857142857142857,3.5,3.8483144114694956,0,0,44,0,0,254,0.0
2025-10-28,SKU-0002,3.0,5573.94,1857.98,0,False,False,False,44,10,Autumn,0,,Decor,Wall Art,2025-02-15,892.92,1857.98,33.3,75.0,16.0,72.5,5.0,0.0,5.0,4.0,5.142857142857143,3.5714285714285716,3.7606990231680526,1,0,44,0,0,255,0.0
2025-10-29,SKU-0002,4.0,7431.92,1857.98,0,False,False,False,44,10,Autumn,0,,Decor,Wall Art,2025-02-15,892.92,1857.98,33.3,75.0,16.0,72.5,3.0,4.0,1.0,4.0,5.571428571428571,3.5357142857142856,3.207134902949093,2,0,44,0,0,256,0.0
2025-10-30,SKU-0002,1.0,1857.98,1857.98,0,False,False,False,44,10,Autumn,0,,Decor,Wall Art,2025-02-15,892.92,1857.98,33.3,75.0,16.0,72.5,4.0,1.0,2.0,6.0,5.571428571428571,3.5357142857142856,3.207134902949093,3,0,44,0,0,257,0.0
2025-10-31,SKU-0002,4.0,7431.92,1857.98,0,False,False,False,44,10,Autumn,0,,Decor,Wall Art,2025-02-15,892.92,1857.98,33.3,75.0,16.0,72.5,1.0,8.0,1.0,3.0,5.571428571428571,3.357142857142857,3.207134902949093,4,0,44,0,0,258,0.0
2025-11-01,SKU-0002,4.0,7431.92,1857.98,0,False,False,False,44,11,Autumn,0,,Decor,Wall Art,2025-02-15,892.92,1857.98,33.3,75.0,16.0,72.5,4.0,10.0,4.0,3.0,5.0,3.392857142857143,3.0550504633038935,5,1,44,0,0,259,0.0
2025-11-02,SKU-0002,1.0,1857.98,1857.98,0,False,False,False,44,11,Autumn,0,,Decor,Wall Art,2025-02-15,892.92,1857.98,33.3,75.0,16.0,72.5,4.0,8.0,2.0,3.0,4.142857142857143,3.4285714285714284,2.115700942049815,6,1,44,0,0,260,0.0
2025-11-03,SKU-0002,2.0,3715.96,1857.98,0,False,False,False,45,11,Autumn,0,,Decor,Wall Art,2025-02-15,892.92,1857.98,14.3,75.0,16.0,72.5,1.0,5.0,3.0,2.0,3.142857142857143,3.357142857142857,1.5735915849388837,0,0,45,0,0,261,0.0
2025-11-04,SKU-0002,8.0,14863.84,1857.98,0,False,False,False,45,11,Autumn,0,,Decor,Wall Art,2025-02-15,892.92,1857.98,14.3,75.0,16.0,72.5,2.0,3.0,0.0,3.0,2.7142857142857144,3.357142857142857,1.3801311186847047,1,0,45,0,0,262,0.0
2025-11-05,SKU-0002,2.0,3715.96,1857.98,0,False,False,False,45,11,Autumn,0,,Decor,Wall Art,2025-02-15,892.92,1857.98,14.3,75.0,16.0,72.5,8.0,4.0,4.0,3.0,3.4285714285714284,3.5357142857142856,2.4397501823713315,2,0,45,0,0,263,0.0
2025-11-06,SKU-0002,4.0,7431.92,1857.98,0,False,False,False,45,11,Autumn,0,,Decor,Wall Art,2025-02-15,892.92,1857.98,14.3,75.0,16.0,72.5,2.0,1.0,1.0,2.0,3.142857142857143,3.5,2.4784787961282086,3,0,45,0,0,264,0.0
2025-11-07,SKU-0002,4.0,7431.92,1857.98,0,False,False,False,45,11,Autumn,0,,Decor,Wall Art,2025-02-15,892.92,1857.98,14.3,75.0,16.0,72.5,4.0,4.0,8.0,3.0,3.5714285714285716,3.5714285714285716,2.299068134204439,4,0,45,0,0,265,0.0
2025-11-08,SKU-0002,3.0,5573.94,1857.98,0,False,False,False,45,11,Autumn,0,,Decor,Wall Art,2025-02-15,892.92,1857.98,14.3,75.0,16.0,72.5,4.0,4.0,10.0,5.0,3.5714285714285716,3.607142857142857,2.299068134204439,5,1,45,0,0,266,0.0
2025-11-09,SKU-0002,4.0,7431.92,1857.98,0,False,False,False,45,11,Autumn,0,,Decor,Wall Art,2025-02-15,892.92,1857.98,14.3,75.0,16.0,72.5,3.0,1.0,8.0,1.0,3.4285714285714284,3.5357142857142856,2.299068134204439,6,1,45,0,0,267,0.0
2025-11-10,SKU-0002,2.0,3715.96,1857.98,0,False,False,False,46,11,Autumn,0,,Decor,Wall Art,2025-02-15,892.92,1857.98,26.3,82.0,16.0,72.5,4.0,2.0,5.0,4.0,3.857142857142857,3.642857142857143,2.0354009783964284,0,0,46,0,0,268,0.0
2025-11-11,SKU-0002,2.0,3715.96,1857.98,0,False,False,False,46,11,Autumn,0,,Decor,Wall Art,2025-02-15,892.92,1857.98,26.3,82.0,16.0,72.5,2.0,8.0,3.0,5.0,3.857142857142857,3.5714285714285716,2.0354009783964284,1,0,46,0,0,269,0.0
2025-11-12,SKU-0002,0.0,0.0,1857.98,0,False,False,False,46,11,Autumn,0,,Decor,Wall Art,2025-02-15,892.92,1857.98,26.3,82.0,16.0,72.5,2.0,2.0,4.0,1.0,3.0,3.4642857142857144,0.9999999999999953,2,0,46,0,0,270,0.0
2025-11-13,SKU-0002,5.0,9289.9,1857.98,0,False,False,False,46,11,Autumn,0,,Decor,Wall Art,2025-02-15,892.92,1857.98,26.3,82.0,16.0,72.5,0.0,4.0,1.0,2.0,2.7142857142857144,3.4285714285714284,1.4960264830861878,3,0,46,0,0,271,0.0
2025-11-14,SKU-0002,2.0,3715.96,1857.98,0,False,False,False,46,11,Autumn,0,,Decor,Wall Art,2025-02-15,892.92,1857.98,26.3,82.0,16.0,72.5,5.0,4.0,4.0,1.0,2.857142857142857,3.5357142857142856,1.6761634196950486,4,0,46,0,0,272,0.0
2025-11-15,SKU-0002,8.0,12188.35,1523.54,1,False,False,False,46,11,Autumn,0,Diwali Sale,Decor,Wall Art,2025-02-15,892.92,1857.98,26.3,82.0,16.0,72.5,2.0,3.0,4.0,4.0,2.5714285714285716,3.5714285714285716,1.6183471874253705,5,1,46,1,1,273,0.18000193758813343
2025-11-16,SKU-0002,9.0,13711.89,1523.54,1,False,False,False,46,11,Autumn,0,Diwali Sale,Decor,Wall Art,2025-02-15,892.92,1857.98,26.3,82.0,16.0,72.5,8.0,4.0,1.0,2.0,3.2857142857142856,3.7142857142857144,2.6276913640612163,6,1,46,1,1,274,0.18000193758813343
2025-11-17,SKU-0002,5.0,7617.72,1523.54,1,False,False,False,47,11,Autumn,0,Diwali Sale,Decor,Wall Art,2025-02-15,892.92,1857.98,31.3,46.0,16.0,72.5,9.0,2.0,2.0,3.0,4.0,3.9642857142857144,3.415650255319865,0,0,47,1,1,275,0.18000193758813343
2025-11-18,SKU-0002,8.0,12188.35,1523.54,1,False,False,False,47,11,Autumn,0,Diwali Sale,Decor,Wall Art,2025-02-15,892.92,1857.98,31.3,46.0,16.0,72.5,5.0,2.0,8.0,0.0,4.428571428571429,4.035714285714286,3.3094381626464857,1,0,47,1,1,276,0.18000193758813343
2025-11-19,SKU-0002,6.0,9141.26,1523.54,1,False,False,False,47,11,Autumn,0,Diwali Sale,Decor,Wall Art,2025-02-15,892.92,1857.98,31.3,46.0,16.0,72.5,8.0,0.0,2.0,4.0,5.285714285714286,4.321428571428571,3.352326839390103,2,0,47,1,1,277,0.18000193758813343
2025-11-20,SKU-0002,4.0,6094.17,1523.54,1,False,False,False,47,11,Autumn,0,Diwali Sale,Decor,Wall Art,2025-02-15,892.92,1857.98,31.3,46.0,16.0,72.5,6.0,5.0,4.0,1.0,6.142857142857143,4.392857142857143,2.410295378065479,3,0,47,1,1,278,0.18000193758813343
2025-11-21,SKU-0002,5.0,7617.72,1523.54,1,False,False,False,47,11,Autumn,0,Diwali Sale,Decor,Wall Art,2025-02-15,892.92,1857.98,31.3,46.0,16.0,72.5,4.0,2.0,4.0,8.0,6.0,4.5,2.5166114784235836,4,0,47,1,1,279,0.18000193758813343
2025-11-22,SKU-0002,2.0,3047.09,1523.54,1,False,False,False,47,11,Autumn,0,Diwali Sale,Decor,Wall Art,2025-02-15,892.92,1857.98,31.3,46.0,16.0,72.5,5.0,8.0,3.0,10.0,6.428571428571429,4.392857142857143,1.9023794624226846,5,1,47,1,1,280,0.18000193758813343
2025-11-23,SKU-0002,6.328629469347902,9641.94,1523.54,1,False,False,False,47,11,Autumn,0,Diwali Sale,Decor,Wall Art,2025-02-15,892.92,1857.98,31.3,46.0,16.0,72.5,2.0,9.0,4.0,8.0,5.571428571428571,4.107142857142857,2.370453040886408,6,1,47,1,1,281,0.18000193758813343
2025-11-24,SKU-0002,0.0,0.0,1523.54,1,False,False,False,48,11,Autumn,0,Diwali Sale,Decor,Wall Art,2025-02-15,892.92,1857.98,0.0,108.3,16.0,72.5,6.328629469347902,5.0,2.0,5.0,5.1898042099068435,4.047451052476711,1.8935450351184833,0,0,48,1,1,282,0.18000193758813343
2025-11-25,SKU-0002,0.0,0.0,1523.54,1,False,False,False,48,11,Autumn,0,Diwali Sale,Decor,Wall Art,2025-02-15,892.92,1857.98,0.0,108.3,16.0,72.5,0.0,8.0,2.0,3.0,4.475518495621129,3.8688796239052823,2.733730367336026,1,0,48,1,1,283,0.18000193758813343
2025-11-26,SKU-0002,12.0,18282.52,1523.54,1,False,False,False,48,11,Autumn,0,Diwali Sale,Decor,Wall Art,2025-02-15,892.92,1857.98,0.0,108.3,16.0,72.5,0.0,6.0,0.0,4.0,3.332661352763986,3.761736766762425,2.686544531390086,2,0,48,1,1,284,0.18000193758813343
2025-11-27,SKU-0002,6.0,9141.26,1523.54,1,False,False,False,48,11,Autumn,0,Diwali Sale,Decor,Wall Art,2025-02-15,892.92,1857.98,0.0,108.3,16.0,72.5,12.0,4.0,5.0,1.0,4.1898042099068435,4.047451052476711,4.206549174379298,3,0,48,1,1,285,0.18000193758813343
2025-11-28,SKU-0002,9.0,13711.89,1523.54,1,False,False,False,48,11,Autumn,0,Diwali Sale,Decor,Wall Art,2025-02-15,892.92,1857.98,0.0,108.3,16.0,72.5,6.0,5.0,2.0,4.0,4.475518495621129,4.2260224810481395,4.259101828785246,4,0,48,1,1,286,0.18000193758813343
2025-11-29,SKU-0002,5.0,7617.72,1523.54,1,False,False,False,48,11,Autumn,0,Diwali Sale,Decor,Wall Art,2025-02-15,892.92,1857.98,0.0,108.3,16.0,72.5,9.0,2.0,8.0,4.0,5.0469470670497,4.404593909619568,4.596190960586959,5,1,48,1,1,287,0.18000193758813343
2025-11-30,SKU-0002,4.0,6094.17,1523.54,1,False,False,False,48,11,Autumn,0,Diwali Sale,Decor,Wall Art,2025-02-15,892.92,1857.98,0.0,108.3,16.0,72.5,5.0,6.328629469347902,9.0,1.0,5.475518495621129,4.440308195333854,4.400424816406464,6,1,48,1,1,288,0.18000193758813343
2025-12-01,SKU-0002,2.0,3715.96,1857.98,0,False,False,False,49,12,Winter,0,,Decor,Wall Art,2025-02-15,892.92,1857.98,8.0,100.3,16.0,72.5,4.0,0.0,5.0,2.0,5.142857142857143,4.547451052476711,4.4131837120372035,0,0,49,0,0,289,0.0
2025-12-02,SKU-0002,4.0,7431.92,1857.98,0,False,False,False,49,12,Winter,0,,Decor,Wall Art,2025-02-15,892.92,1857.98,8.0,100.3,16.0,72.5,2.0,0.0,8.0,8.0,5.428571428571429,4.547451052476711,4.076646614442759,1,0,49,0,0,290,0.0
2025-12-03,SKU-0002,4.0,7431.92,1857.98,0,False,False,False,49,12,Winter,0,,Decor,Wall Art,2025-02-15,892.92,1857.98,8.0,100.3,16.0,72.5,4.0,12.0,6.0,2.0,6.0,4.404593909619568,3.4156502553198655,2,0,49,0,0,291,0.0
2025-12-04,SKU-0002,0.0,0.0,1857.98,0,False,False,False,49,12,Winter,0,,Decor,Wall Art,2025-02-15,892.92,1857.98,8.0,100.3,16.0,72.5,4.0,6.0,4.0,4.0,4.857142857142857,4.4760224810481395,2.193062655175132,3,0,49,0,0,292,0.0
2025-12-05,SKU-0002,0.0,0.0,1857.98,0,False,False,False,49,12,Winter,0,,Decor,Wall Art,2025-02-15,892.92,1857.98,8.0,100.3,16.0,72.5,0.0,9.0,5.0,4.0,4.0,4.333165338190996,2.7688746209726895,4,0,49,0,0,293,0.0
2025-12-06,SKU-0002,0.0,0.0,1857.98,0,False,False,False,49,12,Winter,0,,Decor,Wall Art,2025-02-15,892.92,1857.98,8.0,100.3,16.0,72.5,0.0,5.0,2.0,3.0,2.7142857142857144,4.190308195333854,2.0586634591635473,5,1,49,0,0,294,0.0
2025-12-07,SKU-0002,0.0,0.0,1857.98,0,False,False,False,49,12,Winter,0,,Decor,Wall Art,2025-02-15,892.92,1857.98,8.0,100.3,16.0,72.5,0.0,4.0,6.328629469347902,4.0,2.0,4.083165338190996,1.9999999999999956,6,1,49,0,0,295,0.0
2025-12-08,SKU-0002,0.0,0.0,1857.98,0,False,False,False,50,12,Winter,0,,Decor,Wall Art,2025-02-15,892.92,1857.98,0.0,100.3,16.0,72.5,0.0,2.0,0.0,2.0,1.4285714285714286,3.9403081953338535,1.9023794624226789,0,0,50,0,0,296,0.0
2025-12-09,SKU-0002,0.0,0.0,1857.98,0,False,False,False,50,12,Winter,0,,Decor,Wall Art,2025-02-15,892.92,1857.98,0.0,100.3,16.0,72.5,0.0,4.0,0.0,2.0,1.1428571428571428,3.8688796239052823,1.9518001458970615,1,0,50,0,0,297,0.0
2025-12-10,SKU-0002,2.0,3715.96,1857.98,0,False,False,False,50,12,Winter,0,,Decor,Wall Art,2025-02-15,892.92,1857.98,0.0,100.3,16.0,72.5,0.0,4.0,12.0,0.0,0.5714285714285714,3.7974510524767107,1.5118578920369024,2,0,50,0,0,298,0.0
2025-12-11,SKU-0002,3.0,5573.94,1857.98,0,False,False,False,50,12,Winter,0,,Decor,Wall Art,2025-02-15,892.92,1857.98,0.0,100.3,16.0,72.5,2.0,0.0,6.0,5.0,0.2857142857142857,3.8688796239052823,0.7559289460184545,3,0,50,0,0,299,0.0
2025-12-12,SKU-0002,1.0,1857.98,1857.98,0,False,False,False,50,12,Winter,0,,Decor,Wall Art,2025-02-15,892.92,1857.98,0.0,100.3,16.0,72.5,3.0,0.0,9.0,2.0,0.7142857142857143,3.7974510524767107,1.2535663410560174,4,0,50,0,0,300,0.0
2025-12-13,SKU-0002,5.0,9289.9,1857.98,0,False,False,False,50,12,Winter,0,,Decor,Wall Art,2025-02-15,892.92,1857.98,0.0,100.3,16.0,72.5,1.0,0.0,5.0,8.0,0.8571428571428571,3.761736766762425,1.2149857925879117,5,1,50,0,0,301,0.0
2025-12-14,SKU-0002,2.0,3715.96,1857.98,0,False,False,False,50,12,Winter,0,,Decor,Wall Art,2025-02-15,892.92,1857.98,0.0,100.3,16.0,72.5,5.0,0.0,4.0,9.0,1.5714285714285714,3.654593909619568,1.9023794624226837,6,1,50,0,0,302,0.0
2025-12-15,SKU-0002,1.0,1857.98,1857.98,0,False,False,False,51,12,Winter,0,,Decor,Wall Art,2025-02-15,892.92,1857.98,48.3,38.0,16.0,72.5,2.0,0.0,2.0,5.0,1.8571428571428572,3.404593909619568,1.772810520855837,0,0,51,0,0,303,0.0
2025-12-16,SKU-0002,2.0,3715.96,1857.98,0,False,False,False,51,12,Winter,0,,Decor,Wall Art,2025-02-15,892.92,1857.98,48.3,38.0,16.0,72.5,1.0,0.0,4.0,8.0,2.0,3.261736766762425,1.6329931618554525,1,0,51,0,0,304,0.0
2025-12-17,SKU-0002,3.0,5573.94,1857.98,0,False,False,False,51,12,Winter,0,,Decor,Wall Art,2025-02-15,892.92,1857.98,48.3,38.0,16.0,72.5,2.0,2.0,4.0,6.0,2.2857142857142856,3.0474510524767107,1.380131118684709,2,0,51,0,0,305,0.0
2025-12-18,SKU-0002,2.0,3715.96,1857.98,0,False,False,False,51,12,Winter,0,,Decor,Wall Art,2025-02-15,892.92,1857.98,48.3,38.0,16.0,72.5,3.0,3.0,0.0,4.0,2.4285714285714284,2.9403081953338535,1.3972762620115444,3,0,51,0,0,306,0.0
2025-12-19,SKU-0002,2.0,3715.96,1857.98,0,False,False,False,51,12,Winter,0,,Decor,Wall Art,2025-02-15,892.92,1857.98,48.3,38.0,16.0,72.5,2.0,1.0,0.0,5.0,2.2857142857142856,2.8688796239052823,1.380131118684709,4,0,51,0,0,307,0.0
2025-12-20,SKU-0002,4.0,6094.17,1523.54,1,False,False,False,51,12,Winter,0,Year End Clearance,Decor,Wall Art,2025-02-15,892.92,1857.98,48.3,38.0,16.0,72.5,2.0,5.0,0.0,2.0,2.4285714285714284,2.761736766762425,1.272418020560704,5,1,51,1,1,308,0.18000193758813343
2025-12-21,SKU-0002,3.0,4570.63,1523.54,1,False,False,False,51,12,Winter,0,Year End Clearance,Decor,Wall Art,2025-02-15,892.92,1857.98,48.3,38.0,16.0,72.5,4.0,2.0,0.0,6.328629469347902,2.2857142857142856,2.8331653381909967,0.9511897312113425,6,1,51,1,1,309,0.18000193758813343
2025-12-22,SKU-0002,11.0,16758.98,1523.54,1,False,False,False,52,12,Winter,0,Year End Clearance,Decor,Wall Art,2025-02-15,892.92,1857.98,59.3,49.0,16.0,72.5,3.0,1.0,0.0,0.0,2.4285714285714284,2.7142857142857144,0.9759000729485339,0,0,52,1,1,310,0.18000193758813343
2025-12-23,SKU-0002,6.0,9141.26,1523.54,1,False,False,False,52,12,Winter,0,Year End Clearance,Decor,Wall Art,2025-02-15,892.92,1857.98,59.3,49.0,16.0,72.5,11.0,2.0,0.0,0.0,3.857142857142857,3.107142857142857,3.2366943748507486,1,0,52,1,1,311,0.18000193758813343
2025-12-24,SKU-0002,7.0,10664.81,1523.5436,1,False,False,True,52,12,Winter,0,Year End Clearance,Decor,Wall Art,2025-02-15,892.92,1857.98,59.3,49.0,16.0,72.5,6.0,3.0,2.0,12.0,4.428571428571429,3.3214285714285716,3.207134902949093,2,0,52,1,1,312,0.18000000000000005
2025-12-25,SKU-0002,10.0,15235.44,1523.54,1,False,False,False,52,12,Winter,1,Year End Clearance,Decor,Wall Art,2025-02-15,892.92,1857.98,59.3,49.0,16.0,72.5,7.0,2.0,3.0,6.0,5.0,3.142857142857143,3.265986323710905,3,0,52,1,1,313,0.18000193758813343
2025-12-26,SKU-0002,6.0,9141.26,1523.54,1,False,False,False,52,12,Winter,0,Year End Clearance,Decor,Wall Art,2025-02-15,892.92,1857.98,59.3,49.0,16.0,72.5,10.0,2.0,1.0,9.0,6.142857142857143,3.2857142857142856,3.436498771936899,4,0,52,1,1,314,0.18000193758813343
2025-12-27,SKU-0002,3.0,4570.63,1523.54,1,False,False,False,52,12,Winter,0,Year End Clearance,Decor,Wall Art,2025-02-15,892.92,1857.98,59.3,49.0,16.0,72.5,6.0,4.0,5.0,5.0,6.714285714285714,3.1785714285714284,2.9277002188456005,5,1,52,1,1,315,0.18000193758813343
2025-12-28,SKU-0002,5.0,7617.72,1523.54,1,False,False,False,52,12,Winter,0,Year End Clearance,Decor,Wall Art,2025-02-15,892.92,1857.98,59.3,49.0,16.0,72.5,3.0,3.0,2.0,4.0,6.571428571428571,3.107142857142857,3.101458950082626,6,1,52,1,1,316,0.18000193758813343
2025-12-29,SKU-0002,4.0,6094.17,1523.54,1,False,False,False,1,12,Winter,0,Year End Clearance,Decor,Wall Art,2025-02-15,892.92,1857.98,18.3,90.0,16.0,72.5,5.0,11.0,1.0,2.0,6.857142857142857,3.142857142857143,2.794552524023089,0,0,1,1,1,317,0.18000193758813343
2025-12-30,SKU-0002,4.0,6094.17,1523.5436,1,False,False,True,1,12,Winter,0,Year End Clearance,Decor,Wall Art,2025-02-15,892.92,1857.98,18.3,90.0,16.0,72.5,4.0,6.0,2.0,4.0,5.857142857142857,3.2142857142857144,2.2677868380553656,1,0,1,1,1,318,0.18000000000000005
2025-12-31,SKU-0002,8.0,12188.35,1523.54,1,False,False,False,1,12,Winter,0,Year End Clearance,Decor,Wall Art,2025-02-15,892.92,1857.98,18.3,90.0,16.0,72.5,4.0,7.0,3.0,4.0,5.571428571428571,3.2142857142857144,2.3704530408864106,2,0,1,1,1,319,0.18000193758813343
2026-01-01,SKU-0002,6.328629469347902,11758.47,1857.98,0,False,False,False,1,1,Winter,1,,Decor,Wall Art,2025-02-15,892.92,1857.98,18.3,90.0,16.0,72.5,8.0,10.0,2.0,0.0,5.714285714285714,3.357142857142857,2.4976179127511178,3,0,1,0,0,320,0.0
2026-01-02,SKU-0002,0.0,0.0,1857.98,0,False,False,False,1,1,Winter,0,,Decor,Wall Art,2025-02-15,892.92,1857.98,18.3,90.0,16.0,72.5,6.328629469347902,6.0,2.0,0.0,5.1898042099068435,3.5831653381909967,1.7084630910134426,4,0,1,0,0,321,0.0
2026-01-03,SKU-0002,0.0,0.0,1857.98,0,False,False,False,1,1,Winter,0,,Decor,Wall Art,2025-02-15,892.92,1857.98,18.3,90.0,16.0,72.5,0.0,3.0,4.0,0.0,4.332661352763986,3.5831653381909967,2.5379739352534805,5,1,1,0,0,322,0.0
2026-01-04,SKU-0002,0.0,0.0,1857.98,0,False,False,False,1,1,Winter,0,,Decor,Wall Art,2025-02-15,892.92,1857.98,18.3,90.0,16.0,72.5,0.0,5.0,3.0,0.0,3.9040899241925575,3.5831653381909967,3.009931450133758,6,1,1,0,0,323,0.0
2026-01-05,SKU-0002,0.0,0.0,1857.98,0,False,False,False,2,1,Winter,0,,Decor,Wall Art,2025-02-15,892.92,1857.98,0.0,90.0,16.0,72.5,0.0,4.0,11.0,0.0,3.189804209906843,3.5831653381909967,3.287035003300159,0,0,2,0,0,324,0.0
2026-01-06,SKU-0002,0.0,0.0,1857.98,0,False,False,False,2,1,Winter,0,,Decor,Wall Art,2025-02-15,892.92,1857.98,0.0,90.0,16.0,72.5,0.0,4.0,6.0,0.0,2.618375638478272,3.5831653381909967,3.4655522424538954,1,0,2,0,0,325,0.0
2026-01-07,SKU-0002,0.0,0.0,1857.98,0,False,False,False,2,1,Winter,0,,Decor,Wall Art,2025-02-15,892.92,1857.98,0.0,90.0,16.0,72.5,0.0,8.0,7.0,2.0,2.0469470670497003,3.5831653381909967,3.528965969732381,2,0,2,0,0,326,0.0
2026-01-08,SKU-0002,2.0,3715.96,1857.98,0,False,False,False,2,1,Winter,0,,Decor,Wall Art,2025-02-15,892.92,1857.98,0.0,90.0,16.0,72.5,0.0,6.328629469347902,10.0,3.0,0.9040899241925574,3.511736766762425,2.3919971022527493,3,0,2,0,0,327,0.0
2026-01-09,SKU-0002,0.0,0.0,1857.98,0,False,False,False,2,1,Winter,0,,Decor,Wall Art,2025-02-15,892.92,1857.98,0.0,90.0,16.0,72.5,2.0,0.0,6.0,1.0,0.2857142857142857,3.4760224810481395,0.7559289460184545,4,0,2,0,0,328,0.0
2026-01-10,SKU-0002,4.0,7431.92,1857.98,0,False,False,False,2,1,Winter,0,,Decor,Wall Art,2025-02-15,892.92,1857.98,0.0,90.0,16.0,72.5,0.0,0.0,3.0,5.0,0.2857142857142857,3.4403081953338535,0.7559289460184545,5,1,2,0,0,329,0.0
2026-01-11,SKU-0002,3.0,5573.94,1857.98,0,False,False,False,2,1,Winter,0,,Decor,Wall Art,2025-02-15,892.92,1857.98,0.0,90.0,16.0,72.5,4.0,0.0,5.0,2.0,0.8571428571428571,3.404593909619568,1.5735915849388864,6,1,2,0,0,330,0.0
2026-01-12,SKU-0002,2.0,3715.96,1857.98,0,False,False,False,3,1,Winter,0,,Decor,Wall Art,2025-02-15,892.92,1857.98,38.0,41.0,16.0,72.5,3.0,0.0,4.0,1.0,1.2857142857142858,3.4403081953338535,1.7043362064926935,0,0,3,0,0,331,0.0
2026-01-13,SKU-0002,2.0,3715.96,1857.98,0,False,False,False,3,1,Winter,0,,Decor,Wall Art,2025-02-15,892.92,1857.98,38.0,41.0,16.0,72.5,2.0,0.0,4.0,2.0,1.5714285714285714,3.4760224810481395,1.6183471874253743,1,0,3,0,0,332,0.0
2026-01-14,SKU-0002,3.0,5573.94,1857.98,0,False,False,False,3,1,Winter,0,,Decor,Wall Art,2025-02-15,892.92,1857.98,38.0,41.0,16.0,72.5,2.0,0.0,8.0,3.0,1.8571428571428572,3.4760224810481395,1.4638501094228,2,0,3,0,0,333,0.0
2026-01-15,SKU-0002,0.0,0.0,1857.98,0,False,False,False,3,1,Winter,0,,Decor,Wall Art,2025-02-15,892.92,1857.98,38.0,41.0,16.0,72.5,3.0,2.0,6.328629469347902,2.0,2.2857142857142856,3.4760224810481395,1.2535663410560178,3,0,3,0,0,334,0.0
2026-01-16,SKU-0002,6.0,11147.88,1857.98,0,False,False,False,3,1,Winter,0,,Decor,Wall Art,2025-02-15,892.92,1857.98,38.0,41.0,16.0,72.5,0.0,0.0,0.0,2.0,2.0,3.404593909619568,1.5275252316519468,4,0,3,0,0,335,0.0
2026-01-17,SKU-0002,7.0,13005.86,1857.98,0,False,False,False,3,1,Winter,0,,Decor,Wall Art,2025-02-15,892.92,1857.98,38.0,41.0,16.0,72.5,6.0,4.0,0.0,4.0,2.857142857142857,3.5474510524767107,1.8644544714716091,5,1,3,0,0,336,0.0
2026-01-18,SKU-0002,4.0,7431.92,1857.98,0,False,False,False,3,1,Winter,0,,Decor,Wall Art,2025-02-15,892.92,1857.98,38.0,41.0,16.0,72.5,7.0,3.0,0.0,3.0,3.2857142857142856,3.654593909619568,2.429971585175824,6,1,3,0,0,337,0.0
2026-01-19,SKU-0002,1.0,1857.98,1857.98,0,False,False,False,4,1,Winter,0,,Decor,Wall Art,2025-02-15,892.92,1857.98,56.0,52.3,16.0,72.5,4.0,2.0,0.0,11.0,3.4285714285714284,3.6903081953338535,2.4397501823713332,0,0,4,0,0,338,0.0
2026-01-20,SKU-0002,1.0,1857.98,1857.98,0,False,False,False,4,1,Winter,0,,Decor,Wall Art,2025-02-15,892.92,1857.98,56.0,52.3,16.0,72.5,1.0,2.0,0.0,6.0,3.2857142857142856,3.3331653381909967,2.563479777846623,1,0,4,0,0,339,0.0
2026-01-21,SKU-0002,4.0,7431.92,1857.98,0,False,False,False,4,1,Winter,0,,Decor,Wall Art,2025-02-15,892.92,1857.98,56.0,52.3,16.0,72.5,1.0,3.0,0.0,7.0,3.142857142857143,3.154593909619568,2.672612419124244,2,0,4,0,0,340,0.0
2026-01-22,SKU-0002,2.0,3715.96,1857.98,0,False,False,False,4,1,Winter,0,,Decor,Wall Art,2025-02-15,892.92,1857.98,56.0,52.3,16.0,72.5,4.0,0.0,2.0,10.0,3.2857142857142856,3.0474510524767107,2.6903708365381975,3,0,4,0,0,341,0.0
2026-01-23,SKU-0002,1.0,1857.98,1857.98,0,False,False,False,4,1,Winter,0,,Decor,Wall Art,2025-02-15,892.92,1857.98,56.0,52.3,16.0,72.5,2.0,6.0,0.0,6.0,3.5714285714285716,2.761736766762425,2.3704530408864084,4,0,4,0,0,342,0.0
2026-01-24,SKU-0002,4.0,7431.92,1857.98,0,False,False,False,4,1,Winter,0,,Decor,Wall Art,2025-02-15,892.92,1857.98,56.0,52.3,16.0,72.5,1.0,7.0,4.0,3.0,2.857142857142857,2.5831653381909967,2.2677868380553634,5,1,4,0,0,343,0.0
2026-01-25,SKU-0002,1.0,1857.98,1857.98,0,False,False,False,4,1,Winter,0,,Decor,Wall Art,2025-02-15,892.92,1857.98,56.0,52.3,16.0,72.5,4.0,4.0,3.0,5.0,2.4285714285714284,2.6188796239052823,1.5118578920369088,6,1,4,0,0,344,0.0
2026-01-26,SKU-0002,3.0,5573.94,1857.98,0,False,False,True,5,1,Winter,1,,Decor,Wall Art,2025-02-15,892.92,1857.98,40.0,52.3,16.0,72.5,1.0,1.0,2.0,4.0,2.0,2.4760224810481395,1.4142135623730945,0,0,5,0,0,345,0.0
2026-01-27,SKU-0002,1.0,1857.98,1857.98,0,False,False,False,5,1,Winter,0,,Decor,Wall Art,2025-02-15,892.92,1857.98,40.0,52.3,16.0,72.5,3.0,1.0,2.0,4.0,2.2857142857142856,2.4403081953338535,1.380131118684708,1,0,5,0,0,346,0.0
2026-01-28,SKU-0002,3.0,5573.94,1857.98,0,False,False,False,5,1,Winter,0,,Decor,Wall Art,2025-02-15,892.92,1857.98,40.0,52.3,16.0,72.5,1.0,4.0,3.0,8.0,2.2857142857142856,2.3331653381909967,1.380131118684708,2,0,5,0,0,347,0.0
2026-01-29,SKU-0002,3.0,5573.94,1857.98,0,False,False,False,5,1,Winter,0,,Decor,Wall Art,2025-02-15,892.92,1857.98,40.0,52.3,16.0,72.5,3.0,2.0,0.0,6.328629469347902,2.142857142857143,2.154593909619568,1.2149857925879113,3,0,5,0,0,348,0.0
2026-01-30,SKU-0002,1.0,1857.98,1857.98,0,False,False,False,5,1,Winter,0,,Decor,Wall Art,2025-02-15,892.92,1857.98,40.0,52.3,16.0,72.5,3.0,1.0,6.0,0.0,2.2857142857142856,2.0357142857142856,1.2535663410560172,4,0,5,0,0,349,0.0
2026-01-31,SKU-0002,3.0,5573.94,1857.98,0,False,False,False,5,1,Winter,0,,Decor,Wall Art,2025-02-15,892.92,1857.98,40.0,52.3,16.0,72.5,1.0,4.0,7.0,0.0,2.2857142857142856,2.0714285714285716,1.2535663410560172,5,1,5,0,0,350,0.0
2026-02-01,SKU-0002,3.0,5573.94,1857.98,0,False,False,False,5,2,Winter,0,,Decor,Wall Art,2025-02-15,892.92,1857.98,40.0,52.3,16.0,72.5,3.0,1.0,4.0,0.0,2.142857142857143,2.1785714285714284,1.069044967649697,6,1,5,0,0,351,0.0
2026-02-02,SKU-0002,2.0,3715.96,1857.98,0,False,False,False,6,2,Winter,0,,Decor,Wall Art,2025-02-15,892.92,1857.98,24.0,52.3,16.0,72.5,3.0,3.0,1.0,0.0,2.4285714285714284,2.2857142857142856,0.9759000729485331,0,0,6,0,0,352,0.0
2026-02-03,SKU-0002,1.0,1857.98,1857.98,0,False,False,False,6,2,Winter,0,,Decor,Wall Art,2025-02-15,892.92,1857.98,24.0,52.3,16.0,72.5,2.0,1.0,1.0,0.0,2.2857142857142856,2.357142857142857,0.9511897312113414,1,0,6,0,0,353,0.0
2026-02-04,SKU-0002,6.0,11147.88,1857.98,0,False,False,False,6,2,Winter,0,,Decor,Wall Art,2025-02-15,892.92,1857.98,24.0,52.3,16.0,72.5,1.0,3.0,4.0,0.0,2.2857142857142856,2.392857142857143,0.9511897312113414,2,0,6,0,0,354,0.0
2026-02-05,SKU-0002,3.0,5573.94,1857.98,0,False,False,False,6,2,Winter,0,,Decor,Wall Art,2025-02-15,892.92,1857.98,24.0,52.3,16.0,72.5,6.0,3.0,2.0,2.0,2.7142857142857144,2.607142857142857,1.7043362064926935,3,0,6,0,0,355,0.0
2026-02-06,SKU-0002,2.0,3715.96,1857.98,0,False,False,False,6,2,Winter,0,,Decor,Wall Art,2025-02-15,892.92,1857.98,24.0,52.3,16.0,72.5,3.0,1.0,1.0,0.0,2.7142857142857144,2.642857142857143,1.7043362064926935,4,0,6,0,0,356,0.0
2026-02-07,SKU-0002,1.0,1857.98,1857.98,0,False,False,False,6,2,Winter,0,,Decor,Wall Art,2025-02-15,892.92,1857.98,24.0,52.3,16.0,72.5,2.0,3.0,4.0,4.0,2.857142857142857,2.7142857142857144,1.5735915849388864,5,1,6,0,0,357,0.0
2026-02-08,SKU-0002,2.0,3715.96,1857.98,0,False,False,False,6,2,Winter,0,,Decor,Wall Art,2025-02-15,892.92,1857.98,24.0,52.3,16.0,72.5,1.0,3.0,1.0,3.0,2.5714285714285716,2.607142857142857,1.7182493859684491,6,1,6,0,0,358,0.0
2026-02-09,SKU-0002,0.0,0.0,1857.98,0,False,False,False,7,2,Winter,0,,Decor,Wall Art,2025-02-15,892.92,1857.98,61.3,47.0,16.0,72.5,2.0,2.0,3.0,2.0,2.4285714285714284,2.5714285714285716,1.7182493859684487,0,0,7,0,0,359,0.0
2026-02-10,SKU-0002,5.0,9289.9,1857.98,0,False,False,False,7,2,Winter,0,,Decor,Wall Art,2025-02-15,892.92,1857.98,61.3,47.0,16.0,72.5,0.0,1.0,1.0,2.0,2.142857142857143,2.5,1.951800145897066,1,0,7,0,0,360,0.0
2026-02-11,SKU-0002,6.0,11147.88,1857.98,0,False,False,False,7,2,Winter,0,,Decor,Wall Art,2025-02-15,892.92,1857.98,61.3,47.0,16.0,72.5,5.0,6.0,3.0,3.0,2.7142857142857144,2.607142857142857,2.138089935299395,2,0,7,0,0,361,0.0
2026-02-12,SKU-0002,4.0,7431.92,1857.98,0,False,False,False,7,2,Winter,0,,Decor,Wall Art,2025-02-15,892.92,1857.98,61.3,47.0,16.0,72.5,6.0,3.0,3.0,0.0,2.7142857142857144,2.7142857142857144,2.138089935299395,3,0,7,0,0,362,0.0
2026-02-13,SKU-0002,0.0,0.0,1857.98,0,False,False,False,7,2,Winter,0,,Decor,Wall Art,2025-02-15,892.92,1857.98,61.3,47.0,16.0,72.5,4.0,2.0,1.0,6.0,2.857142857142857,2.857142857142857,2.1930626551751344,4,0,7,0,0,363,0.0
2026-02-14,SKU-0002,4.0,7431.92,1857.98,0,False,False,False,7,2,Winter,0,,Decor,Wall Art,2025-02-15,892.92,1857.98,61.3,47.0,16.0,72.5,0.0,1.0,3.0,7.0,2.5714285714285716,2.642857142857143,2.439750182371333,5,1,7,0,0,364,0.0
2026-02-15,SKU-0002,2.0,3715.96,1857.98,0,False,False,False,7,2,Winter,0,,Decor,Wall Art,2025-02-15,892.92,1857.98,61.3,47.0,16.0,72.5,4.0,2.0,3.0,4.0,3.0,2.5357142857142856,2.380476142847617,6,1,7,0,0,365,0.0
2026-02-16,SKU-0002,3.0,5573.94,1857.98,0,False,False,False,8,2,Winter,0,,Decor,Wall Art,2025-02-15,892.92,1857.98,37.3,47.0,16.0,72.5,2.0,0.0,2.0,1.0,3.0,2.4642857142857144,2.380476142847617,0,0,8,0,0,366,0.0
2026-02-17,SKU-0002,2.0,3715.96,1857.98,0,False,False,False,8,2,Winter,0,,Decor,Wall Art,2025-02-15,892.92,1857.98,37.3,47.0,16.0,72.5,3.0,5.0,1.0,1.0,3.4285714285714284,2.5357142857142856,1.9880595947760105,1,0,8,0,0,367,0.0
2026-02-18,SKU-0002,0.0,0.0,1857.98,0,False,False,False,8,2,Winter,0,,Decor,Wall Art,2025-02-15,892.92,1857.98,37.3,47.0,16.0,72.5,2.0,6.0,6.0,4.0,3.0,2.5714285714285716,1.9148542155126766,2,0,8,0,0,368,0.0
2026-02-19,SKU-0002,0.0,0.0,1857.98,0,False,False,False,8,2,Winter,0,,Decor,Wall Art,2025-02-15,892.92,1857.98,37.3,47.0,16.0,72.5,0.0,4.0,3.0,2.0,2.142857142857143,2.4285714285714284,1.6761634196950517,3,0,8,0,0,369,0.0
2026-02-20,SKU-0002,4.0,7431.92,1857.98,0,False,False,False,8,2,Winter,0,,Decor,Wall Art,2025-02-15,892.92,1857.98,37.3,47.0,16.0,72.5,0.0,0.0,2.0,1.0,1.5714285714285714,2.357142857142857,1.618347187425374,4,0,8,0,0,370,0.0
2026-02-21,SKU-0002,6.0,11147.88,1857.98,0,False,False,False,8,2,Winter,0,,Decor,Wall Art,2025-02-15,892.92,1857.98,37.3,47.0,16.0,72.5,4.0,4.0,1.0,4.0,2.142857142857143,2.4642857142857144,1.6761634196950517,5,1,8,0,0,371,0.0
2026-02-22,SKU-0002,2.0,3715.96,1857.98,0,False,False,False,8,2,Winter,0,,Decor,Wall Art,2025-02-15,892.92,1857.98,37.3,47.0,16.0,72.5,6.0,2.0,2.0,1.0,2.4285714285714284,2.5357142857142856,2.14919697074224,6,1,8,0,0,372,0.0
2026-02-23,SKU-0002,4.0,7431.92,1857.98,0,False,False,False,9,2,Winter,0,,Decor,Wall Art,2025-02-15,892.92,1857.98,19.3,89.0,16.0,72.5,2.0,3.0,0.0,3.0,2.4285714285714284,2.5714285714285716,2.14919697074224,0,0,9,0,0,373,0.0
2026-02-24,SKU-0002,1.0,1857.98,1857.98,0,False,False,False,9,2,Winter,0,,Decor,Wall Art,2025-02-15,892.92,1857.98,19.3,89.0,16.0,72.5,4.0,2.0,5.0,1.0,2.5714285714285716,2.607142857142857,2.2253945610567474,1,0,9,0,0,374,0.0
2026-02-25,SKU-0002,6.0,11147.88,1857.98,0,False,False,False,9,2,Winter,0,,Decor,Wall Art,2025-02-15,892.92,1857.98,19.3,89.0,16.0,72.5,1.0,0.0,6.0,3.0,2.4285714285714284,2.607142857142857,2.2990681342044406,2,0,9,0,0,375,0.0
2026-02-26,SKU-0002,1.0,1857.98,1857.98,0,False,False,False,9,2,Winter,0,,Decor,Wall Art,2025-02-15,892.92,1857.98,19.3,89.0,16.0,72.5,6.0,0.0,4.0,3.0,3.2857142857142856,2.7142857142857144,2.36038737740833,3,0,9,0,0,376,0.0
2026-02-27,SKU-0002,2.0,3715.96,1857.98,0,False,False,False,9,2,Winter,0,,Decor,Wall Art,2025-02-15,892.92,1857.98,19.3,89.0,16.0,72.5,1.0,4.0,0.0,1.0,3.4285714285714284,2.642857142857143,2.1491969707422403,4,0,9,0,0,377,0.0
2026-02-28,SKU-0002,5.0,9289.9,1857.98,0,False,False,False,9,2,Winter,0,,Decor,Wall Art,2025-02-15,892.92,1857.98,19.3,89.0,16.0,72.5,2.0,6.0,4.0,3.0,3.142857142857143,2.6785714285714284,2.1930626551751344,5,1,9,0,0,378,0.0
2026-03-01,SKU-0002,2.0,3047.09,1523.54,1,False,False,False,9,3,Spring,0,Spring Sale,Decor,Wall Art,2025-02-15,892.92,1857.98,19.3,89.0,16.0,72.5,5.0,2.0,2.0,3.0,3.0,2.75,2.0000000000000004,6,1,9,1,1,379,0.18000193758813343
2026-03-02,SKU-0002,3.0,4570.63,1523.54,1,False,False,False,10,3,Spring,0,Spring Sale,Decor,Wall Art,2025-02-15,892.92,1857.98,46.3,42.0,16.0,72.5,2.0,4.0,3.0,2.0,3.0,2.7142857142857144,2.0000000000000004,0,0,10,1,1,380,0.18000193758813343
2026-03-03,SKU-0002,7.0,10664.81,1523.54,1,False,False,False,10,3,Spring,0,Spring Sale,Decor,Wall Art,2025-02-15,892.92,1857.98,46.3,42.0,16.0,72.5,3.0,1.0,2.0,1.0,2.857142857142857,2.75,1.9518001458970669,1,0,10,1,1,381,0.18000193758813343
2026-03-04,SKU-0002,3.0,4570.63,1523.54,1,False,False,False,10,3,Spring,0,Spring Sale,Decor,Wall Art,2025-02-15,892.92,1857.98,46.3,42.0,16.0,72.5,7.0,6.0,0.0,6.0,3.7142857142857144,2.9642857142857144,2.288688541085318,2,0,10,1,1,382,0.18000193758813343
2026-03-05,SKU-0002,8.0,12188.35,1523.54,1,False,False,False,10,3,Spring,0,Spring Sale,Decor,Wall Art,2025-02-15,892.92,1857.98,46.3,42.0,16.0,72.5,3.0,1.0,0.0,3.0,3.2857142857142856,2.857142857142857,2.0586634591635518,3,0,10,1,1,383,0.18000193758813343
2026-03-06,SKU-0002,4.0,6094.17,1523.54,1,False,False,False,10,3,Spring,0,Spring Sale,Decor,Wall Art,2025-02-15,892.92,1857.98,46.3,42.0,16.0,72.5,8.0,2.0,4.0,2.0,4.285714285714286,3.0357142857142856,2.4299715851758243,4,0,10,1,1,384,0.18000193758813343
2026-03-07,SKU-0002,4.0,6094.17,1523.54,1,False,False,False,10,3,Spring,0,Spring Sale,Decor,Wall Art,2025-02-15,892.92,1857.98,46.3,42.0,16.0,72.5,4.0,5.0,6.0,1.0,4.571428571428571,3.107142857142857,2.225394561056748,5,1,10,1,1,385,0.18000193758813343
2026-03-08,SKU-0002,3.0,4570.63,1523.54,1,False,False,False,10,3,Spring,0,Spring Sale,Decor,Wall Art,2025-02-15,892.92,1857.98,46.3,42.0,16.0,72.5,4.0,2.0,2.0,2.0,4.428571428571429,3.2142857142857144,2.225394561056748,6,1,10,1,1,386,0.18000193758813343
2026-03-09,SKU-0002,6.0,9141.26,1523.54,1,False,False,False,11,3,Spring,0,Spring Sale,Decor,Wall Art,2025-02-15,892.92,1857.98,11.3,97.0,16.0,72.5,3.0,3.0,4.0,0.0,4.571428571428571,3.25,2.070196678027063,0,0,11,1,1,387,0.18000193758813343
2026-03-10,SKU-0002,6.0,9141.26,1523.54,1,False,False,False,11,3,Spring,0,Spring Sale,Decor,Wall Art,2025-02-15,892.92,1857.98,11.3,97.0,16.0,72.5,6.0,7.0,1.0,5.0,5.0,3.4642857142857144,2.0000000000000004,1,0,11,1,1,388,0.18000193758813343
2026-03-11,SKU-0002,3.0,5573.94,1857.98,0,False,False,False,11,3,Spring,0,,Decor,Wall Art,2025-02-15,892.92,1857.98,11.3,97.0,16.0,72.5,6.0,3.0,6.0,6.0,4.857142857142857,3.5,1.8644544714716094,2,0,11,0,0,389,0.0
2026-03-12,SKU-0002,2.0,3715.96,1857.98,0,False,False,False,11,3,Spring,0,,Decor,Wall Art,2025-02-15,892.92,1857.98,11.3,97.0,16.0,72.5,3.0,8.0,1.0,4.0,4.857142857142857,3.392857142857143,1.8644544714716094,3,0,11,0,0,390,0.0
2026-03-13,SKU-0002,3.0,5573.94,1857.98,0,False,False,False,11,3,Spring,0,,Decor,Wall Art,2025-02-15,892.92,1857.98,11.3,97.0,16.0,72.5,2.0,4.0,2.0,0.0,4.0,3.3214285714285716,1.527525231651948,4,0,11,0,0,391,0.0
2026-03-14,SKU-0002,1.0,1857.98,1857.98,0,False,False,False,11,3,Spring,0,,Decor,Wall Art,2025-02-15,892.92,1857.98,11.3,97.0,16.0,72.5,3.0,4.0,5.0,4.0,3.857142857142857,3.4285714285714284,1.573591584938888,5,1,11,0,0,392,0.0
2026-03-15,SKU-0002,2.0,3715.96,1857.98,0,False,False,False,11,3,Spring,0,,Decor,Wall Art,2025-02-15,892.92,1857.98,11.3,97.0,16.0,72.5,1.0,3.0,2.0,2.0,3.4285714285714284,3.3214285714285716,1.9023794624226853,6,1,11,0,0,393,0.0
2026-03-16,SKU-0002,2.0,3715.96,1857.98,0,False,False,False,12,3,Spring,0,,Decor,Wall Art,2025-02-15,892.92,1857.98,34.3,55.0,16.0,72.5,2.0,6.0,3.0,3.0,3.2857142857142856,3.3214285714285716,1.9760470401187091,0,0,12,0,0,394,0.0
2026-03-17,SKU-0002,0.0,0.0,1857.98,0,False,False,False,12,3,Spring,0,,Decor,Wall Art,2025-02-15,892.92,1857.98,34.3,55.0,16.0,72.5,2.0,6.0,7.0,2.0,2.7142857142857144,3.2857142857142856,1.6035674514745486,1,0,12,0,0,395,0.0
2026-03-18,SKU-0002,2.0,3715.96,1857.98,0,False,False,False,12,3,Spring,0,,Decor,Wall Art,2025-02-15,892.92,1857.98,34.3,55.0,16.0,72.5,0.0,3.0,3.0,0.0,1.8571428571428572,3.2142857142857144,1.069044967649702,2,0,12,0,0,396,0.0
2026-03-19,SKU-0002,2.0,3715.96,1857.98,0,False,False,False,12,3,Spring,0,,Decor,Wall Art,2025-02-15,892.92,1857.98,34.3,55.0,16.0,72.5,2.0,2.0,8.0,0.0,1.7142857142857142,3.2857142857142856,0.951189731211347,3,0,12,0,0,397,0.0
2026-03-20,SKU-0002,1.0,1857.98,1857.98,0,False,False,False,12,3,Spring,0,,Decor,Wall Art,2025-02-15,892.92,1857.98,34.3,55.0,16.0,72.5,2.0,3.0,4.0,4.0,1.7142857142857142,3.357142857142857,0.951189731211347,4,0,12,0,0,398,0.0
2026-03-21,SKU-0002,1.0,1857.98,1857.98,0,False,False,False,12,3,Spring,0,,Decor,Wall Art,2025-02-15,892.92,1857.98,34.3,55.0,16.0,72.5,1.0,1.0,4.0,6.0,1.4285714285714286,3.25,0.7867957924694498,5,1,12,0,0,399,0.0
2026-03-22,SKU-0002,0.0,0.0,1857.98,0,False,False,False,12,3,Spring,0,,Decor,Wall Art,2025-02-15,892.92,1857.98,34.3,55.0,16.0,72.5,1.0,2.0,3.0,2.0,1.4285714285714286,3.0714285714285716,0.7867957924694498,6,1,12,0,0,400,0.0
2026-03-23,SKU-0002,3.0,5573.94,1857.98,0,False,False,False,13,3,Spring,0,,Decor,Wall Art,2025-02-15,892.92,1857.98,25.3,55.0,16.0,72.5,0.0,2.0,6.0,4.0,1.1428571428571428,3.0,0.8997354108424435,0,0,13,0,0,401,0.0
2026-03-24,SKU-0002,3.0,5573.94,1857.98,0,False,False,False,13,3,Spring,0,,Decor,Wall Art,2025-02-15,892.92,1857.98,25.3,55.0,16.0,72.5,3.0,0.0,6.0,1.0,1.2857142857142858,2.9642857142857144,1.1126972805283784,1,0,13,0,0,402,0.0
2026-03-25,SKU-0002,1.0,1857.98,1857.98,0,False,False,False,13,3,Spring,0,,Decor,Wall Art,2025-02-15,892.92,1857.98,25.3,55.0,16.0,72.5,3.0,2.0,3.0,6.0,1.7142857142857142,3.0357142857142856,1.1126972805283781,2,0,13,0,0,403,0.0
2026-03-26,SKU-0002,0.0,0.0,1857.98,0,False,False,False,13,3,Spring,0,,Decor,Wall Art,2025-02-15,892.92,1857.98,25.3,55.0,16.0,72.5,1.0,2.0,2.0,1.0,1.5714285714285714,2.857142857142857,1.1338934190276861,3,0,13,0,0,404,0.0
2026-03-27,SKU-0002,3.0,5573.94,1857.98,0,False,False,False,13,3,Spring,0,,Decor,Wall Art,2025-02-15,892.92,1857.98,25.3,55.0,16.0,72.5,0.0,1.0,3.0,2.0,1.2857142857142858,2.8214285714285716,1.2535663410560216,4,0,13,0,0,405,0.0
2026-03-28,SKU-0002,3.0,5573.94,1857.98,0,False,False,False,13,3,Spring,0,,Decor,Wall Art,2025-02-15,892.92,1857.98,25.3,55.0,16.0,72.5,3.0,1.0,1.0,5.0,1.5714285714285714,2.857142857142857,1.3972762620115475,5,1,13,0,0,406,0.0
2026-03-29,SKU-0002,0.0,0.0,1857.98,0,False,False,False,13,3,Spring,0,,Decor,Wall Art,2025-02-15,892.92,1857.98,25.3,55.0,16.0,72.5,3.0,0.0,2.0,2.0,1.8571428571428572,2.7857142857142856,1.4638501094228031,6,1,13,0,0,407,0.0
2026-03-30,SKU-0002,5.0,9289.9,1857.98,0,False,False,False,14,3,Spring,0,,Decor,Wall Art,2025-02-15,892.92,1857.98,65.3,43.0,16.0,72.5,0.0,3.0,2.0,3.0,1.8571428571428572,2.7142857142857144,1.4638501094228031,0,0,14,0,0,408,0.0
2026-03-31,SKU-0002,1.0,1857.98,1857.98,0,False,False,False,14,3,Spring,0,,Decor,Wall Art,2025-02-15,892.92,1857.98,65.3,43.0,16.0,72.5,5.0,3.0,0.0,7.0,2.142857142857143,2.7857142857142856,1.8644544714716114,1,0,14,0,0,409,0.0
2026-04-01,SKU-0002,0.0,0.0,1857.98,0,False,False,False,14,4,Spring,0,,Decor,Wall Art,2025-02-15,892.92,1857.98,65.3,43.0,16.0,72.5,1.0,1.0,2.0,3.0,1.8571428571428572,2.5714285714285716,1.8644544714716114,2,0,14,0,0,410,0.0
2026-04-02,SKU-0002,3.0,5573.94,1857.98,0,False,False,False,14,4,Spring,0,,Decor,Wall Art,2025-02-15,892.92,1857.98,65.3,43.0,16.0,72.5,0.0,0.0,2.0,8.0,1.7142857142857142,2.4642857142857144,1.97604704011871,3,0,14,0,0,411,0.0
2026-04-03,SKU-0002,2.0,3715.96,1857.98,0,False,False,False,14,4,Spring,0,,Decor,Wall Art,2025-02-15,892.92,1857.98,65.3,43.0,16.0,72.5,3.0,3.0,1.0,4.0,2.142857142857143,2.2857142857142856,1.8644544714716114,4,0,14,0,0,412,0.0
2026-04-04,SKU-0002,3.0,5573.94,1857.98,0,False,False,False,14,4,Spring,0,,Decor,Wall Art,2025-02-15,892.92,1857.98,65.3,43.0,16.0,72.5,2.0,3.0,1.0,4.0,2.0,2.2142857142857144,1.8257418583505562,5,1,14,0,0,413,0.0
2026-04-05,SKU-0002,3.0,5573.94,1857.98,0,False,False,False,14,4,Spring,0,,Decor,Wall Art,2025-02-15,892.92,1857.98,65.3,43.0,16.0,72.5,3.0,0.0,0.0,3.0,2.0,2.1785714285714284,1.8257418583505562,6,1,14,0,0,414,0.0
2026-04-06,SKU-0002,3.0,5573.94,1857.98,0,False,False,False,15,4,Spring,0,,Decor,Wall Art,2025-02-15,892.92,1857.98,50.3,43.0,16.0,72.5,3.0,5.0,3.0,6.0,2.4285714285714284,2.1785714285714284,1.618347187425377,0,0,15,0,0,415,0.0
2026-04-07,SKU-0002,5.0,9289.9,1857.98,0,False,False,False,15,4,Spring,0,,Decor,Wall Art,2025-02-15,892.92,1857.98,50.3,43.0,16.0,72.5,3.0,1.0,3.0,6.0,2.142857142857143,2.0714285714285716,1.2149857925879157,1,0,15,0,0,416,0.0
2026-04-08,SKU-0002,3.0,5573.94,1857.98,0,False,False,False,15,4,Spring,0,,Decor,Wall Art,2025-02-15,892.92,1857.98,50.3,43.0,16.0,72.5,5.0,0.0,1.0,3.0,2.7142857142857144,2.0357142857142856,1.496026483086194,2,0,15,0,0,417,0.0
2026-04-09,SKU-0002,2.0,3715.96,1857.98,0,False,False,False,15,4,Spring,0,,Decor,Wall Art,2025-02-15,892.92,1857.98,50.3,43.0,16.0,72.5,3.0,3.0,0.0,2.0,3.142857142857143,2.0357142857142856,0.8997354108424414,3,0,15,0,0,418,0.0
2026-04-10,SKU-0002,3.0,5573.94,1857.98,0,False,False,False,15,4,Spring,0,,Decor,Wall Art,2025-02-15,892.92,1857.98,50.3,43.0,16.0,72.5,2.0,2.0,3.0,3.0,3.0,2.0357142857142856,1.0000000000000038,4,0,15,0,0,419,0.0
2026-04-11,SKU-0002,5.0,9289.9,1857.98,0,False,False,False,15,4,Spring,0,,Decor,Wall Art,2025-02-15,892.92,1857.98,50.3,43.0,16.0,72.5,3.0,3.0,3.0,1.0,3.142857142857143,2.0357142857142856,0.8997354108424414,5,1,15,0,0,420,0.0
2026-04-12,SKU-0002,3.0,5573.94,1857.98,0,False,False,False,15,4,Spring,0,,Decor,Wall Art,2025-02-15,892.92,1857.98,50.3,43.0,16.0,72.5,5.0,3.0,0.0,2.0,3.4285714285714284,2.1785714285714284,1.1338934190276846,6,1,15,0,0,421,0.0
2026-04-13,SKU-0002,2.0,3715.96,1857.98,0,False,False,False,16,4,Spring,0,,Decor,Wall Art,2025-02-15,892.92,1857.98,27.3,81.0,16.0,72.5,3.0,3.0,5.0,2.0,3.4285714285714284,2.2142857142857144,1.1338934190276846,0,0,16,0,0,422,0.0
2026-04-14,SKU-0002,3.0,5573.94,1857.98,0,False,False,False,16,4,Spring,0,,Decor,Wall Art,2025-02-15,892.92,1857.98,27.3,81.0,16.0,72.5,2.0,5.0,1.0,0.0,3.2857142857142856,2.2142857142857144,1.2535663410560203,1,0,16,0,0,423,0.0
2026-04-15,SKU-0002,2.0,3715.96,1857.98,0,False,False,False,16,4,Spring,0,,Decor,Wall Art,2025-02-15,892.92,1857.98,27.3,81.0,16.0,72.5,3.0,3.0,0.0,2.0,3.0,2.3214285714285716,1.0000000000000038,2,0,16,0,0,424,0.0
2026-04-16,SKU-0002,2.0,3715.96,1857.98,0,False,False,False,16,4,Spring,0,,Decor,Wall Art,2025-02-15,892.92,1857.98,27.3,81.0,16.0,72.5,2.0,2.0,3.0,2.0,2.857142857142857,2.3214285714285716,1.0690449676497014,3,0,16,0,0,425,0.0
2026-04-17,SKU-0002,2.0,3715.96,1857.98,0,False,False,False,16,4,Spring,0,,Decor,Wall Art,2025-02-15,892.92,1857.98,27.3,81.0,16.0,72.5,2.0,3.0,2.0,1.0,2.857142857142857,2.3214285714285716,1.0690449676497014,4,0,16,0,0,426,0.0
2026-04-18,SKU-0002,7.0,13005.86,1857.98,0,False,False,False,16,4,Spring,0,,Decor,Wall Art,2025-02-15,892.92,1857.98,27.3,81.0,16.0,72.5,2.0,5.0,3.0,1.0,2.7142857142857144,2.357142857142857,1.1126972805283775,5,1,16,0,0,427,0.0
2026-04-19,SKU-0002,4.0,7431.92,1857.98,0,False,False,False,16,4,Spring,0,,Decor,Wall Art,2025-02-15,892.92,1857.98,27.3,81.0,16.0,72.5,7.0,3.0,3.0,0.0,3.0,2.5714285714285716,1.8257418583505558,6,1,16,0,0,428,0.0
2026-04-20,SKU-0002,1.0,1857.98,1857.98,0,False,False,False,17,4,Spring,0,,Decor,Wall Art,2025-02-15,892.92,1857.98,49.3,38.0,16.0,72.5,4.0,2.0,3.0,3.0,3.142857142857143,2.7142857142857144,1.8644544714716107,0,0,17,0,0,429,0.0
2026-04-21,SKU-0002,2.0,3715.96,1857.98,0,False,False,False,17,4,Spring,0,,Decor,Wall Art,2025-02-15,892.92,1857.98,49.3,38.0,16.0,72.5,1.0,3.0,5.0,3.0,3.0,2.642857142857143,2.0000000000000018,1,0,17,0,0,430,0.0
2026-04-22,SKU-0002,1.0,1857.98,1857.98,0,False,False,False,17,4,Spring,0,,Decor,Wall Art,2025-02-15,892.92,1857.98,49.3,38.0,16.0,72.5,2.0,2.0,3.0,1.0,2.857142857142857,2.607142857142857,2.0354009783964315,2,0,17,0,0,431,0.0
2026-04-23,SKU-0002,0.0,0.0,1857.98,0,False,False,False,17,4,Spring,0,,Decor,Wall Art,2025-02-15,892.92,1857.98,49.3,38.0,16.0,72.5,1.0,2.0,2.0,0.0,2.7142857142857144,2.607142857142857,2.1380899352993974,3,0,17,0,0,432,0.0
2026-04-24,SKU-0002,3.0,5573.94,1857.98,0,False,False,True,17,4,Spring,0,,Decor,Wall Art,2025-02-15,892.92,1857.98,49.3,38.0,16.0,72.5,0.0,2.0,3.0,3.0,2.4285714285714284,2.607142857142857,2.3704530408864106,4,0,17,0,0,433,0.0
2026-04-25,SKU-0002,3.0,5573.94,1857.98,0,False,False,False,17,4,Spring,0,,Decor,Wall Art,2025-02-15,892.92,1857.98,49.3,38.0,16.0,72.5,3.0,7.0,5.0,3.0,2.5714285714285716,2.607142857142857,2.3704530408864106,5,1,17,0,0,434,0.0
2026-04-26,SKU-0002,0.0,0.0,1857.98,0,False,False,False,17,4,Spring,0,,Decor,Wall Art,2025-02-15,892.92,1857.98,49.3,38.0,16.0,72.5,3.0,4.0,3.0,0.0,2.0,2.607142857142857,1.4142135623730996,6,1,17,0,0,435,0.0
2026-04-27,SKU-0002,1.0,1857.98,1857.98,0,False,False,False,18,4,Spring,0,,Decor,Wall Art,2025-02-15,892.92,1857.98,39.3,38.0,16.0,72.5,0.0,1.0,2.0,5.0,1.4285714285714286,2.607142857142857,1.2724180205607099,0,0,18,0,0,436,0.0
2026-04-28,SKU-0002,3.0,5573.94,1857.98,0,False,False,False,18,4,Spring,0,,Decor,Wall Art,2025-02-15,892.92,1857.98,39.3,38.0,16.0,72.5,1.0,2.0,3.0,1.0,1.4285714285714286,2.4642857142857144,1.2724180205607099,1,0,18,0,0,437,0.0
2026-04-29,SKU-0002,1.0,1857.98,1857.98,0,False,False,False,18,4,Spring,0,,Decor,Wall Art,2025-02-15,892.92,1857.98,39.3,38.0,16.0,72.5,3.0,1.0,2.0,0.0,1.5714285714285714,2.5357142857142856,1.3972762620115493,2,0,18,0,0,438,0.0
2026-04-30,SKU-0002,3.0,5573.94,1857.98,0,False,False,False,18,4,Spring,0,,Decor,Wall Art,2025-02-15,892.92,1857.98,39.3,38.0,16.0,72.5,1.0,0.0,2.0,3.0,1.5714285714285714,2.5714285714285716,1.3972762620115493,3,0,18,0,0,439,0.0
2026-05-01,SKU-0002,3.0,5573.94,1857.98,0,False,False,False,18,5,Spring,0,,Decor,Wall Art,2025-02-15,892.92,1857.98,39.3,38.0,16.0,72.5,3.0,3.0,2.0,2.0,2.0,2.5714285714285716,1.2909944487358107,4,0,18,0,0,440,0.0
2026-05-02,SKU-0002,0.0,0.0,1857.98,0,False,False,False,18,5,Spring,0,,Decor,Wall Art,2025-02-15,892.92,1857.98,39.3,38.0,16.0,72.5,3.0,3.0,7.0,3.0,2.0,2.607142857142857,1.2909944487358107,5,1,18,0,0,441,0.0
2026-05-03,SKU-0002,4.0,7431.92,1857.98,0,False,False,False,18,5,Spring,0,,Decor,Wall Art,2025-02-15,892.92,1857.98,39.3,38.0,16.0,72.5,0.0,0.0,4.0,3.0,1.5714285714285714,2.5,1.3972762620115493,6,1,18,0,0,442,0.0
2026-05-04,SKU-0002,2.0,3715.96,1857.98,0,False,False,False,19,5,Spring,0,,Decor,Wall Art,2025-02-15,892.92,1857.98,61.3,47.0,16.0,72.5,4.0,1.0,1.0,3.0,2.142857142857143,2.5357142857142856,1.4638501094228042,0,0,19,0,0,443,0.0
2026-05-05,SKU-0002,1.0,1857.98,1857.98,0,False,False,False,19,5,Spring,0,,Decor,Wall Art,2025-02-15,892.92,1857.98,61.3,47.0,16.0,72.5,2.0,3.0,2.0,5.0,2.2857142857142856,2.5,1.3801311186847127,1,0,19,0,0,444,0.0
2026-05-06,SKU-0002,1.0,1857.98,1857.98,0,False,False,False,19,5,Spring,0,,Decor,Wall Art,2025-02-15,892.92,1857.98,61.3,47.0,16.0,72.5,1.0,1.0,1.0,3.0,2.0,2.357142857142857,1.4142135623730998,2,0,19,0,0,445,0.0
2026-05-07,SKU-0002,8.0,14863.84,1857.98,0,False,False,False,19,5,Spring,0,,Decor,Wall Art,2025-02-15,892.92,1857.98,61.3,47.0,16.0,72.5,1.0,3.0,0.0,2.0,2.0,2.2857142857142856,1.4142135623730998,3,0,19,0,0,446,0.0
2026-05-08,SKU-0002,3.0,5573.94,1857.98,0,False,False,False,19,5,Spring,0,,Decor,Wall Art,2025-02-15,892.92,1857.98,61.3,47.0,16.0,72.5,8.0,3.0,3.0,3.0,2.7142857142857144,2.5,2.690370836538199,4,0,19,0,0,447,0.0
2026-05-09,SKU-0002,1.0,1857.98,1857.98,0,False,False,False,19,5,Spring,0,,Decor,Wall Art,2025-02-15,892.92,1857.98,61.3,47.0,16.0,72.5,3.0,0.0,3.0,5.0,2.7142857142857144,2.5,2.690370836538199,5,1,19,0,0,448,0.0
2026-05-10,SKU-0002,2.0,3715.96,1857.98,0,False,False,False,19,5,Spring,0,,Decor,Wall Art,2025-02-15,892.92,1857.98,61.3,47.0,16.0,72.5,1.0,4.0,0.0,3.0,2.857142857142857,2.357142857142857,2.544836041121409,6,1,19,0,0,449,0.0
2026-05-11,SKU-0002,2.0,3715.96,1857.98,0,False,False,False,20,5,Spring,0,,Decor,Wall Art,2025-02-15,892.92,1857.98,43.3,47.0,16.0,72.5,2.0,2.0,1.0,2.0,2.5714285714285716,2.3214285714285716,2.507132682112037,0,0,20,0,0,450,0.0
2026-05-12,SKU-0002,6.0,11147.88,1857.98,0,False,False,False,20,5,Spring,0,,Decor,Wall Art,2025-02-15,892.92,1857.98,43.3,47.0,16.0,72.5,2.0,1.0,3.0,3.0,2.5714285714285716,2.3214285714285716,2.507132682112037,1,0,20,0,0,451,0.0
2026-05-13,SKU-0002,1.0,1857.98,1857.98,0,False,False,False,20,5,Spring,0,,Decor,Wall Art,2025-02-15,892.92,1857.98,43.3,47.0,16.0,72.5,6.0,1.0,1.0,2.0,3.2857142857142856,2.4285714285714284,2.6903708365381984,2,0,20,0,0,452,0.0
2026-05-14,SKU-0002,3.0,5573.94,1857.98,0,False,False,False,20,5,Spring,0,,Decor,Wall Art,2025-02-15,892.92,1857.98,43.3,47.0,16.0,72.5,1.0,8.0,3.0,2.0,3.2857142857142856,2.392857142857143,2.6903708365381984,3,0,20,0,0,453,0.0
2026-05-15,SKU-0002,2.0,3715.96,1857.98,0,False,False,False,20,5,Spring,0,,Decor,Wall Art,2025-02-15,892.92,1857.98,43.3,47.0,16.0,72.5,3.0,3.0,3.0,2.0,2.5714285714285716,2.4285714285714284,1.7182493859684527,4,0,20,0,0,454,0.0
2026-05-16,SKU-0002,3.0,5573.94,1857.98,0,False,False,False,20,5,Spring,0,,Decor,Wall Art,2025-02-15,892.92,1857.98,43.3,47.0,16.0,72.5,2.0,1.0,0.0,7.0,2.4285714285714284,2.4285714285714284,1.718249385968453,5,1,20,0,0,455,0.0
2026-05-17,SKU-0002,3.0,5573.94,1857.98,0,False,False,False,20,5,Spring,0,,Decor,Wall Art,2025-02-15,892.92,1857.98,43.3,47.0,16.0,72.5,3.0,2.0,4.0,4.0,2.7142857142857144,2.2857142857142856,1.60356745147455,6,1,20,0,0,456,0.0
2026-05-18,SKU-0002,3.0,5573.94,1857.98,0,False,False,False,21,5,Spring,0,,Decor,Wall Art,2025-02-15,892.92,1857.98,22.3,86.0,16.0,72.5,3.0,2.0,2.0,1.0,2.857142857142857,2.25,1.5735915849388895,0,0,21,0,0,457,0.0
2026-05-19,SKU-0002,1.0,1857.98,1857.98,0,False,False,False,21,5,Spring,0,,Decor,Wall Art,2025-02-15,892.92,1857.98,22.3,86.0,16.0,72.5,3.0,6.0,1.0,2.0,3.0,2.3214285714285716,1.5275252316519499,1,0,21,0,0,458,0.0
2026-05-20,SKU-0002,2.0,3715.96,1857.98,0,False,False,False,21,5,Spring,0,,Decor,Wall Art,2025-02-15,892.92,1857.98,22.3,86.0,16.0,72.5,1.0,1.0,1.0,1.0,2.2857142857142856,2.2857142857142856,0.9511897312113491,2,0,21,0,0,459,0.0
2026-05-21,SKU-0002,1.0,1857.98,1857.98,0,False,False,False,21,5,Spring,0,,Decor,Wall Art,2025-02-15,892.92,1857.98,22.3,86.0,16.0,72.5,2.0,3.0,8.0,0.0,2.4285714285714284,2.3214285714285716,0.7867957924694513,3,0,21,0,0,460,0.0
2026-05-22,SKU-0002,2.0,3715.96,1857.98,0,False,False,False,21,5,Spring,0,,Decor,Wall Art,2025-02-15,892.92,1857.98,22.3,86.0,16.0,72.5,1.0,2.0,3.0,3.0,2.142857142857143,2.357142857142857,0.8997354108424453,4,0,21,0,0,461,0.0
2026-05-23,SKU-0002,1.0,1857.98,1857.98,0,False,False,False,21,5,Spring,0,,Decor,Wall Art,2025-02-15,892.92,1857.98,22.3,86.0,16.0,72.5,2.0,3.0,1.0,3.0,2.142857142857143,2.3214285714285716,0.8997354108424453,5,1,21,0,0,462,0.0
2026-05-24,SKU-0002,0.0,0.0,1857.98,0,False,False,False,21,5,Spring,0,,Decor,Wall Art,2025-02-15,892.92,1857.98,22.3,86.0,16.0,72.5,1.0,3.0,2.0,0.0,1.8571428571428572,2.25,0.8997354108424463,6,1,21,0,0,463,0.0
2026-05-25,SKU-0002,1.0,1857.98,1857.98,0,False,False,False,22,5,Spring,0,,Decor,Wall Art,2025-02-15,892.92,1857.98,61.3,39.0,16.0,72.5,0.0,3.0,2.0,1.0,1.4285714285714286,2.25,0.9759000729485429,0,0,22,0,0,464,0.0
2026-05-26,SKU-0002,3.0,5573.94,1857.98,0,False,False,False,22,5,Spring,0,,Decor,Wall Art,2025-02-15,892.92,1857.98,61.3,39.0,16.0,72.5,1.0,1.0,6.0,3.0,1.1428571428571428,2.25,0.6900655593423691,1,0,22,0,0,465,0.0
2026-05-27,SKU-0002,3.0,5573.94,1857.98,0,False,False,False,22,5,Spring,0,,Decor,Wall Art,2025-02-15,892.92,1857.98,61.3,39.0,16.0,72.5,3.0,2.0,1.0,1.0,1.4285714285714286,2.25,0.9759000729485428,2,0,22,0,0,466,0.0
2026-05-28,SKU-0002,1.0,1857.98,1857.98,0,False,False,False,22,5,Spring,0,,Decor,Wall Art,2025-02-15,892.92,1857.98,61.3,39.0,16.0,72.5,3.0,1.0,3.0,3.0,1.5714285714285714,2.3214285714285716,1.1338934190276895,3,0,22,0,0,467,0.0
2026-05-29,SKU-0002,3.0,5573.94,1857.98,0,False,False,False,22,5,Spring,0,,Decor,Wall Art,2025-02-15,892.92,1857.98,61.3,39.0,16.0,72.5,1.0,2.0,2.0,3.0,1.5714285714285714,2.25,1.1338934190276895,4,0,22,0,0,468,0.0
2026-05-30,SKU-0002,3.0,5573.94,1857.98,0,False,False,False,22,5,Spring,0,,Decor,Wall Art,2025-02-15,892.92,1857.98,61.3,39.0,16.0,72.5,3.0,1.0,3.0,0.0,1.7142857142857142,2.25,1.253566341056024,5,1,22,0,0,469,0.0
2026-05-31,SKU-0002,1.0,1857.98,1857.98,0,False,False,False,22,5,Spring,0,,Decor,Wall Art,2025-02-15,892.92,1857.98,61.3,39.0,16.0,72.5,3.0,0.0,3.0,4.0,2.0,2.357142857142857,1.2909944487358112,6,1,22,0,0,470,0.0
2026-06-01,SKU-0002,3.0,5573.94,1857.98,0,False,False,False,23,6,Summer,0,,Decor,Wall Art,2025-02-15,892.92,1857.98,44.3,39.0,16.0,72.5,1.0,1.0,3.0,2.0,2.142857142857143,2.25,1.0690449676497038,0,0,23,0,0,471,0.0
2026-06-02,SKU-0002,2.0,3715.96,1857.98,0,False,False,False,23,6,Summer,0,,Decor,Wall Art,2025-02-15,892.92,1857.98,44.3,39.0,16.0,72.5,3.0,3.0,1.0,1.0,2.4285714285714284,2.2857142857142856,0.975900072948539,1,0,23,0,0,472,0.0
2026-06-03,SKU-0002,1.0,1857.98,1857.98,0,False,False,False,23,6,Summer,0,,Decor,Wall Art,2025-02-15,892.92,1857.98,44.3,39.0,16.0,72.5,2.0,3.0,2.0,1.0,2.2857142857142856,2.3214285714285716,0.9511897312113484,2,0,23,0,0,473,0.0
2026-06-04,SKU-0002,2.0,3715.96,1857.98,0,False,False,False,23,6,Summer,0,,Decor,Wall Art,2025-02-15,892.92,1857.98,44.3,39.0,16.0,72.5,1.0,1.0,1.0,8.0,2.0,2.3214285714285716,1.0000000000000073,3,0,23,0,0,474,0.0
2026-06-05,SKU-0002,1.0,1857.98,1857.98,0,False,False,False,23,6,Summer,0,,Decor,Wall Art,2025-02-15,892.92,1857.98,44.3,39.0,16.0,72.5,2.0,3.0,2.0,3.0,2.142857142857143,2.107142857142857,0.8997354108424449,4,0,23,0,0,475,0.0
2026-06-06,SKU-0002,3.0,5573.94,1857.98,0,False,False,False,23,6,Summer,0,,Decor,Wall Art,2025-02-15,892.92,1857.98,44.3,39.0,16.0,72.5,1.0,3.0,1.0,1.0,1.8571428571428572,2.0357142857142856,0.8997354108424461,5,1,23,0,0,476,0.0
2026-06-07,SKU-0002,4.0,7431.92,1857.98,0,False,False,False,23,6,Summer,0,,Decor,Wall Art,2025-02-15,892.92,1857.98,44.3,39.0,16.0,72.5,3.0,1.0,0.0,2.0,1.8571428571428572,2.107142857142857,0.8997354108424461,6,1,23,0,0,477,0.0
2026-06-08,SKU-0002,4.0,7431.92,1857.98,0,False,False,False,24,6,Summer,0,,Decor,Wall Art,2025-02-15,892.92,1857.98,66.3,42.0,16.0,72.5,4.0,3.0,1.0,2.0,2.2857142857142856,2.1785714285714284,1.1126972805283792,0,0,24,0,0,478,0.0
2026-06-09,SKU-0002,4.0,7431.92,1857.98,0,False,False,False,24,6,Summer,0,,Decor,Wall Art,2025-02-15,892.92,1857.98,66.3,42.0,16.0,72.5,4.0,2.0,3.0,6.0,2.4285714285714284,2.25,1.272418020560708,1,0,24,0,0,479,0.0
2026-06-10,SKU-0002,4.0,7431.92,1857.98,0,False,False,False,24,6,Summer,0,,Decor,Wall Art,2025-02-15,892.92,1857.98,66.3,42.0,16.0,72.5,4.0,1.0,3.0,1.0,2.7142857142857144,2.1785714285714284,1.3801311186847118,2,0,24,0,0,480,0.0
2026-06-11,SKU-0002,2.0,3715.96,1857.98,0,False,False,False,24,6,Summer,0,,Decor,Wall Art,2025-02-15,892.92,1857.98,66.3,42.0,16.0,72.5,4.0,2.0,1.0,3.0,3.142857142857143,2.2857142857142856,1.2149857925879144,3,0,24,0,0,481,0.0
2026-06-12,SKU-0002,1.0,1857.98,1857.98,0,False,False,False,24,6,Summer,0,,Decor,Wall Art,2025-02-15,892.92,1857.98,66.3,42.0,16.0,72.5,2.0,1.0,3.0,2.0,3.142857142857143,2.25,1.2149857925879144,4,0,24,0,0,482,0.0
2026-06-13,SKU-0002,2.0,3715.96,1857.98,0,False,False,False,24,6,Summer,0,,Decor,Wall Art,2025-02-15,892.92,1857.98,66.3,42.0,16.0,72.5,1.0,3.0,3.0,3.0,3.142857142857143,2.2142857142857144,1.2149857925879144,5,1,24,0,0,483,0.0
2026-06-14,SKU-0002,4.0,7431.92,1857.98,0,False,False,False,24,6,Summer,0,,Decor,Wall Art,2025-02-15,892.92,1857.98,66.3,42.0,16.0,72.5,2.0,4.0,1.0,3.0,3.0,2.1785714285714284,1.2909944487358083,6,1,24,0,0,484,0.0
2026-06-15,SKU-0002,1.0,1857.98,1857.98,0,False,False,False,25,6,Summer,0,,Decor,Wall Art,2025-02-15,892.92,1857.98,48.3,42.0,16.0,72.5,4.0,4.0,3.0,3.0,3.0,2.2142857142857144,1.2909944487358083,0,0,25,0,0,485,0.0
2026-06-16,SKU-0002,2.0,3715.96,1857.98,0,False,False,False,25,6,Summer,0,,Decor,Wall Art,2025-02-15,892.92,1857.98,48.3,42.0,16.0,72.5,1.0,4.0,2.0,1.0,2.5714285714285716,2.142857142857143,1.3972762620115475,1,0,25,0,0,486,0.0
2026-06-17,SKU-0002,2.0,3715.96,1857.98,0,False,False,False,25,6,Summer,0,,Decor,Wall Art,2025-02-15,892.92,1857.98,48.3,42.0,16.0,72.5,2.0,4.0,1.0,2.0,2.2857142857142856,2.1785714285714284,1.2535663410560223,2,0,25,0,0,487,0.0
2026-06-18,SKU-0002,1.0,1857.98,1857.98,0,False,False,False,25,6,Summer,0,,Decor,Wall Art,2025-02-15,892.92,1857.98,48.3,42.0,16.0,72.5,2.0,2.0,2.0,1.0,2.0,2.1785714285714284,1.000000000000007,3,0,25,0,0,488,0.0
2026-06-19,SKU-0002,2.0,3715.96,1857.98,0,False,False,False,25,6,Summer,0,,Decor,Wall Art,2025-02-15,892.92,1857.98,48.3,42.0,16.0,72.5,1.0,1.0,1.0,2.0,1.8571428571428572,2.1785714285714284,1.0690449676497047,4,0,25,0,0,489,0.0
2026-06-20,SKU-0002,4.0,7431.92,1857.98,0,False,False,False,25,6,Summer,0,,Decor,Wall Art,2025-02-15,892.92,1857.98,48.3,42.0,16.0,72.5,2.0,2.0,3.0,1.0,2.0,2.1785714285714284,1.000000000000007,5,1,25,0,0,490,0.0
2026-06-21,SKU-0002,4.0,7431.92,1857.98,0,False,False,False,25,6,Summer,0,,Decor,Wall Art,2025-02-15,892.92,1857.98,48.3,42.0,16.0,72.5,4.0,4.0,4.0,0.0,2.2857142857142856,2.2857142857142856,1.2535663410560223,6,1,25,0,0,491,0.0
2026-06-22,SKU-0002,1.0,1857.98,1857.98,0,False,False,False,26,6,Summer,0,,Decor,Wall Art,2025-02-15,892.92,1857.98,32.3,42.0,16.0,72.5,4.0,1.0,4.0,1.0,2.2857142857142856,2.4285714285714284,1.2535663410560223,0,0,26,0,0,492,0.0
2026-06-23,SKU-0002,1.0,1857.98,1857.98,0,False,False,False,26,6,Summer,0,,Decor,Wall Art,2025-02-15,892.92,1857.98,32.3,42.0,16.0,72.5,1.0,2.0,4.0,3.0,2.2857142857142856,2.4285714285714284,1.2535663410560223,1,0,26,0,0,493,0.0
2026-06-24,SKU-0002,2.0,3715.96,1857.98,0,False,False,False,26,6,Summer,0,,Decor,Wall Art,2025-02-15,892.92,1857.98,32.3,42.0,16.0,72.5,1.0,2.0,4.0,3.0,2.142857142857143,2.357142857142857,1.3451854182691034,2,0,26,0,0,494,0.0
2026-06-25,SKU-0002,0.0,0.0,1857.98,0,False,False,False,26,6,Summer,0,,Decor,Wall Art,2025-02-15,892.92,1857.98,32.3,42.0,16.0,72.5,2.0,1.0,2.0,1.0,2.142857142857143,2.3214285714285716,1.3451854182691034,3,0,26,0,0,495,0.0
2026-06-26,SKU-0002,3.0,5573.94,1857.98,0,False,False,False,26,6,Summer,0,,Decor,Wall Art,2025-02-15,892.92,1857.98,32.3,42.0,16.0,72.5,0.0,2.0,1.0,3.0,2.0,2.2857142857142856,1.5275252316519514,4,0,26,0,0,496,0.0
2026-06-27,SKU-0002,2.0,3715.96,1857.98,0,False,False,False,26,6,Summer,0,,Decor,Wall Art,2025-02-15,892.92,1857.98,32.3,42.0,16.0,72.5,3.0,4.0,2.0,3.0,2.142857142857143,2.2857142857142856,1.5735915849388906,5,1,26,0,0,497,0.0
2026-06-28,SKU-0002,5.0,9289.9,1857.98,0,False,False,False,26,6,Summer,0,,Decor,Wall Art,2025-02-15,892.92,1857.98,32.3,42.0,16.0,72.5,2.0,4.0,4.0,1.0,1.8571428571428572,2.25,1.345185418269104,6,1,26,0,0,498,0.0
2026-06-29,SKU-0002,5.0,9289.9,1857.98,0,False,False,False,27,6,Summer,0,,Decor,Wall Art,2025-02-15,892.92,1857.98,56.3,52.0,16.0,72.5,5.0,1.0,1.0,3.0,2.0,2.392857142857143,1.6329931618554563,0,0,27,0,0,499,0.0
2026-06-30,SKU-0002,3.0,5573.94,1857.98,0,False,False,False,27,6,Summer,0,,Decor,Wall Art,2025-02-15,892.92,1857.98,56.3,52.0,16.0,72.5,5.0,1.0,2.0,2.0,2.5714285714285716,2.4642857142857144,1.9023794624226864,1,0,27,0,0,500,0.0
2026-07-01,SKU-0002,2.0,3047.09,1523.54,1,False,False,False,27,7,Summer,0,Monsoon Sale,Decor,Wall Art,2025-02-15,892.92,1857.98,56.3,52.0,16.0,72.5,3.0,2.0,2.0,1.0,2.857142857142857,2.5,1.7728105208558391,2,0,27,1,1,501,0.18000193758813343
2026-07-02,SKU-0002,0.0,0.0,1523.54,1,False,False,False,27,7,Summer,0,Monsoon Sale,Decor,Wall Art,2025-02-15,892.92,1857.98,56.3,52.0,16.0,72.5,2.0,0.0,1.0,2.0,2.857142857142857,2.5357142857142856,1.7728105208558391,3,0,27,1,1,502,0.18000193758813343
2026-07-03,SKU-0002,2.0,3047.09,1523.54,1,False,False,False,27,7,Summer,0,Monsoon Sale,Decor,Wall Art,2025-02-15,892.92,1857.98,56.3,52.0,16.0,72.5,0.0,3.0,2.0,1.0,2.857142857142857,2.4642857142857144,1.7728105208558391,4,0,27,1,1,503,0.18000193758813343
2026-07-04,SKU-0002,9.0,13711.89,1523.54,1,False,False,False,27,7,Summer,0,Monsoon Sale,Decor,Wall Art,2025-02-15,892.92,1857.98,56.3,52.0,16.0,72.5,2.0,2.0,4.0,3.0,2.7142857142857144,2.5,1.7994708216848774,5,1,27,1,1,504,0.18000193758813343
2026-07-05,SKU-0002,1.0,1523.54,1523.54,1,False,False,False,27,7,Summer,0,Monsoon Sale,Decor,Wall Art,2025-02-15,892.92,1857.98,56.3,52.0,16.0,72.5,9.0,5.0,4.0,4.0,3.7142857142857144,2.7142857142857144,2.9277002188456005,6,1,27,1,1,505,0.18000193758813343
2026-07-06,SKU-0002,3.0,4570.63,1523.54,1,False,False,False,28,7,Summer,0,Monsoon Sale,Decor,Wall Art,2025-02-15,892.92,1857.98,36.3,52.0,16.0,72.5,1.0,5.0,1.0,4.0,3.142857142857143,2.607142857142857,3.0237157840738194,0,0,28,1,1,506,0.18000193758813343
2026-07-07,SKU-0002,3.0,4570.63,1523.54,1,False,False,False,28,7,Summer,0,Monsoon Sale,Decor,Wall Art,2025-02-15,892.92,1857.98,36.3,52.0,16.0,72.5,3.0,3.0,1.0,4.0,2.857142857142857,2.5714285714285716,2.9113897843110057,1,0,28,1,1,507,0.18000193758813343
2026-07-08,SKU-0002,7.0,10664.81,1523.54,1,False,False,False,28,7,Summer,0,Monsoon Sale,Decor,Wall Art,2025-02-15,892.92,1857.98,36.3,52.0,16.0,72.5,3.0,2.0,2.0,4.0,2.857142857142857,2.5357142857142856,2.9113897843110057,2,0,28,1,1,508,0.18000193758813343
2026-07-09,SKU-0002,2.0,3047.09,1523.54,1,False,False,False,28,7,Summer,0,Monsoon Sale,Decor,Wall Art,2025-02-15,892.92,1857.98,36.3,52.0,16.0,72.5,7.0,0.0,0.0,2.0,3.5714285714285716,2.642857142857143,3.258688021128691,3,0,28,1,1,509,0.18000193758813343
2026-07-10,SKU-0002,5.0,7617.72,1523.54,1,False,False,False,28,7,Summer,0,Monsoon Sale,Decor,Wall Art,2025-02-15,892.92,1857.98,36.3,52.0,16.0,72.5,2.0,2.0,3.0,1.0,3.857142857142857,2.642857142857143,2.9680841985233193,4,0,28,1,1,510,0.18000193758813343
2026-07-11,SKU-0002,3.0,5573.94,1857.98,0,False,False,False,28,7,Summer,0,,Decor,Wall Art,2025-02-15,892.92,1857.98,36.3,52.0,16.0,72.5,5.0,9.0,2.0,2.0,4.285714285714286,2.7857142857142856,2.8702082220799316,5,1,28,0,0,511,0.0
2026-07-12,SKU-0002,4.0,7431.92,1857.98,0,False,False,False,28,7,Summer,0,,Decor,Wall Art,2025-02-15,892.92,1857.98,36.3,52.0,16.0,72.5,3.0,1.0,5.0,4.0,3.4285714285714284,2.8214285714285716,1.9880595947760116,6,1,28,0,0,512,0.0
2026-07-13,SKU-0002,4.0,7431.92,1857.98,0,False,False,False,29,7,Summer,0,,Decor,Wall Art,2025-02-15,892.92,1857.98,8.3,100.0,16.0,72.5,4.0,3.0,5.0,1.0,3.857142857142857,2.8214285714285716,1.676163419695053,0,0,29,0,0,513,0.0
2026-07-14,SKU-0002,0.0,0.0,1857.98,0,False,False,False,29,7,Summer,0,,Decor,Wall Art,2025-02-15,892.92,1857.98,8.3,100.0,16.0,72.5,4.0,3.0,3.0,2.0,4.0,2.9285714285714284,1.6329931618554534,1,0,29,0,0,514,0.0
2026-07-15,SKU-0002,1.0,1857.98,1857.98,0,False,False,False,29,7,Summer,0,,Decor,Wall Art,2025-02-15,892.92,1857.98,8.3,100.0,16.0,72.5,0.0,7.0,2.0,2.0,3.5714285714285716,2.857142857142857,2.2253945610567487,2,0,29,0,0,515,0.0
2026-07-16,SKU-0002,3.0,5573.94,1857.98,0,False,False,False,29,7,Summer,0,,Decor,Wall Art,2025-02-15,892.92,1857.98,8.3,100.0,16.0,72.5,1.0,2.0,0.0,1.0,2.7142857142857144,2.8214285714285716,1.7994708216848774,3,0,29,0,0,516,0.0
2026-07-17,SKU-0002,2.0,3715.96,1857.98,0,False,False,False,29,7,Summer,0,,Decor,Wall Art,2025-02-15,892.92,1857.98,8.3,100.0,16.0,72.5,3.0,5.0,2.0,2.0,2.857142857142857,2.892857142857143,1.7728105208558391,4,0,29,0,0,517,0.0
2026-07-18,SKU-0002,3.0,5573.94,1857.98,0,False,False,False,29,7,Summer,0,,Decor,Wall Art,2025-02-15,892.92,1857.98,8.3,100.0,16.0,72.5,2.0,3.0,9.0,4.0,2.4285714285714284,2.892857142857143,1.5118578920369121,5,1,29,0,0,518,0.0
2026-07-19,SKU-0002,2.0,3715.96,1857.98,0,False,False,False,29,7,Summer,0,,Decor,Wall Art,2025-02-15,892.92,1857.98,8.3,100.0,16.0,72.5,3.0,4.0,1.0,4.0,2.4285714285714284,2.857142857142857,1.5118578920369121,6,1,29,0,0,519,0.0
2026-07-20,SKU-0002,0.0,0.0,1857.98,0,False,False,False,30,7,Summer,0,,Decor,Wall Art,2025-02-15,892.92,1857.98,49.3,48.0,16.0,72.5,2.0,4.0,3.0,1.0,2.142857142857143,2.7857142857142856,1.3451854182691025,0,0,30,0,0,520,0.0
2026-07-21,SKU-0002,3.0,5573.94,1857.98,0,False,False,True,30,7,Summer,0,,Decor,Wall Art,2025-02-15,892.92,1857.98,49.3,48.0,16.0,72.5,0.0,0.0,3.0,1.0,1.5714285714285714,2.75,1.2724180205607087,1,0,30,0,0,521,0.0
2026-07-22,SKU-0002,3.0,5573.94,1857.98,0,False,False,False,30,7,Summer,0,,Decor,Wall Art,2025-02-15,892.92,1857.98,49.3,48.0,16.0,72.5,3.0,1.0,7.0,2.0,2.0,2.8214285714285716,1.1547005383792563,2,0,30,0,0,522,0.0
2026-07-23,SKU-0002,2.0,3715.96,1857.98,0,False,False,False,30,7,Summer,0,,Decor,Wall Art,2025-02-15,892.92,1857.98,49.3,48.0,16.0,72.5,3.0,3.0,2.0,0.0,2.2857142857142856,2.857142857142857,1.1126972805283784,3,0,30,0,0,523,0.0
2026-07-24,SKU-0002,1.0,1857.98,1857.98,0,False,False,False,30,7,Summer,0,,Decor,Wall Art,2025-02-15,892.92,1857.98,49.3,48.0,16.0,72.5,2.0,2.0,5.0,3.0,2.142857142857143,2.9285714285714284,1.0690449676497027,4,0,30,0,0,524,0.0
2026-07-25,SKU-0002,3.0,5573.94,1857.98,0,False,False,False,30,7,Summer,0,,Decor,Wall Art,2025-02-15,892.92,1857.98,49.3,48.0,16.0,72.5,1.0,3.0,3.0,2.0,2.0,2.857142857142857,1.1547005383792563,5,1,30,0,0,525,0.0
2026-07-26,SKU-0002,4.0,7431.92,1857.98,0,False,False,False,30,7,Summer,0,,Decor,Wall Art,2025-02-15,892.92,1857.98,49.3,48.0,16.0,72.5,3.0,2.0,4.0,5.0,2.0,2.892857142857143,1.1547005383792563,6,1,30,0,0,526,0.0
2026-07-27,SKU-0002,3.0,5573.94,1857.98,0,False,False,False,31,7,Summer,0,,Decor,Wall Art,2025-02-15,892.92,1857.98,30.3,48.0,16.0,72.5,4.0,0.0,4.0,5.0,2.2857142857142856,2.857142857142857,1.3801311186847123,0,0,31,0,0,527,0.0
2026-07-28,SKU-0002,4.0,7431.92,1857.98,0,False,False,False,31,7,Summer,0,,Decor,Wall Art,2025-02-15,892.92,1857.98,30.3,48.0,16.0,72.5,3.0,3.0,0.0,3.0,2.7142857142857144,2.7857142857142856,0.9511897312113471,1,0,31,0,0,528,0.0
2026-07-29,SKU-0002,1.0,1857.98,1857.98,0,False,False,False,31,7,Summer,0,,Decor,Wall Art,2025-02-15,892.92,1857.98,30.3,48.0,16.0,72.5,4.0,3.0,1.0,2.0,2.857142857142857,2.8214285714285716,1.0690449676497022,2,0,31,0,0,529,0.0
2026-07-30,SKU-0002,2.0,3715.96,1857.98,0,False,False,False,31,7,Summer,0,,Decor,Wall Art,2025-02-15,892.92,1857.98,30.3,48.0,16.0,72.5,1.0,2.0,3.0,0.0,2.5714285714285716,2.7857142857142856,1.2724180205607076,3,0,31,0,0,530,0.0
2026-07-31,SKU-0002,2.0,3715.96,1857.98,0,False,False,False,31,7,Summer,0,,Decor,Wall Art,2025-02-15,892.92,1857.98,30.3,48.0,16.0,72.5,2.0,1.0,2.0,2.0,2.5714285714285716,2.857142857142857,1.2724180205607076,4,0,31,0,0,531,0.0
2026-08-01,SKU-0002,3.0,5573.94,1857.98,0,False,False,False,31,8,Summer,0,,Decor,Wall Art,2025-02-15,892.92,1857.98,30.3,48.0,16.0,72.5,2.0,3.0,3.0,9.0,2.7142857142857144,2.857142857142857,1.1126972805283781,5,1,31,0,0,532,0.0
2026-08-02,SKU-0002,4.0,7431.92,1857.98,0,False,False,False,31,8,Summer,0,,Decor,Wall Art,2025-02-15,892.92,1857.98,30.3,48.0,16.0,72.5,3.0,4.0,2.0,1.0,2.7142857142857144,2.642857142857143,1.1126972805283781,6,1,31,0,0,533,0.0
2026-08-03,SKU-0002,4.0,7431.92,1857.98,0,False,False,False,32,8,Summer,0,,Decor,Wall Art,2025-02-15,892.92,1857.98,58.3,50.0,16.0,72.5,4.0,3.0,0.0,3.0,2.7142857142857144,2.75,1.1126972805283781,0,0,32,0,0,534,0.0
2026-08-04,SKU-0002,2.0,3715.96,1857.98,0,False,False,False,32,8,Summer,0,,Decor,Wall Art,2025-02-15,892.92,1857.98,58.3,50.0,16.0,72.5,4.0,4.0,3.0,3.0,2.857142857142857,2.7857142857142856,1.214985792587916,1,0,32,0,0,535,0.0
2026-08-05,SKU-0002,3.0,5573.94,1857.98,0,False,False,False,32,8,Summer,0,,Decor,Wall Art,2025-02-15,892.92,1857.98,58.3,50.0,16.0,72.5,2.0,1.0,3.0,7.0,2.5714285714285716,2.75,1.1338934190276861,2,0,32,0,0,536,0.0
2026-08-06,SKU-0002,5.0,9289.9,1857.98,0,False,False,False,32,8,Summer,0,,Decor,Wall Art,2025-02-15,892.92,1857.98,58.3,50.0,16.0,72.5,3.0,2.0,2.0,2.0,2.857142857142857,2.607142857142857,0.8997354108424428,3,0,32,0,0,537,0.0
2026-08-07,SKU-0002,1.0,1857.98,1857.98,0,False,False,False,32,8,Summer,0,,Decor,Wall Art,2025-02-15,892.92,1857.98,58.3,50.0,16.0,72.5,5.0,2.0,1.0,5.0,3.2857142857142856,2.7142857142857144,1.112697280528378,4,0,32,0,0,538,0.0
2026-08-08,SKU-0002,3.0,5573.94,1857.98,0,False,False,False,32,8,Summer,0,,Decor,Wall Art,2025-02-15,892.92,1857.98,58.3,50.0,16.0,72.5,1.0,3.0,3.0,3.0,3.142857142857143,2.5714285714285716,1.345185418269102,5,1,32,0,0,539,0.0
2026-08-09,SKU-0002,4.0,7431.92,1857.98,0,False,False,False,32,8,Summer,0,,Decor,Wall Art,2025-02-15,892.92,1857.98,58.3,50.0,16.0,72.5,3.0,4.0,4.0,4.0,3.142857142857143,2.5714285714285716,1.345185418269102,6,1,32,0,0,540,0.0
2026-08-10,SKU-0002,3.0,5573.94,1857.98,0,False,False,False,33,8,Summer,0,,Decor,Wall Art,2025-02-15,892.92,1857.98,37.3,50.0,16.0,72.5,4.0,4.0,3.0,4.0,3.142857142857143,2.5714285714285716,1.345185418269102,0,0,33,0,0,541,0.0
2026-08-11,SKU-0002,3.0,5573.94,1857.98,0,False,False,False,33,8,Summer,0,,Decor,Wall Art,2025-02-15,892.92,1857.98,37.3,50.0,16.0,72.5,3.0,2.0,4.0,0.0,3.0,2.5357142857142856,1.2909944487358094,1,0,33,0,0,542,0.0
2026-08-12,SKU-0002,1.0,1857.98,1857.98,0,False,False,False,33,8,Summer,0,,Decor,Wall Art,2025-02-15,892.92,1857.98,37.3,50.0,16.0,72.5,3.0,3.0,1.0,1.0,3.142857142857143,2.642857142857143,1.2149857925879157,2,0,33,0,0,543,0.0
2026-08-13,SKU-0002,6.0,11147.88,1857.98,0,False,False,False,33,8,Summer,0,,Decor,Wall Art,2025-02-15,892.92,1857.98,37.3,50.0,16.0,72.5,1.0,5.0,2.0,3.0,2.857142857142857,2.642857142857143,1.4638501094228031,3,0,33,0,0,544,0.0
2026-08-14,SKU-0002,3.0,5573.94,1857.98,0,False,True,False,33,8,Summer,0,,Decor,Wall Art,2025-02-15,892.92,1857.98,37.3,50.0,16.0,72.5,6.0,1.0,2.0,2.0,3.0,2.75,1.73205080756888,4,0,33,0,0,545,0.0
2026-08-15,SKU-0002,4.0,7431.92,1857.98,0,False,False,False,33,8,Summer,1,,Decor,Wall Art,2025-02-15,892.92,1857.98,37.3,50.0,16.0,72.5,3.0,3.0,3.0,3.0,3.2857142857142856,2.7857142857142856,1.4960264830861945,5,1,33,0,0,546,0.0
2026-08-16,SKU-0002,2.0,3715.96,1857.98,0,False,False,False,33,8,Summer,0,,Decor,Wall Art,2025-02-15,892.92,1857.98,37.3,50.0,16.0,72.5,4.0,4.0,4.0,2.0,3.4285714285714284,2.8214285714285716,1.511857892036912,6,1,33,0,0,547,0.0
2024-08-16,SKU-0003,6.0,12532.5,2088.75,0,False,False,False,33,8,Summer,0,,Small Appliances,Air Purifiers,2023-11-13,1253.37,2088.75,,,,,,,,,,,,4,0,33,0,0,277,0.0
2024-08-17,SKU-0003,3.0,6266.25,2088.75,0,False,False,False,33,8,Summer,0,,Small Appliances,Air Purifiers,2023-11-13,1253.37,2088.75,,,,,6.0,,,,,,,5,1,33,0,0,278,0.0
2024-08-18,SKU-0003,4.0,8355.0,2088.75,0,False,False,False,33,8,Summer,0,,Small Appliances,Air Purifiers,2023-11-13,1253.37,2088.75,,,,,3.0,,,,,,,6,1,33,0,0,279,0.0
2024-08-19,SKU-0003,5.0,10443.75,2088.75,0,False,False,False,34,8,Summer,0,,Small Appliances,Air Purifiers,2023-11-13,1253.37,2088.75,104.1,0.0,19.0,79.3,4.0,,,,,,,0,0,34,0,0,280,0.0
2024-08-20,SKU-0003,5.0,10443.75,2088.75,0,False,False,False,34,8,Summer,0,,Small Appliances,Air Purifiers,2023-11-13,1253.37,2088.75,104.1,0.0,19.0,79.3,5.0,,,,,,,1,0,34,0,0,281,0.0
2024-08-21,SKU-0003,2.0,4177.5,2088.75,0,False,False,False,34,8,Summer,0,,Small Appliances,Air Purifiers,2023-11-13,1253.37,2088.75,104.1,0.0,19.0,79.3,5.0,,,,,,,2,0,34,0,0,282,0.0
2024-08-22,SKU-0003,5.0,10443.75,2088.75,0,False,False,False,34,8,Summer,0,,Small Appliances,Air Purifiers,2023-11-13,1253.37,2088.75,104.1,0.0,19.0,79.3,2.0,,,,,,,3,0,34,0,0,283,0.0
2024-08-23,SKU-0003,4.0,8355.0,2088.75,0,False,False,False,34,8,Summer,0,,Small Appliances,Air Purifiers,2023-11-13,1253.37,2088.75,104.1,0.0,19.0,79.3,5.0,6.0,,,4.285714285714286,,1.3801311186847112,4,0,34,0,0,284,0.0
2024-08-24,SKU-0003,9.0,18798.75,2088.75,0,False,False,False,34,8,Summer,0,,Small Appliances,Air Purifiers,2023-11-13,1253.37,2088.75,104.1,0.0,19.0,79.3,4.0,3.0,,,4.0,,1.1547005383792552,5,1,34,0,0,285,0.0
2024-08-25,SKU-0003,2.0,4177.5,2088.75,0,False,False,False,34,8,Summer,0,,Small Appliances,Air Purifiers,2023-11-13,1253.37,2088.75,104.1,0.0,19.0,79.3,9.0,4.0,,,4.857142857142857,,2.1157009420498167,6,1,34,0,0,286,0.0
2024-08-26,SKU-0003,2.0,4177.5,2088.75,0,False,False,False,35,8,Summer,0,,Small Appliances,Air Purifiers,2023-11-13,1253.37,2088.75,75.1,43.1,19.0,79.3,2.0,5.0,,,4.571428571428571,,2.3704530408864097,0,0,35,0,0,287,0.0
2024-08-27,SKU-0003,5.0,10443.75,2088.75,0,False,False,False,35,8,Summer,0,,Small Appliances,Air Purifiers,2023-11-13,1253.37,2088.75,75.1,43.1,19.0,79.3,2.0,5.0,,,4.142857142857143,,2.5448360411214086,1,0,35,0,0,288,0.0
2024-08-28,SKU-0003,2.0,4177.5,2088.75,0,False,False,False,35,8,Summer,0,,Small Appliances,Air Purifiers,2023-11-13,1253.37,2088.75,75.1,43.1,19.0,79.3,5.0,2.0,,,4.142857142857143,,2.5448360411214086,2,0,35,0,0,289,0.0
2024-08-29,SKU-0003,4.0,8355.0,2088.75,0,False,False,False,35,8,Summer,0,,Small Appliances,Air Purifiers,2023-11-13,1253.37,2088.75,75.1,43.1,19.0,79.3,2.0,5.0,,,4.142857142857143,,2.5448360411214086,3,0,35,0,0,290,0.0
2024-08-30,SKU-0003,4.0,8355.0,2088.75,0,False,False,False,35,8,Summer,0,,Small Appliances,Air Purifiers,2023-11-13,1253.37,2088.75,75.1,43.1,19.0,79.3,4.0,4.0,6.0,,4.0,,2.516611478423585,4,0,35,0,0,291,0.0
2024-08-31,SKU-0003,5.0,10443.75,2088.75,0,False,False,False,35,8,Summer,0,,Small Appliances,Air Purifiers,2023-11-13,1253.37,2088.75,75.1,43.1,19.0,79.3,4.0,9.0,3.0,,4.0,,2.516611478423585,5,1,35,0,0,292,0.0
2024-09-01,SKU-0003,2.0,4177.5,2088.75,0,False,False,False,35,9,Autumn,0,,Small Appliances,Air Purifiers,2023-11-13,1253.37,2088.75,75.1,43.1,19.0,79.3,5.0,2.0,4.0,,3.4285714285714284,,1.3972762620115475,6,1,35,0,0,293,0.0
2024-09-02,SKU-0003,4.0,8355.0,2088.75,0,False,False,False,36,9,Autumn,0,,Small Appliances,Air Purifiers,2023-11-13,1253.37,2088.75,49.1,43.1,19.0,79.3,2.0,2.0,5.0,,3.4285714285714284,,1.3972762620115475,0,0,36,0,0,294,0.0
2024-09-03,SKU-0003,4.0,8355.0,2088.75,0,False,False,False,36,9,Autumn,0,,Small Appliances,Air Purifiers,2023-11-13,1253.37,2088.75,49.1,43.1,19.0,79.3,4.0,5.0,5.0,,3.7142857142857144,,1.2535663410560212,1,0,36,0,0,295,0.0
2024-09-04,SKU-0003,3.0,6266.25,2088.75,0,False,False,False,36,9,Autumn,0,,Small Appliances,Air Purifiers,2023-11-13,1253.37,2088.75,49.1,43.1,19.0,79.3,4.0,2.0,2.0,,3.5714285714285716,,1.133893419027686,2,0,36,0,0,296,0.0
2024-09-05,SKU-0003,4.0,8355.0,2088.75,0,False,False,False,36,9,Autumn,0,,Small Appliances,Air Purifiers,2023-11-13,1253.37,2088.75,49.1,43.1,19.0,79.3,3.0,4.0,5.0,,3.7142857142857144,,0.9511897312113466,3,0,36,0,0,297,0.0
2024-09-06,SKU-0003,4.0,8355.0,2088.75,0,False,False,False,36,9,Autumn,0,,Small Appliances,Air Purifiers,2023-11-13,1253.37,2088.75,49.1,43.1,19.0,79.3,4.0,4.0,4.0,,3.7142857142857144,,0.9511897312113466,4,0,36,0,0,298,0.0
2024-09-07,SKU-0003,7.0,14621.25,2088.75,0,False,False,False,36,9,Autumn,0,,Small Appliances,Air Purifiers,2023-11-13,1253.37,2088.75,49.1,43.1,19.0,79.3,4.0,5.0,9.0,,3.7142857142857144,,0.9511897312113466,5,1,36,0,0,299,0.0
2024-09-08,SKU-0003,6.0,12532.5,2088.75,0,False,False,False,36,9,Autumn,0,,Small Appliances,Air Purifiers,2023-11-13,1253.37,2088.75,49.1,43.1,19.0,79.3,7.0,2.0,2.0,,4.0,,1.5275252316519494,6,1,36,0,0,300,0.0
2024-09-09,SKU-0003,4.0,8355.0,2088.75,0,False,False,False,37,9,Autumn,0,,Small Appliances,Air Purifiers,2023-11-13,1253.37,2088.75,17.1,101.1,19.0,79.3,6.0,4.0,2.0,,4.571428571428571,,1.3972762620115458,0,0,37,0,0,301,0.0
2024-09-10,SKU-0003,5.0,10443.75,2088.75,0,False,False,False,37,9,Autumn,0,,Small Appliances,Air Purifiers,2023-11-13,1253.37,2088.75,17.1,101.1,19.0,79.3,4.0,4.0,5.0,,4.571428571428571,,1.3972762620115458,1,0,37,0,0,302,0.0
2024-09-11,SKU-0003,4.0,8355.0,2088.75,0,False,False,False,37,9,Autumn,0,,Small Appliances,Air Purifiers,2023-11-13,1253.37,2088.75,17.1,101.1,19.0,79.3,5.0,3.0,2.0,,4.714285714285714,,1.38013111868471,2,0,37,0,0,303,0.0
2024-09-12,SKU-0003,5.0,10443.75,2088.75,0,False,False,False,37,9,Autumn,0,,Small Appliances,Air Purifiers,2023-11-13,1253.37,2088.75,17.1,101.1,19.0,79.3,4.0,4.0,4.0,,4.857142857142857,,1.2149857925879133,3,0,37,0,0,304,0.0
2024-09-13,SKU-0003,3.078299310567786,6429.8,2088.75,0,False,False,False,37,9,Autumn,0,,Small Appliances,Air Purifiers,2023-11-13,1253.37,2088.75,17.1,101.1,19.0,79.3,5.0,4.0,4.0,6.0,5.0,4.25,1.1547005383792526,4,0,37,0,0,305,0.0
2024-09-14,SKU-0003,4.0,8355.0,2088.75,0,False,False,False,37,9,Autumn,0,,Small Appliances,Air Purifiers,2023-11-13,1253.37,2088.75,17.1,101.1,19.0,79.3,3.078299310567786,7.0,5.0,3.0,4.868328472938255,4.145653546805993,1.3273765983129318,5,1,37,0,0,306,0.0
2024-09-15,SKU-0003,1.0,2088.75,2088.75,0,False,False,False,37,9,Autumn,0,,Small Appliances,Air Purifiers,2023-11-13,1253.37,2088.75,17.1,101.1,19.0,79.3,4.0,6.0,2.0,4.0,4.439757044366827,4.181367832520278,0.9570639437369656,6,1,37,0,0,307,0.0
2024-09-16,SKU-0003,6.0,12532.5,2088.75,0,False,False,False,38,9,Autumn,0,,Small Appliances,Air Purifiers,2023-11-13,1253.37,2088.75,32.1,58.0,19.0,79.3,1.0,4.0,4.0,5.0,3.7254713300811124,4.074224975377421,1.3736793795404512,0,0,38,0,0,308,0.0
2024-09-17,SKU-0003,4.0,8355.0,2088.75,0,False,False,False,38,9,Autumn,0,,Small Appliances,Air Purifiers,2023-11-13,1253.37,2088.75,32.1,58.0,19.0,79.3,6.0,5.0,4.0,5.0,4.011185615795398,4.109939261091706,1.625251587441916,1,0,38,0,0,309,0.0
2024-09-18,SKU-0003,2.0,4177.5,2088.75,0,False,False,False,38,9,Autumn,0,,Small Appliances,Air Purifiers,2023-11-13,1253.37,2088.75,32.1,58.0,19.0,79.3,4.0,4.0,3.0,2.0,3.868328472938255,4.074224975377421,1.5667466516973139,2,0,38,0,0,310,0.0
2024-09-19,SKU-0003,0.0,0.0,2088.75,0,False,False,False,38,9,Autumn,0,,Small Appliances,Air Purifiers,2023-11-13,1253.37,2088.75,32.1,58.0,19.0,79.3,2.0,5.0,4.0,5.0,3.5826141872239696,4.074224975377421,1.7141594511573752,3,0,38,0,0,311,0.0
2024-09-20,SKU-0003,6.0,12532.5,2088.75,0,False,False,False,38,9,Autumn,0,,Small Appliances,Air Purifiers,2023-11-13,1253.37,2088.75,32.1,58.0,19.0,79.3,0.0,3.078299310567786,4.0,4.0,2.868328472938255,3.8956535468059923,2.0365317349505454,4,0,38,0,0,312,0.0
2024-09-21,SKU-0003,5.0,10443.75,2088.75,0,False,False,False,38,9,Autumn,0,,Small Appliances,Air Purifiers,2023-11-13,1253.37,2088.75,32.1,58.0,19.0,79.3,6.0,4.0,7.0,9.0,3.2857142857142856,3.967082118234564,2.360387377408332,5,1,38,0,0,313,0.0
2024-09-22,SKU-0003,4.0,8355.0,2088.75,0,False,False,False,38,9,Autumn,0,,Small Appliances,Air Purifiers,2023-11-13,1253.37,2088.75,32.1,58.0,19.0,79.3,5.0,1.0,6.0,2.0,3.4285714285714284,3.824224975377421,2.439750182371335,6,1,38,0,0,314,0.0
2024-09-23,SKU-0003,1.0,2088.75,2088.75,0,False,False,False,39,9,Autumn,0,,Small Appliances,Air Purifiers,2023-11-13,1253.37,2088.75,10.1,58.0,19.0,79.3,4.0,6.0,4.0,2.0,3.857142857142857,3.8956535468059923,2.1930626551751358,0,0,39,0,0,315,0.0
2024-09-24,SKU-0003,0.0,0.0,2088.75,0,False,False,False,39,9,Autumn,0,,Small Appliances,Air Purifiers,2023-11-13,1253.37,2088.75,10.1,58.0,19.0,79.3,1.0,4.0,5.0,5.0,3.142857142857143,3.8599392610917067,2.1930626551751367,1,0,39,0,0,316,0.0
2024-09-25,SKU-0003,4.0,8355.0,2088.75,0,False,False,False,39,9,Autumn,0,,Small Appliances,Air Purifiers,2023-11-13,1253.37,2088.75,10.1,58.0,19.0,79.3,0.0,2.0,4.0,2.0,2.5714285714285716,3.681367832520278,2.4397501823713355,2,0,39,0,0,317,0.0
2024-09-26,SKU-0003,3.0,6266.25,2088.75,0,False,False,False,39,9,Autumn,0,,Small Appliances,Air Purifiers,2023-11-13,1253.37,2088.75,10.1,58.0,19.0,79.3,4.0,0.0,5.0,4.0,2.857142857142857,3.7527964039488495,2.4784787961282126,3,0,39,0,0,318,0.0
2024-09-27,SKU-0003,3.1153497486695585,6507.19,2088.75,0,False,False,False,39,9,Autumn,0,,Small Appliances,Air Purifiers,2023-11-13,1253.37,2088.75,10.1,58.0,19.0,79.3,3.0,6.0,3.078299310567786,4.0,3.2857142857142856,3.717082118234564,2.1380899352993974,4,0,39,0,0,319,0.0
2024-09-28,SKU-0003,7.0,14621.25,2088.75,0,False,False,False,39,9,Autumn,0,,Small Appliances,Air Purifiers,2023-11-13,1253.37,2088.75,10.1,58.0,19.0,79.3,3.1153497486695585,5.0,4.0,5.0,2.8736213926670797,3.6854874664013337,1.774894583619843,5,1,39,0,0,320,0.0
2024-09-29,SKU-0003,3.0,6266.25,2088.75,0,False,False,False,39,9,Autumn,0,,Small Appliances,Air Purifiers,2023-11-13,1253.37,2088.75,10.1,58.0,19.0,79.3,7.0,4.0,1.0,2.0,3.1593356783813653,3.7569160378299054,2.2669947270811135,6,1,39,0,0,321,0.0
2024-09-30,SKU-0003,2.0,4177.5,2088.75,0,False,False,False,40,9,Autumn,0,,Small Appliances,Air Purifiers,2023-11-13,1253.37,2088.75,46.0,0.0,19.0,79.3,3.0,1.0,6.0,4.0,3.0164785355242225,3.792630323544191,2.2364929677803977,0,0,40,0,0,322,0.0
2024-10-01,SKU-0003,5.0,10443.75,2088.75,0,False,False,False,40,10,Autumn,0,,Small Appliances,Air Purifiers,2023-11-13,1253.37,2088.75,46.0,0.0,19.0,79.3,2.0,0.0,4.0,4.0,3.1593356783813653,3.7212017521156193,2.114851868558861,1,0,40,0,0,323,0.0
2024-10-02,SKU-0003,2.0,4177.5,2088.75,0,False,False,False,40,10,Autumn,1,,Small Appliances,Air Purifiers,2023-11-13,1253.37,2088.75,46.0,0.0,19.0,79.3,5.0,4.0,2.0,3.0,3.8736213926670797,3.7569160378299054,1.6668735805112918,2,0,40,0,0,324,0.0
2024-10-03,SKU-0003,1.0,2088.75,2088.75,0,False,False,False,40,10,Autumn,0,,Small Appliances,Air Purifiers,2023-11-13,1253.37,2088.75,46.0,0.0,19.0,79.3,2.0,3.0,0.0,4.0,3.587907106952794,3.7212017521156193,1.8071092108520979,3,0,40,0,0,325,0.0
2024-10-04,SKU-0003,2.0,4177.5,2088.75,0,False,False,False,40,10,Autumn,0,,Small Appliances,Air Purifiers,2023-11-13,1253.37,2088.75,46.0,0.0,19.0,79.3,1.0,3.1153497486695585,6.0,4.0,3.3021928212385085,3.614058894972762,2.056455772117875,4,0,40,0,0,326,0.0
2024-10-05,SKU-0003,3.0,6266.25,2088.75,0,False,False,False,40,10,Autumn,0,,Small Appliances,Air Purifiers,2023-11-13,1253.37,2088.75,46.0,0.0,19.0,79.3,2.0,7.0,5.0,7.0,3.142857142857143,3.542630323544191,2.1157009420498176,5,1,40,0,0,327,0.0
2024-10-06,SKU-0003,5.0,10443.75,2088.75,0,False,False,False,40,10,Autumn,0,,Small Appliances,Air Purifiers,2023-11-13,1253.37,2088.75,46.0,0.0,19.0,79.3,3.0,3.0,4.0,6.0,2.5714285714285716,3.399773180687048,1.2724180205607079,6,1,40,0,0,328,0.0
2024-10-07,SKU-0003,3.0,6266.25,2088.75,0,False,False,False,41,10,Autumn,0,,Small Appliances,Air Purifiers,2023-11-13,1253.37,2088.75,25.0,93.2,19.0,79.3,5.0,2.0,1.0,4.0,2.857142857142857,3.364058894972762,1.5735915849388895,0,0,41,0,0,329,0.0
2024-10-08,SKU-0003,3.0,6266.25,2088.75,0,False,False,False,41,10,Autumn,0,,Small Appliances,Air Purifiers,2023-11-13,1253.37,2088.75,25.0,93.2,19.0,79.3,3.0,5.0,0.0,5.0,3.0,3.3283446092584765,1.5275252316519499,1,0,41,0,0,330,0.0
2024-10-09,SKU-0003,4.0,8355.0,2088.75,0,False,False,False,41,10,Autumn,0,,Small Appliances,Air Purifiers,2023-11-13,1253.37,2088.75,25.0,93.2,19.0,79.3,3.0,2.0,4.0,4.0,2.7142857142857144,3.2569160378299054,1.2535663410560216,2,0,41,0,0,331,0.0
2024-10-10,SKU-0003,3.0,6266.25,2088.75,0,False,False,False,41,10,Autumn,0,,Small Appliances,Air Purifiers,2023-11-13,1253.37,2088.75,25.0,93.2,19.0,79.3,4.0,1.0,3.0,5.0,3.0,3.2569160378299054,1.2909944487358096,3,0,41,0,0,332,0.0
2024-10-11,SKU-0003,7.0,14621.25,2088.75,0,False,False,False,41,10,Autumn,0,,Small Appliances,Air Purifiers,2023-11-13,1253.37,2088.75,25.0,93.2,19.0,79.3,3.0,2.0,3.1153497486695585,3.078299310567786,3.2857142857142856,3.1854874664013337,0.9511897312113469,4,0,41,0,0,333,0.0
2024-10-12,SKU-0003,5.0,10443.75,2088.75,0,False,False,False,41,10,Autumn,0,,Small Appliances,Air Purifiers,2023-11-13,1253.37,2088.75,25.0,93.2,19.0,79.3,7.0,3.0,7.0,4.0,4.0,3.325548205309627,1.5275252316519494,5,1,41,0,0,334,0.0
2024-10-13,SKU-0003,3.0,6266.25,2088.75,0,False,False,False,41,10,Autumn,0,,Small Appliances,Air Purifiers,2023-11-13,1253.37,2088.75,25.0,93.2,19.0,79.3,5.0,5.0,3.0,1.0,4.285714285714286,3.3612624910239126,1.4960264830861938,6,1,41,0,0,335,0.0
2024-10-14,SKU-0003,0.0,0.0,2088.75,0,False,False,False,42,10,Autumn,0,,Small Appliances,Air Purifiers,2023-11-13,1253.37,2088.75,0.0,93.2,19.0,79.3,3.0,3.0,2.0,6.0,4.0,3.4326910624524842,1.5275252316519494,0,0,42,0,0,336,0.0
2024-10-15,SKU-0003,0.0,0.0,2088.75,0,False,False,False,42,10,Autumn,0,,Small Appliances,Air Purifiers,2023-11-13,1253.37,2088.75,0.0,93.2,19.0,79.3,0.0,3.0,5.0,4.0,3.5714285714285716,3.21840534816677,2.1491969707422416,1,0,42,0,0,337,0.0
2024-10-16,SKU-0003,0.0,0.0,2088.75,0,False,False,False,42,10,Autumn,0,,Small Appliances,Air Purifiers,2023-11-13,1253.37,2088.75,0.0,93.2,19.0,79.3,0.0,4.0,2.0,2.0,3.142857142857143,3.075548205309627,2.544836041121409,2,0,42,0,0,338,0.0
2024-10-17,SKU-0003,0.0,0.0,2088.75,0,False,False,False,42,10,Autumn,0,,Small Appliances,Air Purifiers,2023-11-13,1253.37,2088.75,0.0,93.2,19.0,79.3,0.0,3.0,1.0,0.0,2.5714285714285716,3.004119633881056,2.7602622373694192,3,0,42,0,0,339,0.0
2024-10-18,SKU-0003,0.0,0.0,2088.75,0,False,False,False,42,10,Autumn,0,,Small Appliances,Air Purifiers,2023-11-13,1253.37,2088.75,0.0,93.2,19.0,79.3,0.0,7.0,2.0,6.0,2.142857142857143,3.004119633881056,2.9113897843110066,4,0,42,0,0,340,0.0
2024-10-19,SKU-0003,0.0,0.0,2088.75,0,False,False,False,42,10,Autumn,0,,Small Appliances,Air Purifiers,2023-11-13,1253.37,2088.75,0.0,93.2,19.0,79.3,0.0,5.0,3.0,5.0,1.1428571428571428,2.7898339195953414,2.0354009783964337,5,1,42,0,0,341,0.0
2024-10-20,SKU-0003,0.0,0.0,2088.75,0,False,False,False,42,10,Autumn,0,,Small Appliances,Air Purifiers,2023-11-13,1253.37,2088.75,0.0,93.2,19.0,79.3,0.0,3.0,5.0,4.0,0.42857142857142855,2.6112624910239126,1.13389341902769,6,1,42,0,0,342,0.0
2024-10-21,SKU-0003,0.0,0.0,2088.75,0,False,False,False,43,10,Autumn,0,,Small Appliances,Air Purifiers,2023-11-13,1253.37,2088.75,0.0,93.2,19.0,79.3,0.0,0.0,3.0,1.0,0.0,2.46840534816677,0.0,0,0,43,0,0,343,0.0
2024-10-22,SKU-0003,0.0,0.0,2088.75,0,False,False,False,43,10,Autumn,0,,Small Appliances,Air Purifiers,2023-11-13,1253.37,2088.75,0.0,93.2,19.0,79.3,0.0,0.0,3.0,0.0,0.0,2.4326910624524842,0.0,1,0,43,0,0,344,0.0
2024-10-23,SKU-0003,0.0,0.0,2088.75,0,False,False,False,43,10,Autumn,0,,Small Appliances,Air Purifiers,2023-11-13,1253.37,2088.75,0.0,93.2,19.0,79.3,0.0,0.0,4.0,4.0,0.0,2.4326910624524842,0.0,2,0,43,0,0,345,0.0
2024-10-24,SKU-0003,0.0,0.0,2088.75,0,False,False,False,43,10,Autumn,0,,Small Appliances,Air Purifiers,2023-11-13,1253.37,2088.75,0.0,93.2,19.0,79.3,0.0,0.0,3.0,3.0,0.0,2.2898339195953414,0.0,3,0,43,0,0,346,0.0
2024-10-25,SKU-0003,0.0,0.0,2088.75,0,False,False,False,43,10,Autumn,0,,Small Appliances,Air Purifiers,2023-11-13,1253.37,2088.75,0.0,93.2,19.0,79.3,0.0,0.0,7.0,3.1153497486695585,0.0,2.1826910624524842,0.0,4,0,43,0,0,347,0.0
2024-10-26,SKU-0003,11.0,22976.25,2088.75,0,False,False,False,43,10,Autumn,0,,Small Appliances,Air Purifiers,2023-11-13,1253.37,2088.75,0.0,93.2,19.0,79.3,0.0,0.0,5.0,7.0,0.0,2.0714285714285716,0.0,5,1,43,0,0,348,0.0
2024-10-27,SKU-0003,8.0,16710.0,2088.75,0,False,False,False,43,10,Autumn,0,,Small Appliances,Air Purifiers,2023-11-13,1253.37,2088.75,0.0,93.2,19.0,79.3,11.0,0.0,3.0,3.0,1.5714285714285714,2.2142857142857144,4.1576092031015,6,1,43,0,0,349,0.0
2024-10-28,SKU-0003,3.0,6266.25,2088.75,0,False,False,False,44,10,Autumn,0,,Small Appliances,Air Purifiers,2023-11-13,1253.37,2088.75,71.2,47.0,19.0,79.3,8.0,0.0,0.0,2.0,2.7142857142857144,2.392857142857143,4.715728494951256,0,0,44,0,0,350,0.0
2024-10-29,SKU-0003,4.0,8355.0,2088.75,0,False,False,False,44,10,Autumn,0,,Small Appliances,Air Purifiers,2023-11-13,1253.37,2088.75,71.2,47.0,19.0,79.3,3.0,0.0,0.0,5.0,3.142857142857143,2.4285714285714284,4.561745697594706,1,0,44,0,0,351,0.0
2024-10-30,SKU-0003,5.0,10443.75,2088.75,0,False,False,False,44,10,Autumn,0,,Small Appliances,Air Purifiers,2023-11-13,1253.37,2088.75,71.2,47.0,19.0,79.3,4.0,0.0,0.0,2.0,3.7142857142857144,2.392857142857143,4.347960660443228,2,0,44,0,0,352,0.0
2024-10-31,SKU-0003,6.0,12532.5,2088.75,0,False,False,False,44,10,Autumn,0,,Small Appliances,Air Purifiers,2023-11-13,1253.37,2088.75,71.2,47.0,19.0,79.3,5.0,0.0,0.0,1.0,4.428571428571429,2.5,4.035556254807296,3,0,44,0,0,353,0.0
2024-11-01,SKU-0003,5.0,10443.75,2088.75,0,False,False,False,44,11,Autumn,0,,Small Appliances,Air Purifiers,2023-11-13,1253.37,2088.75,71.2,47.0,19.0,79.3,6.0,0.0,0.0,2.0,5.285714285714286,2.6785714285714284,3.545621041711674,4,0,44,0,0,354,0.0
2024-11-02,SKU-0003,5.0,10443.75,2088.75,0,False,False,False,44,11,Autumn,0,,Small Appliances,Air Purifiers,2023-11-13,1253.37,2088.75,71.2,47.0,19.0,79.3,5.0,11.0,0.0,3.0,6.0,2.7857142857142856,2.708012801545321,5,1,44,0,0,355,0.0
2024-11-03,SKU-0003,4.0,8355.0,2088.75,0,False,False,False,44,11,Autumn,0,,Small Appliances,Air Purifiers,2023-11-13,1253.37,2088.75,71.2,47.0,19.0,79.3,5.0,8.0,0.0,5.0,5.142857142857143,2.857142857142857,1.573591584938887,6,1,44,0,0,356,0.0
2024-11-04,SKU-0003,5.0,10443.75,2088.75,0,False,False,False,45,11,Autumn,0,,Small Appliances,Air Purifiers,2023-11-13,1253.37,2088.75,37.2,47.0,19.0,79.3,4.0,3.0,0.0,3.0,4.571428571428571,2.8214285714285716,0.975900072948534,0,0,45,0,0,357,0.0
2024-11-05,SKU-0003,4.0,8355.0,2088.75,0,False,False,False,45,11,Autumn,0,,Small Appliances,Air Purifiers,2023-11-13,1253.37,2088.75,37.2,47.0,19.0,79.3,5.0,4.0,0.0,3.0,4.857142857142857,2.892857142857143,0.6900655593423554,1,0,45,0,0,358,0.0
2024-11-06,SKU-0003,0.0,0.0,2088.75,0,False,False,False,45,11,Autumn,0,,Small Appliances,Air Purifiers,2023-11-13,1253.37,2088.75,37.2,47.0,19.0,79.3,4.0,5.0,0.0,4.0,4.857142857142857,2.9285714285714284,0.6900655593423554,2,0,45,0,0,359,0.0
2024-11-07,SKU-0003,11.0,22976.25,2088.75,0,False,False,False,45,11,Autumn,0,,Small Appliances,Air Purifiers,2023-11-13,1253.37,2088.75,37.2,47.0,19.0,79.3,0.0,6.0,0.0,3.0,4.142857142857143,2.7857142857142856,1.9518001458970666,3,0,45,0,0,360,0.0
2024-11-08,SKU-0003,4.0,8355.0,2088.75,0,False,False,False,45,11,Autumn,0,,Small Appliances,Air Purifiers,2023-11-13,1253.37,2088.75,37.2,47.0,19.0,79.3,11.0,5.0,0.0,7.0,4.857142857142857,3.0714285714285716,3.2366943748507486,4,0,45,0,0,361,0.0
2024-11-09,SKU-0003,9.0,18798.75,2088.75,0,False,False,False,45,11,Autumn,0,,Small Appliances,Air Purifiers,2023-11-13,1253.37,2088.75,37.2,47.0,19.0,79.3,4.0,5.0,11.0,5.0,4.714285714285714,2.9642857142857144,3.2513733362117265,5,1,45,0,0,362,0.0
2024-11-10,SKU-0003,7.0,14621.25,2088.75,0,False,False,False,45,11,Autumn,0,,Small Appliances,Air Purifiers,2023-11-13,1253.37,2088.75,37.2,47.0,19.0,79.3,9.0,4.0,8.0,3.0,5.285714285714286,3.107142857142857,3.6384193323605842,6,1,45,0,0,363,0.0
2024-11-11,SKU-0003,2.0,4177.5,2088.75,0,False,False,False,46,11,Autumn,0,,Small Appliances,Air Purifiers,2023-11-13,1253.37,2088.75,0.2,47.0,19.0,79.3,7.0,5.0,3.0,0.0,5.714285714285714,3.25,3.6384193323605842,0,0,46,0,0,364,0.0
2024-11-12,SKU-0003,0.1936490592373445,404.48,2088.75,0,False,False,True,46,11,Autumn,0,,Small Appliances,Air Purifiers,2023-11-13,1253.37,2088.75,0.2,47.0,19.0,79.3,2.0,4.0,4.0,0.0,5.285714285714286,3.3214285714285716,3.9036002917941333,1,0,46,0,0,365,0.0
2024-11-13,SKU-0003,0.0,0.0,2088.75,0,False,False,False,46,11,Autumn,0,,Small Appliances,Air Purifiers,2023-11-13,1253.37,2088.75,0.2,47.0,19.0,79.3,0.1936490592373445,0.0,5.0,0.0,4.741949865605335,3.3283446092584765,4.351912994357431,2,0,46,0,0,366,0.0
2024-11-14,SKU-0003,0.0,0.0,2088.75,0,False,False,False,46,11,Autumn,0,,Small Appliances,Air Purifiers,2023-11-13,1253.37,2088.75,0.2,47.0,19.0,79.3,0.0,11.0,6.0,0.0,4.741949865605335,3.3283446092584765,4.351912994357431,3,0,46,0,0,367,0.0
2024-11-15,SKU-0003,0.0,0.0,2088.75,0,False,False,False,46,11,Autumn,0,,Small Appliances,Air Purifiers,2023-11-13,1253.37,2088.75,0.2,47.0,19.0,79.3,0.0,4.0,5.0,0.0,3.1705212941767633,3.3283446092584765,3.643991927825523,4,0,46,0,0,368,0.0
2024-11-16,SKU-0003,8.0,16710.0,2088.75,0,False,False,False,46,11,Autumn,0,,Small Appliances,Air Purifiers,2023-11-13,1253.37,2088.75,0.2,47.0,19.0,79.3,0.0,9.0,5.0,0.0,2.599092722748192,3.3283446092584765,3.802422891789858,5,1,46,0,0,369,0.0
2024-11-17,SKU-0003,6.0,12532.5,2088.75,0,False,False,False,46,11,Autumn,0,,Small Appliances,Air Purifiers,2023-11-13,1253.37,2088.75,0.2,47.0,19.0,79.3,8.0,7.0,4.0,0.0,2.4562355798910493,3.614058894972762,3.530954719587997,6,1,46,0,0,370,0.0
2024-11-18,SKU-0003,1.0,2088.75,2088.75,0,False,False,False,47,11,Autumn,0,,Small Appliances,Air Purifiers,2023-11-13,1253.37,2088.75,32.0,0.0,19.0,79.3,6.0,2.0,5.0,0.0,2.3133784370339066,3.8283446092584765,3.331052421473066,0,0,47,0,0,371,0.0
2024-11-19,SKU-0003,5.0,10443.75,2088.75,0,False,False,False,47,11,Autumn,0,,Small Appliances,Air Purifiers,2023-11-13,1253.37,2088.75,32.0,0.0,19.0,79.3,1.0,0.1936490592373445,4.0,0.0,2.1705212941767633,3.864058894972762,3.367970732721712,1,0,47,0,0,372,0.0
2024-11-20,SKU-0003,8.0,13702.2,1712.77,1,False,False,False,47,11,Autumn,0,Diwali Sale,Small Appliances,Air Purifiers,2023-11-13,1253.37,2088.75,32.0,0.0,19.0,79.3,5.0,0.0,0.0,0.0,2.857142857142857,4.0426303235441905,3.387652649872841,2,0,47,1,1,373,0.180002393776182
2024-11-21,SKU-0003,8.0,13702.2,1712.77,1,False,False,False,47,11,Autumn,0,Diwali Sale,Small Appliances,Air Purifiers,2023-11-13,1253.37,2088.75,32.0,0.0,19.0,79.3,8.0,0.0,11.0,0.0,4.0,4.328344609258477,3.605551275463989,3,0,47,1,1,374,0.180002393776182
2024-11-22,SKU-0003,11.0,18840.52,1712.77,1,False,False,False,47,11,Autumn,0,Diwali Sale,Small Appliances,Air Purifiers,2023-11-13,1253.37,2088.75,32.0,0.0,19.0,79.3,8.0,0.0,4.0,0.0,5.142857142857143,4.614058894972763,3.38765264987284,4,0,47,1,1,375,0.180002393776182
2024-11-23,SKU-0003,0.0,0.0,1712.77,1,False,False,False,47,11,Autumn,0,Diwali Sale,Small Appliances,Air Purifiers,2023-11-13,1253.37,2088.75,32.0,0.0,19.0,79.3,11.0,8.0,9.0,11.0,6.714285714285714,5.006916037829905,3.1471831698777715,5,1,47,1,1,376,0.180002393776182
2024-11-24,SKU-0003,0.0,0.0,1712.77,1,False,False,False,47,11,Autumn,0,Diwali Sale,Small Appliances,Air Purifiers,2023-11-13,1253.37,2088.75,32.0,0.0,19.0,79.3,0.0,6.0,7.0,8.0,5.571428571428571,4.614058894972763,3.9520940802374143,6,1,47,1,1,377,0.180002393776182
2024-11-25,SKU-0003,0.0,0.0,1712.77,1,False,False,False,48,11,Autumn,0,Diwali Sale,Small Appliances,Air Purifiers,2023-11-13,1253.37,2088.75,0.0,118.2,19.0,79.3,0.0,1.0,2.0,3.0,4.714285714285714,4.328344609258477,4.46147530585589,0,0,48,1,1,378,0.180002393776182
2024-11-26,SKU-0003,0.0,0.0,1712.77,1,False,False,False,48,11,Autumn,0,Diwali Sale,Small Appliances,Air Purifiers,2023-11-13,1253.37,2088.75,0.0,118.2,19.0,79.3,0.0,5.0,0.1936490592373445,4.0,4.571428571428571,4.221201752115619,4.613644360558612,1,0,48,1,1,379,0.180002393776182
2024-11-27,SKU-0003,0.0,0.0,1712.77,1,False,False,False,48,11,Autumn,0,Diwali Sale,Small Appliances,Air Purifiers,2023-11-13,1253.37,2088.75,0.0,118.2,19.0,79.3,0.0,8.0,0.0,5.0,3.857142857142857,4.078344609258477,4.913538149119955,2,0,48,1,1,380,0.180002393776182
2024-11-28,SKU-0003,0.0,0.0,1712.77,1,False,False,False,48,11,Autumn,0,Diwali Sale,Small Appliances,Air Purifiers,2023-11-13,1253.37,2088.75,0.0,118.2,19.0,79.3,0.0,8.0,0.0,6.0,2.7142857142857144,3.899773180687048,4.715728494951257,3,0,48,1,1,381,0.180002393776182
2024-11-29,SKU-0003,0.0,0.0,1712.77,1,False,False,False,48,11,Autumn,0,Diwali Sale,Small Appliances,Air Purifiers,2023-11-13,1253.37,2088.75,0.0,118.2,19.0,79.3,0.0,11.0,0.0,5.0,1.5714285714285714,3.6854874664013337,4.157609203101502,4,0,48,1,1,382,0.180002393776182
2024-11-30,SKU-0003,0.0,0.0,1712.77,1,False,False,False,48,11,Autumn,0,Diwali Sale,Small Appliances,Air Purifiers,2023-11-13,1253.37,2088.75,0.0,118.2,19.0,79.3,0.0,0.0,8.0,5.0,0.0,3.5069160378299054,0.0,5,1,48,1,1,383,0.180002393776182
2024-12-01,SKU-0003,0.0,0.0,2088.75,0,False,False,False,48,12,Winter,0,,Small Appliances,Air Purifiers,2023-11-13,1253.37,2088.75,0.0,118.2,19.0,79.3,0.0,0.0,6.0,4.0,0.0,3.3283446092584765,0.0,6,1,48,0,0,384,0.0
2024-12-02,SKU-0003,0.0,0.0,2088.75,0,False,False,False,49,12,Winter,0,,Small Appliances,Air Purifiers,2023-11-13,1253.37,2088.75,0.0,118.2,19.0,79.3,0.0,0.0,1.0,5.0,0.0,3.1854874664013337,0.0,0,0,49,0,0,385,0.0
2024-12-03,SKU-0003,0.0,0.0,2088.75,0,False,False,False,49,12,Winter,0,,Small Appliances,Air Purifiers,2023-11-13,1253.37,2088.75,0.0,118.2,19.0,79.3,0.0,0.0,5.0,4.0,0.0,3.0069160378299054,0.0,1,0,49,0,0,386,0.0
2024-12-04,SKU-0003,0.0,0.0,2088.75,0,False,False,False,49,12,Winter,0,,Small Appliances,Air Purifiers,2023-11-13,1253.37,2088.75,0.0,118.2,19.0,79.3,0.0,0.0,8.0,0.0,0.0,2.864058894972762,0.0,2,0,49,0,0,387,0.0
2024-12-05,SKU-0003,0.0,0.0,2088.75,0,False,False,False,49,12,Winter,0,,Small Appliances,Air Purifiers,2023-11-13,1253.37,2088.75,0.0,118.2,19.0,79.3,0.0,0.0,8.0,11.0,0.0,2.864058894972762,0.0,3,0,49,0,0,388,0.0
2024-12-06,SKU-0003,0.0,0.0,2088.75,0,False,False,False,49,12,Winter,0,,Small Appliances,Air Purifiers,2023-11-13,1253.37,2088.75,0.0,118.2,19.0,79.3,0.0,0.0,11.0,4.0,0.0,2.4712017521156193,0.0,4,0,49,0,0,389,0.0
2024-12-07,SKU-0003,0.0,0.0,2088.75,0,False,False,False,49,12,Winter,0,,Small Appliances,Air Purifiers,2023-11-13,1253.37,2088.75,0.0,118.2,19.0,79.3,0.0,0.0,0.0,9.0,0.0,2.3283446092584765,0.0,5,1,49,0,0,390,0.0
2024-12-08,SKU-0003,0.0,0.0,2088.75,0,False,False,False,49,12,Winter,0,,Small Appliances,Air Purifiers,2023-11-13,1253.37,2088.75,0.0,118.2,19.0,79.3,0.0,0.0,0.0,7.0,0.0,2.0069160378299054,0.0,6,1,49,0,0,391,0.0
2024-12-09,SKU-0003,0.0,0.0,2088.75,0,False,False,False,50,12,Winter,0,,Small Appliances,Air Purifiers,2023-11-13,1253.37,2088.75,0.0,118.2,19.0,79.3,0.0,0.0,0.0,2.0,0.0,1.7569160378299051,0.0,0,0,50,0,0,392,0.0
2024-12-10,SKU-0003,0.0,0.0,2088.75,0,False,False,False,50,12,Winter,0,,Small Appliances,Air Purifiers,2023-11-13,1253.37,2088.75,0.0,118.2,19.0,79.3,0.0,0.0,0.0,0.1936490592373445,0.0,1.6854874664013337,0.0,1,0,50,0,0,393,0.0
2024-12-11,SKU-0003,0.0,0.0,2088.75,0,False,False,False,50,12,Winter,0,,Small Appliances,Air Purifiers,2023-11-13,1253.37,2088.75,0.0,118.2,19.0,79.3,0.0,0.0,0.0,0.0,0.0,1.6785714285714286,0.0,2,0,50,0,0,394,0.0
2024-12-12,SKU-0003,0.0,0.0,2088.75,0,False,False,False,50,12,Winter,0,,Small Appliances,Air Purifiers,2023-11-13,1253.37,2088.75,0.0,118.2,19.0,79.3,0.0,0.0,0.0,0.0,0.0,1.6785714285714286,0.0,3,0,50,0,0,395,0.0
2024-12-13,SKU-0003,0.0,0.0,2088.75,0,False,False,False,50,12,Winter,0,,Small Appliances,Air Purifiers,2023-11-13,1253.37,2088.75,0.0,118.2,19.0,79.3,0.0,0.0,0.0,0.0,0.0,1.6785714285714286,0.0,4,0,50,0,0,396,0.0
2024-12-14,SKU-0003,3.0,6266.25,2088.75,0,False,False,False,50,12,Winter,0,,Small Appliances,Air Purifiers,2023-11-13,1253.37,2088.75,0.0,118.2,19.0,79.3,0.0,0.0,0.0,8.0,0.0,1.6785714285714286,0.0,5,1,50,0,0,397,0.0
2024-12-15,SKU-0003,8.0,16710.0,2088.75,0,False,False,False,50,12,Winter,0,,Small Appliances,Air Purifiers,2023-11-13,1253.37,2088.75,0.0,118.2,19.0,79.3,3.0,0.0,0.0,6.0,0.42857142857142855,1.5,1.1338934190276817,6,1,50,0,0,398,0.0
2024-12-16,SKU-0003,5.0,10443.75,2088.75,0,False,False,False,51,12,Winter,0,,Small Appliances,Air Purifiers,2023-11-13,1253.37,2088.75,102.2,0.0,19.0,79.3,8.0,0.0,0.0,1.0,1.5714285714285714,1.5714285714285714,3.0472470011002204,0,0,51,0,0,399,0.0
2024-12-17,SKU-0003,8.0,16710.0,2088.75,0,False,False,False,51,12,Winter,0,,Small Appliances,Air Purifiers,2023-11-13,1253.37,2088.75,102.2,0.0,19.0,79.3,5.0,0.0,0.0,5.0,2.2857142857142856,1.7142857142857142,3.1997023671109224,1,0,51,0,0,400,0.0
2024-12-18,SKU-0003,6.0,12532.5,2088.75,0,False,False,False,51,12,Winter,0,,Small Appliances,Air Purifiers,2023-11-13,1253.37,2088.75,102.2,0.0,19.0,79.3,8.0,0.0,0.0,8.0,3.4285714285714284,1.8214285714285714,3.6449573777637356,2,0,51,0,0,401,0.0
2024-12-19,SKU-0003,3.0,6266.25,2088.75,0,False,False,False,51,12,Winter,0,,Small Appliances,Air Purifiers,2023-11-13,1253.37,2088.75,102.2,0.0,19.0,79.3,6.0,0.0,0.0,8.0,4.285714285714286,1.75,3.4016802570830453,3,0,51,0,0,402,0.0
2024-12-20,SKU-0003,16.0,27404.4,1712.77,1,False,False,False,51,12,Winter,0,Year End Clearance,Small Appliances,Air Purifiers,2023-11-13,1253.37,2088.75,102.2,0.0,19.0,79.3,3.0,0.0,0.0,11.0,4.714285714285714,1.5714285714285714,2.9277002188456,4,0,51,1,1,403,0.180002393776182
2024-12-21,SKU-0003,13.0,22266.07,1712.77,1,False,False,False,51,12,Winter,0,Year End Clearance,Small Appliances,Air Purifiers,2023-11-13,1253.37,2088.75,102.2,0.0,19.0,79.3,16.0,3.0,0.0,0.0,7.0,1.75,4.47213595499958,5,1,51,1,1,404,0.180002393776182
2024-12-22,SKU-0003,16.0,27404.4,1712.77,1,False,False,False,51,12,Winter,0,Year End Clearance,Small Appliances,Air Purifiers,2023-11-13,1253.37,2088.75,102.2,0.0,19.0,79.3,13.0,8.0,0.0,0.0,8.428571428571429,2.2142857142857144,4.577377082170635,6,1,51,1,1,405,0.180002393776182
2024-12-23,SKU-0003,12.0,20553.3,1712.77,1,False,False,False,52,12,Winter,0,Year End Clearance,Small Appliances,Air Purifiers,2023-11-13,1253.37,2088.75,28.2,90.0,19.0,79.3,16.0,5.0,0.0,0.0,9.571428571428571,2.7857142857142856,5.380741673076394,0,0,52,1,1,406,0.180002393776182
2024-12-24,SKU-0003,18.0,30829.95,1712.77,1,False,False,False,52,12,Winter,0,Year End Clearance,Small Appliances,Air Purifiers,2023-11-13,1253.37,2088.75,28.2,90.0,19.0,79.3,12.0,8.0,0.0,0.0,10.571428571428571,3.2142857142857144,5.028490259085155,1,0,52,1,1,407,0.180002393776182
2024-12-25,SKU-0003,10.193649059237345,17459.43,1712.77,1,False,False,False,52,12,Winter,1,Year End Clearance,Small Appliances,Air Purifiers,2023-11-13,1253.37,2088.75,28.2,90.0,19.0,79.3,18.0,6.0,0.0,0.0,12.0,3.857142857142857,5.5677643628300215,2,0,52,1,1,408,0.180002393776182
2024-12-26,SKU-0003,0.0,0.0,1712.77,1,False,False,False,52,12,Winter,0,Year End Clearance,Small Appliances,Air Purifiers,2023-11-13,1253.37,2088.75,28.2,90.0,19.0,79.3,10.193649059237345,3.0,0.0,0.0,12.599092722748193,4.221201752115619,5.012493043852949,3,0,52,1,1,409,0.180002393776182
2024-12-27,SKU-0003,0.0,0.0,1712.77,1,False,False,False,52,12,Winter,0,Year End Clearance,Small Appliances,Air Purifiers,2023-11-13,1253.37,2088.75,28.2,90.0,19.0,79.3,0.0,16.0,0.0,0.0,12.170521294176764,4.221201752115619,6.000824403624613,4,0,52,1,1,410,0.180002393776182
2024-12-28,SKU-0003,0.0,0.0,1712.77,1,False,False,False,52,12,Winter,0,Year End Clearance,Small Appliances,Air Purifiers,2023-11-13,1253.37,2088.75,28.2,90.0,19.0,79.3,0.0,13.0,3.0,0.0,9.884807008462477,4.221201752115619,7.222010500096771,5,1,52,1,1,411,0.180002393776182
2024-12-29,SKU-0003,0.0,0.0,1712.77,1,False,False,False,52,12,Winter,0,Year End Clearance,Small Appliances,Air Purifiers,2023-11-13,1253.37,2088.75,28.2,90.0,19.0,79.3,0.0,16.0,8.0,0.0,8.027664151319621,4.221201752115619,7.92471596818266,6,1,52,1,1,412,0.180002393776182
2024-12-30,SKU-0003,0.0,0.0,1712.77,1,False,False,False,1,12,Winter,0,Year End Clearance,Small Appliances,Air Purifiers,2023-11-13,1253.37,2088.75,0.0,90.0,19.0,79.3,0.0,12.0,5.0,0.0,5.741949865605335,4.221201752115619,7.540121167561066,0,0,1,1,1,413,0.180002393776182
2024-12-31,SKU-0003,0.0,0.0,1712.77,1,False,False,False,1,12,Winter,0,Year End Clearance,Small Appliances,Air Purifiers,2023-11-13,1253.37,2088.75,0.0,90.0,19.0,79.3,0.0,18.0,8.0,0.0,4.0276641513196205,4.221201752115619,7.238277091639445,1,0,1,1,1,414,0.180002393776182
2025-01-01,SKU-0003,0.0,0.0,2088.75,0,False,False,False,1,1,Winter,1,,Small Appliances,Air Purifiers,2023-11-13,1253.37,2088.75,0.0,90.0,19.0,79.3,0.0,10.193649059237345,6.0,0.0,1.4562355798910491,4.221201752115619,3.852837194715657,2,0,1,0,0,415,0.0
2025-01-02,SKU-0003,0.0,0.0,2088.75,0,False,False,False,1,1,Winter,0,,Small Appliances,Air Purifiers,2023-11-13,1253.37,2088.75,0.0,90.0,19.0,79.3,0.0,0.0,3.0,0.0,0.0,4.221201752115619,0.0,3,0,1,0,0,416,0.0
2025-01-03,SKU-0003,0.0,0.0,2088.75,0,False,False,False,1,1,Winter,0,,Small Appliances,Air Purifiers,2023-11-13,1253.37,2088.75,0.0,90.0,19.0,79.3,0.0,0.0,16.0,0.0,0.0,4.221201752115619,0.0,4,0,1,0,0,417,0.0
2025-01-04,SKU-0003,0.0,0.0,2088.75,0,False,False,False,1,1,Winter,0,,Small Appliances,Air Purifiers,2023-11-13,1253.37,2088.75,0.0,90.0,19.0,79.3,0.0,0.0,13.0,0.0,0.0,4.221201752115619,0.0,5,1,1,0,0,418,0.0
2025-01-05,SKU-0003,0.0,0.0,2088.75,0,False,False,False,1,1,Winter,0,,Small Appliances,Air Purifiers,2023-11-13,1253.37,2088.75,0.0,90.0,19.0,79.3,0.0,0.0,16.0,0.0,0.0,4.221201752115619,0.0,6,1,1,0,0,419,0.0
2025-01-06,SKU-0003,0.0,0.0,2088.75,0,False,False,False,2,1,Winter,0,,Small Appliances,Air Purifiers,2023-11-13,1253.37,2088.75,0.0,90.0,19.0,79.3,0.0,0.0,12.0,0.0,0.0,4.221201752115619,0.0,0,0,2,0,0,420,0.0
2025-01-07,SKU-0003,0.0,0.0,2088.75,0,False,False,False,2,1,Winter,0,,Small Appliances,Air Purifiers,2023-11-13,1253.37,2088.75,0.0,90.0,19.0,79.3,0.0,0.0,18.0,0.0,0.0,4.221201752115619,0.0,1,0,2,0,0,421,0.0
2025-01-08,SKU-0003,0.0,0.0,2088.75,0,False,False,False,2,1,Winter,0,,Small Appliances,Air Purifiers,2023-11-13,1253.37,2088.75,0.0,90.0,19.0,79.3,0.0,0.0,10.193649059237345,0.0,0.0,4.221201752115619,0.0,2,0,2,0,0,422,0.0
2025-01-09,SKU-0003,0.0,0.0,2088.75,0,False,False,False,2,1,Winter,0,,Small Appliances,Air Purifiers,2023-11-13,1253.37,2088.75,0.0,90.0,19.0,79.3,0.0,0.0,0.0,0.0,0.0,4.221201752115619,0.0,3,0,2,0,0,423,0.0
2025-01-10,SKU-0003,0.0,0.0,2088.75,0,False,False,False,2,1,Winter,0,,Small Appliances,Air Purifiers,2023-11-13,1253.37,2088.75,0.0,90.0,19.0,79.3,0.0,0.0,0.0,0.0,0.0,4.221201752115619,0.0,4,0,2,0,0,424,0.0
2025-01-11,SKU-0003,9.0,18798.75,2088.75,0,False,False,False,2,1,Winter,0,,Small Appliances,Air Purifiers,2023-11-13,1253.37,2088.75,0.0,90.0,19.0,79.3,0.0,0.0,0.0,3.0,0.0,4.221201752115619,0.0,5,1,2,0,0,425,0.0
2025-01-12,SKU-0003,8.0,16710.0,2088.75,0,False,False,False,2,1,Winter,0,,Small Appliances,Air Purifiers,2023-11-13,1253.37,2088.75,0.0,90.0,19.0,79.3,9.0,0.0,0.0,8.0,1.2857142857142858,4.435487466401334,3.401680257083045,6,1,2,0,0,426,0.0
2025-01-13,SKU-0003,6.0,12532.5,2088.75,0,False,False,False,3,1,Winter,0,,Small Appliances,Air Purifiers,2023-11-13,1253.37,2088.75,67.0,0.0,19.0,79.3,8.0,0.0,0.0,5.0,2.4285714285714284,4.435487466401334,4.1576092031015,0,0,3,0,0,427,0.0
2025-01-14,SKU-0003,8.0,16710.0,2088.75,0,False,False,False,3,1,Winter,0,,Small Appliances,Air Purifiers,2023-11-13,1253.37,2088.75,67.0,0.0,19.0,79.3,6.0,0.0,0.0,8.0,3.2857142857142856,4.471201752115619,4.191828786034631,1,0,3,0,0,428,0.0
2025-01-15,SKU-0003,9.0,18798.75,2088.75,0,False,False,False,3,1,Winter,0,,Small Appliances,Air Purifiers,2023-11-13,1253.37,2088.75,67.0,0.0,19.0,79.3,8.0,0.0,0.0,6.0,4.428571428571429,4.471201752115619,4.2370250120079485,2,0,3,0,0,429,0.0
2025-01-16,SKU-0003,7.0,14621.25,2088.75,0,False,False,False,3,1,Winter,0,,Small Appliances,Air Purifiers,2023-11-13,1253.37,2088.75,67.0,0.0,19.0,79.3,9.0,0.0,0.0,3.0,5.714285714285714,4.578344609258477,4.029651999626672,3,0,3,0,0,430,0.0
2025-01-17,SKU-0003,7.0,14621.25,2088.75,0,False,False,False,3,1,Winter,0,,Small Appliances,Air Purifiers,2023-11-13,1253.37,2088.75,67.0,0.0,19.0,79.3,7.0,0.0,0.0,16.0,6.714285714285714,4.721201752115619,3.1471831698777724,4,0,3,0,0,431,0.0
2025-01-18,SKU-0003,8.0,16710.0,2088.75,0,False,False,False,3,1,Winter,0,,Small Appliances,Air Purifiers,2023-11-13,1253.37,2088.75,67.0,0.0,19.0,79.3,7.0,9.0,0.0,13.0,7.714285714285714,4.399773180687048,1.1126972805283721,5,1,3,0,0,432,0.0
2025-01-19,SKU-0003,7.0,14621.25,2088.75,0,False,False,False,3,1,Winter,0,,Small Appliances,Air Purifiers,2023-11-13,1253.37,2088.75,67.0,0.0,19.0,79.3,8.0,8.0,0.0,16.0,7.571428571428571,4.221201752115619,0.9759000729485316,6,1,3,0,0,433,0.0
2025-01-20,SKU-0003,5.0,10443.75,2088.75,0,False,False,False,4,1,Winter,0,,Small Appliances,Air Purifiers,2023-11-13,1253.37,2088.75,16.0,0.0,19.0,79.3,7.0,6.0,0.0,12.0,7.428571428571429,3.899773180687048,0.9759000729485316,0,0,4,0,0,434,0.0
2025-01-21,SKU-0003,9.0,18798.75,2088.75,0,False,False,False,4,1,Winter,0,,Small Appliances,Air Purifiers,2023-11-13,1253.37,2088.75,16.0,0.0,19.0,79.3,5.0,8.0,0.0,18.0,7.285714285714286,3.649773180687048,1.2535663410560163,1,0,4,0,0,435,0.0
2025-01-22,SKU-0003,7.0,14621.25,2088.75,0,False,False,False,4,1,Winter,0,,Small Appliances,Air Purifiers,2023-11-13,1253.37,2088.75,16.0,0.0,19.0,79.3,9.0,9.0,0.0,10.193649059237345,7.428571428571429,3.3283446092584765,1.3972762620115429,2,0,4,0,0,436,0.0
2025-01-23,SKU-0003,0.0,0.0,2088.75,0,False,False,False,4,1,Winter,0,,Small Appliances,Air Purifiers,2023-11-13,1253.37,2088.75,16.0,0.0,19.0,79.3,7.0,7.0,0.0,0.0,7.142857142857143,3.2142857142857144,1.2149857925879104,3,0,4,0,0,437,0.0
2025-01-24,SKU-0003,0.0,0.0,2088.75,0,False,False,False,4,1,Winter,0,,Small Appliances,Air Purifiers,2023-11-13,1253.37,2088.75,16.0,0.0,19.0,79.3,0.0,7.0,0.0,0.0,6.142857142857143,3.2142857142857144,2.9680841985233175,4,0,4,0,0,438,0.0
2025-01-25,SKU-0003,0.0,0.0,2088.75,0,False,False,False,4,1,Winter,0,,Small Appliances,Air Purifiers,2023-11-13,1253.37,2088.75,16.0,0.0,19.0,79.3,0.0,8.0,9.0,0.0,5.142857142857143,3.2142857142857144,3.716116764786032,5,1,4,0,0,439,0.0
2025-01-26,SKU-0003,0.0,0.0,2088.75,0,False,False,False,4,1,Winter,1,,Small Appliances,Air Purifiers,2023-11-13,1253.37,2088.75,16.0,0.0,19.0,79.3,0.0,7.0,8.0,0.0,4.0,3.2142857142857144,3.915780041490242,6,1,4,0,0,440,0.0
2025-01-27,SKU-0003,0.0,0.0,2088.75,0,False,False,False,5,1,Winter,0,,Small Appliances,Air Purifiers,2023-11-13,1253.37,2088.75,0.0,118.2,19.0,79.3,0.0,5.0,6.0,0.0,3.0,3.2142857142857144,3.915780041490242,0,0,5,0,0,441,0.0
2025-01-28,SKU-0003,0.0,0.0,2088.75,0,False,False,False,5,1,Winter,0,,Small Appliances,Air Purifiers,2023-11-13,1253.37,2088.75,0.0,118.2,19.0,79.3,0.0,9.0,8.0,0.0,2.2857142857142856,3.2142857142857144,3.9460649476951795,1,0,5,0,0,442,0.0
2025-01-29,SKU-0003,0.0,0.0,2088.75,0,False,False,False,5,1,Winter,0,,Small Appliances,Air Purifiers,2023-11-13,1253.37,2088.75,0.0,118.2,19.0,79.3,0.0,7.0,9.0,0.0,1.0,3.2142857142857144,2.645751311064588,2,0,5,0,0,443,0.0
2025-01-30,SKU-0003,0.0,0.0,2088.75,0,False,False,False,5,1,Winter,0,,Small Appliances,Air Purifiers,2023-11-13,1253.37,2088.75,0.0,118.2,19.0,79.3,0.0,0.0,7.0,0.0,0.0,3.2142857142857144,0.0,3,0,5,0,0,444,0.0
2025-01-31,SKU-0003,0.0,0.0,2088.75,0,False,False,False,5,1,Winter,0,,Small Appliances,Air Purifiers,2023-11-13,1253.37,2088.75,0.0,118.2,19.0,79.3,0.0,0.0,7.0,0.0,0.0,3.2142857142857144,0.0,4,0,5,0,0,445,0.0
2025-02-01,SKU-0003,0.0,0.0,2088.75,0,False,False,False,5,2,Winter,0,,Small Appliances,Air Purifiers,2023-11-13,1253.37,2088.75,0.0,118.2,19.0,79.3,0.0,0.0,8.0,0.0,0.0,3.2142857142857144,0.0,5,1,5,0,0,446,0.0
2025-02-02,SKU-0003,0.0,0.0,2088.75,0,False,False,False,5,2,Winter,0,,Small Appliances,Air Purifiers,2023-11-13,1253.37,2088.75,0.0,118.2,19.0,79.3,0.0,0.0,7.0,0.0,0.0,3.2142857142857144,0.0,6,1,5,0,0,447,0.0
2025-02-03,SKU-0003,0.0,0.0,2088.75,0,False,False,False,6,2,Winter,0,,Small Appliances,Air Purifiers,2023-11-13,1253.37,2088.75,0.0,118.2,19.0,79.3,0.0,0.0,5.0,0.0,0.0,3.2142857142857144,0.0,0,0,6,0,0,448,0.0
2025-02-04,SKU-0003,0.0,0.0,2088.75,0,False,False,False,6,2,Winter,0,,Small Appliances,Air Purifiers,2023-11-13,1253.37,2088.75,0.0,118.2,19.0,79.3,0.0,0.0,9.0,0.0,0.0,3.2142857142857144,0.0,1,0,6,0,0,449,0.0
2025-02-05,SKU-0003,0.0,0.0,2088.75,0,False,False,False,6,2,Winter,0,,Small Appliances,Air Purifiers,2023-11-13,1253.37,2088.75,0.0,118.2,19.0,79.3,0.0,0.0,7.0,0.0,0.0,3.2142857142857144,0.0,2,0,6,0,0,450,0.0
2025-02-06,SKU-0003,0.0,0.0,2088.75,0,False,False,False,6,2,Winter,0,,Small Appliances,Air Purifiers,2023-11-13,1253.37,2088.75,0.0,118.2,19.0,79.3,0.0,0.0,0.0,0.0,0.0,3.2142857142857144,0.0,3,0,6,0,0,451,0.0
2025-02-07,SKU-0003,0.0,0.0,2088.75,0,False,False,False,6,2,Winter,0,,Small Appliances,Air Purifiers,2023-11-13,1253.37,2088.75,0.0,118.2,19.0,79.3,0.0,0.0,0.0,0.0,0.0,3.2142857142857144,0.0,4,0,6,0,0,452,0.0
2025-02-08,SKU-0003,0.0,0.0,2088.75,0,False,False,False,6,2,Winter,0,,Small Appliances,Air Purifiers,2023-11-13,1253.37,2088.75,0.0,118.2,19.0,79.3,0.0,0.0,0.0,9.0,0.0,3.2142857142857144,0.0,5,1,6,0,0,453,0.0
2025-02-09,SKU-0003,0.0,0.0,2088.75,0,False,False,False,6,2,Winter,0,,Small Appliances,Air Purifiers,2023-11-13,1253.37,2088.75,0.0,118.2,19.0,79.3,0.0,0.0,0.0,8.0,0.0,2.892857142857143,0.0,6,1,6,0,0,454,0.0
2025-02-10,SKU-0003,0.0,0.0,2088.75,0,False,False,True,7,2,Winter,0,,Small Appliances,Air Purifiers,2023-11-13,1253.37,2088.75,0.0,118.2,19.0,79.3,0.0,0.0,0.0,6.0,0.0,2.607142857142857,0.0,0,0,7,0,0,455,0.0
2025-02-11,SKU-0003,0.0,0.0,2088.75,0,False,False,False,7,2,Winter,0,,Small Appliances,Air Purifiers,2023-11-13,1253.37,2088.75,0.0,118.2,19.0,79.3,0.0,0.0,0.0,8.0,0.0,2.392857142857143,0.0,1,0,7,0,0,456,0.0
2025-02-12,SKU-0003,0.0,0.0,2088.75,0,False,False,False,7,2,Winter,0,,Small Appliances,Air Purifiers,2023-11-13,1253.37,2088.75,0.0,118.2,19.0,79.3,0.0,0.0,0.0,9.0,0.0,2.107142857142857,0.0,2,0,7,0,0,457,0.0
2025-02-13,SKU-0003,0.0,0.0,2088.75,0,False,False,False,7,2,Winter,0,,Small Appliances,Air Purifiers,2023-11-13,1253.37,2088.75,0.0,118.2,19.0,79.3,0.0,0.0,0.0,7.0,0.0,1.7857142857142858,0.0,3,0,7,0,0,458,0.0
2025-02-14,SKU-0003,0.0,0.0,2088.75,0,False,False,False,7,2,Winter,0,,Small Appliances,Air Purifiers,2023-11-13,1253.37,2088.75,0.0,118.2,19.0,79.3,0.0,0.0,0.0,7.0,0.0,1.5357142857142858,0.0,4,0,7,0,0,459,0.0
2025-02-15,SKU-0003,15.0,31331.25,2088.75,0,False,False,False,7,2,Winter,0,,Small Appliances,Air Purifiers,2023-11-13,1253.37,2088.75,0.0,118.2,19.0,79.3,0.0,0.0,0.0,8.0,0.0,1.2857142857142858,0.0,5,1,7,0,0,460,0.0
2025-02-16,SKU-0003,9.0,18798.75,2088.75,0,False,False,False,7,2,Winter,0,,Small Appliances,Air Purifiers,2023-11-13,1253.37,2088.75,0.0,118.2,19.0,79.3,15.0,0.0,0.0,7.0,2.142857142857143,1.5357142857142858,5.669467095138408,6,1,7,0,0,461,0.0
2025-02-17,SKU-0003,8.0,16710.0,2088.75,0,False,False,False,8,2,Winter,0,,Small Appliances,Air Purifiers,2023-11-13,1253.37,2088.75,86.2,0.0,19.0,79.3,9.0,0.0,0.0,5.0,3.4285714285714284,1.6071428571428572,6.106202935189288,0,0,8,0,0,462,0.0
2025-02-18,SKU-0003,8.0,16710.0,2088.75,0,False,False,False,8,2,Winter,0,,Small Appliances,Air Purifiers,2023-11-13,1253.37,2088.75,86.2,0.0,19.0,79.3,8.0,0.0,0.0,9.0,4.571428571428571,1.7142857142857142,6.106202935189288,1,0,8,0,0,463,0.0
2025-02-19,SKU-0003,4.0,8355.0,2088.75,0,False,False,False,8,2,Winter,0,,Small Appliances,Air Purifiers,2023-11-13,1253.37,2088.75,86.2,0.0,19.0,79.3,8.0,0.0,0.0,7.0,5.714285714285714,1.6785714285714286,5.851332774513447,2,0,8,0,0,464,0.0
2025-02-20,SKU-0003,6.0,12532.5,2088.75,0,False,False,False,8,2,Winter,0,,Small Appliances,Air Purifiers,2023-11-13,1253.37,2088.75,86.2,0.0,19.0,79.3,4.0,0.0,0.0,0.0,6.285714285714286,1.5714285714285714,5.376314900074391,3,0,8,0,0,465,0.0
2025-02-21,SKU-0003,7.0,14621.25,2088.75,0,False,False,False,8,2,Winter,0,,Small Appliances,Air Purifiers,2023-11-13,1253.37,2088.75,86.2,0.0,19.0,79.3,6.0,0.0,0.0,0.0,7.142857142857143,1.7857142857142858,4.634241089562614,4,0,8,0,0,466,0.0
2025-02-22,SKU-0003,10.0,20887.5,2088.75,0,False,False,False,8,2,Winter,0,,Small Appliances,Air Purifiers,2023-11-13,1253.37,2088.75,86.2,0.0,19.0,79.3,7.0,15.0,0.0,0.0,8.142857142857142,2.0357142857142856,3.4364987719368982,5,1,8,0,0,467,0.0
2025-02-23,SKU-0003,7.0,14621.25,2088.75,0,False,False,False,8,2,Winter,0,,Small Appliances,Air Purifiers,2023-11-13,1253.37,2088.75,86.2,0.0,19.0,79.3,10.0,9.0,0.0,0.0,7.428571428571429,2.392857142857143,1.98805959477601,6,1,8,0,0,468,0.0
2025-02-24,SKU-0003,8.0,16710.0,2088.75,0,False,False,False,9,2,Winter,0,,Small Appliances,Air Purifiers,2023-11-13,1253.37,2088.75,36.2,82.0,19.0,79.3,7.0,8.0,0.0,0.0,7.142857142857143,2.642857142857143,1.864454471471609,0,0,9,0,0,469,0.0
2025-02-25,SKU-0003,8.0,16710.0,2088.75,0,False,False,False,9,2,Winter,0,,Small Appliances,Air Purifiers,2023-11-13,1253.37,2088.75,36.2,82.0,19.0,79.3,8.0,8.0,0.0,0.0,7.142857142857143,2.9285714285714284,1.864454471471609,1,0,9,0,0,470,0.0
2025-02-26,SKU-0003,6.0,12532.5,2088.75,0,False,False,False,9,2,Winter,0,,Small Appliances,Air Purifiers,2023-11-13,1253.37,2088.75,36.2,82.0,19.0,79.3,8.0,4.0,0.0,0.0,7.142857142857143,3.2142857142857144,1.864454471471609,2,0,9,0,0,471,0.0
2025-02-27,SKU-0003,4.0,8355.0,2088.75,0,False,False,False,9,2,Winter,0,,Small Appliances,Air Purifiers,2023-11-13,1253.37,2088.75,36.2,82.0,19.0,79.3,6.0,6.0,0.0,0.0,7.428571428571429,3.4285714285714284,1.397276262011544,3,0,9,0,0,472,0.0
2025-02-28,SKU-0003,5.0,10443.75,2088.75,0,False,False,False,9,2,Winter,0,,Small Appliances,Air Purifiers,2023-11-13,1253.37,2088.75,36.2,82.0,19.0,79.3,4.0,7.0,0.0,0.0,7.142857142857143,3.5714285714285716,1.864454471471609,4,0,9,0,0,473,0.0
2025-03-01,SKU-0003,13.193649059237345,22597.75,1712.77,1,False,False,False,9,3,Spring,0,Spring Sale,Small Appliances,Air Purifiers,2023-11-13,1253.37,2088.75,36.2,82.0,19.0,79.3,5.0,10.0,15.0,0.0,6.857142857142857,3.75,2.0354009783964297,5,1,9,1,1,474,0.180002393776182
2025-03-02,SKU-0003,0.0,0.0,1712.77,1,False,False,False,9,3,Spring,0,Spring Sale,Small Appliances,Air Purifiers,2023-11-13,1253.37,2088.75,36.2,82.0,19.0,79.3,13.193649059237345,7.0,9.0,0.0,7.313378437033906,4.221201752115619,2.990926455002612,6,1,9,1,1,475,0.180002393776182
2025-03-03,SKU-0003,0.0,0.0,1712.77,1,False,False,False,10,3,Spring,0,Spring Sale,Small Appliances,Air Purifiers,2023-11-13,1253.37,2088.75,0.0,82.0,19.0,79.3,0.0,8.0,8.0,0.0,6.313378437033906,4.221201752115619,4.083730820256595,0,0,10,1,1,476,0.180002393776182
2025-03-04,SKU-0003,0.0,0.0,1712.77,1,False,False,False,10,3,Spring,0,Spring Sale,Small Appliances,Air Purifiers,2023-11-13,1253.37,2088.75,0.0,82.0,19.0,79.3,0.0,8.0,8.0,0.0,5.170521294176764,4.221201752115619,4.617581299114054,1,0,10,1,1,477,0.180002393776182
2025-03-05,SKU-0003,0.0,0.0,1712.77,1,False,False,False,10,3,Spring,0,Spring Sale,Small Appliances,Air Purifiers,2023-11-13,1253.37,2088.75,0.0,82.0,19.0,79.3,0.0,6.0,4.0,0.0,4.0276641513196205,4.221201752115619,4.787445837596809,2,0,10,1,1,478,0.180002393776182
2025-03-06,SKU-0003,0.0,0.0,1712.77,1,False,False,False,10,3,Spring,0,Spring Sale,Small Appliances,Air Purifiers,2023-11-13,1253.37,2088.75,0.0,82.0,19.0,79.3,0.0,4.0,6.0,0.0,3.1705212941767633,4.221201752115619,4.91099003189982,3,0,10,1,1,479,0.180002393776182
2025-03-07,SKU-0003,0.0,0.0,1712.77,1,False,False,False,10,3,Spring,0,Spring Sale,Small Appliances,Air Purifiers,2023-11-13,1253.37,2088.75,0.0,82.0,19.0,79.3,0.0,5.0,7.0,0.0,2.599092722748192,4.221201752115619,5.029668554822411,4,0,10,1,1,480,0.180002393776182
2025-03-08,SKU-0003,0.0,0.0,1712.77,1,False,False,False,10,3,Spring,0,Spring Sale,Small Appliances,Air Purifiers,2023-11-13,1253.37,2088.75,0.0,82.0,19.0,79.3,0.0,13.193649059237345,10.0,0.0,1.8848070084624777,4.221201752115619,4.98673061374333,5,1,10,1,1,481,0.180002393776182
2025-03-09,SKU-0003,0.0,0.0,1712.77,1,False,False,False,10,3,Spring,0,Spring Sale,Small Appliances,Air Purifiers,2023-11-13,1253.37,2088.75,0.0,82.0,19.0,79.3,0.0,0.0,7.0,0.0,0.0,4.221201752115619,0.0,6,1,10,1,1,482,0.180002393776182
2025-03-10,SKU-0003,0.0,0.0,1712.77,1,False,False,False,11,3,Spring,0,Spring Sale,Small Appliances,Air Purifiers,2023-11-13,1253.37,2088.75,0.0,82.0,19.0,79.3,0.0,0.0,8.0,0.0,0.0,4.221201752115619,0.0,0,0,11,1,1,483,0.180002393776182
2025-03-11,SKU-0003,0.0,0.0,2088.75,0,False,False,False,11,3,Spring,0,,Small Appliances,Air Purifiers,2023-11-13,1253.37,2088.75,0.0,82.0,19.0,79.3,0.0,0.0,8.0,0.0,0.0,4.221201752115619,0.0,1,0,11,0,0,484,0.0
2025-03-12,SKU-0003,0.0,0.0,2088.75,0,False,False,False,11,3,Spring,0,,Small Appliances,Air Purifiers,2023-11-13,1253.37,2088.75,0.0,82.0,19.0,79.3,0.0,0.0,6.0,0.0,0.0,4.221201752115619,0.0,2,0,11,0,0,485,0.0
2025-03-13,SKU-0003,0.0,0.0,2088.75,0,False,False,False,11,3,Spring,0,,Small Appliances,Air Purifiers,2023-11-13,1253.37,2088.75,0.0,82.0,19.0,79.3,0.0,0.0,4.0,0.0,0.0,4.221201752115619,0.0,3,0,11,0,0,486,0.0
2025-03-14,SKU-0003,0.0,0.0,2088.75,0,False,False,False,11,3,Spring,0,,Small Appliances,Air Purifiers,2023-11-13,1253.37,2088.75,0.0,82.0,19.0,79.3,0.0,0.0,5.0,0.0,0.0,4.221201752115619,0.0,4,0,11,0,0,487,0.0
2025-03-15,SKU-0003,8.0,16710.0,2088.75,0,False,False,False,11,3,Spring,0,,Small Appliances,Air Purifiers,2023-11-13,1253.37,2088.75,0.0,82.0,19.0,79.3,0.0,0.0,13.193649059237345,15.0,0.0,4.221201752115619,0.0,5,1,11,0,0,488,0.0
2025-03-16,SKU-0003,12.0,25065.0,2088.75,0,False,False,False,11,3,Spring,0,,Small Appliances,Air Purifiers,2023-11-13,1253.37,2088.75,0.0,82.0,19.0,79.3,8.0,0.0,0.0,9.0,1.1428571428571428,3.9712017521156193,3.023715784073818,6,1,11,0,0,489,0.0
2025-03-17,SKU-0003,5.0,10443.75,2088.75,0,False,False,False,12,3,Spring,0,,Small Appliances,Air Purifiers,2023-11-13,1253.37,2088.75,57.0,61.2,19.0,79.3,12.0,0.0,0.0,8.0,2.857142857142857,4.078344609258477,5.0142653642240695,0,0,12,0,0,490,0.0
2025-03-18,SKU-0003,8.0,16710.0,2088.75,0,False,False,False,12,3,Spring,0,,Small Appliances,Air Purifiers,2023-11-13,1253.37,2088.75,57.0,61.2,19.0,79.3,5.0,0.0,0.0,8.0,3.5714285714285716,3.9712017521156193,4.894116973712515,1,0,12,0,0,491,0.0
2025-03-19,SKU-0003,1.0,2088.75,2088.75,0,False,False,False,12,3,Spring,0,,Small Appliances,Air Purifiers,2023-11-13,1253.37,2088.75,57.0,61.2,19.0,79.3,8.0,0.0,0.0,4.0,4.714285714285714,3.9712017521156193,4.8550415622761225,2,0,12,0,0,492,0.0
2025-03-20,SKU-0003,7.0,14621.25,2088.75,0,False,False,False,12,3,Spring,0,,Small Appliances,Air Purifiers,2023-11-13,1253.37,2088.75,57.0,61.2,19.0,79.3,1.0,0.0,0.0,6.0,4.857142857142857,3.864058894972762,4.705619740571602,3,0,12,0,0,493,0.0
2025-03-21,SKU-0003,10.0,20887.5,2088.75,0,False,False,False,12,3,Spring,0,,Small Appliances,Air Purifiers,2023-11-13,1253.37,2088.75,57.0,61.2,19.0,79.3,7.0,0.0,0.0,7.0,5.857142857142857,3.899773180687048,4.220133150686577,4,0,12,0,0,494,0.0
2025-03-22,SKU-0003,4.0,8355.0,2088.75,0,False,False,False,12,3,Spring,0,,Small Appliances,Air Purifiers,2023-11-13,1253.37,2088.75,57.0,61.2,19.0,79.3,10.0,8.0,0.0,10.0,7.285714285714286,4.006916037829905,3.5456210417116742,5,1,12,0,0,495,0.0
2025-03-23,SKU-0003,8.0,16710.0,2088.75,0,False,False,False,12,3,Spring,0,,Small Appliances,Air Purifiers,2023-11-13,1253.37,2088.75,57.0,61.2,19.0,79.3,4.0,12.0,0.0,7.0,6.714285714285714,3.792630323544191,3.7289089429432183,6,1,12,0,0,496,0.0
2025-03-24,SKU-0003,9.0,18798.75,2088.75,0,False,False,False,13,3,Spring,0,,Small Appliances,Air Purifiers,2023-11-13,1253.37,2088.75,10.0,108.2,19.0,79.3,8.0,5.0,0.0,8.0,6.142857142857143,3.8283446092584765,3.0237157840738185,0,0,13,0,0,497,0.0
2025-03-25,SKU-0003,9.0,18798.75,2088.75,0,False,False,False,13,3,Spring,0,,Small Appliances,Air Purifiers,2023-11-13,1253.37,2088.75,10.0,108.2,19.0,79.3,9.0,8.0,0.0,8.0,6.714285714285714,3.864058894972762,3.1471831698777737,1,0,13,0,0,498,0.0
2025-03-26,SKU-0003,1.0,2088.75,2088.75,0,False,False,False,13,3,Spring,0,,Small Appliances,Air Purifiers,2023-11-13,1253.37,2088.75,10.0,108.2,19.0,79.3,9.0,1.0,0.0,6.0,6.857142857142857,3.899773180687048,3.236694374850749,2,0,13,0,0,499,0.0
2025-03-27,SKU-0003,0.0,0.0,2088.75,0,False,False,False,13,3,Spring,0,,Small Appliances,Air Purifiers,2023-11-13,1253.37,2088.75,10.0,108.2,19.0,79.3,1.0,7.0,0.0,4.0,6.857142857142857,3.7212017521156193,3.236694374850749,3,0,13,0,0,500,0.0
2025-03-28,SKU-0003,0.0,0.0,2088.75,0,False,False,False,13,3,Spring,0,,Small Appliances,Air Purifiers,2023-11-13,1253.37,2088.75,10.0,108.2,19.0,79.3,0.0,10.0,0.0,5.0,5.857142857142857,3.5783446092584765,4.140393356054126,4,0,13,0,0,501,0.0
2025-03-29,SKU-0003,0.0,0.0,2088.75,0,False,False,False,13,3,Spring,0,,Small Appliances,Air Purifiers,2023-11-13,1253.37,2088.75,10.0,108.2,19.0,79.3,0.0,4.0,8.0,13.193649059237345,4.428571428571429,3.399773180687048,4.197504927816955,5,1,13,0,0,502,0.0
2025-03-30,SKU-0003,0.0,0.0,2088.75,0,False,False,False,13,3,Spring,0,,Small Appliances,Air Purifiers,2023-11-13,1253.37,2088.75,10.0,108.2,19.0,79.3,0.0,8.0,12.0,0.0,3.857142857142857,2.9285714285714284,4.525062483125562,6,1,13,0,0,503,0.0
2025-03-31,SKU-0003,0.0,0.0,2088.75,0,False,False,False,14,3,Spring,0,,Small Appliances,Air Purifiers,2023-11-13,1253.37,2088.75,0.0,108.2,19.0,79.3,0.0,9.0,5.0,0.0,2.7142857142857144,2.9285714285714284,4.3094580368566735,0,0,14,0,0,504,0.0
2025-04-01,SKU-0003,0.0,0.0,2088.75,0,False,False,False,14,4,Spring,0,,Small Appliances,Air Purifiers,2023-11-13,1253.37,2088.75,0.0,108.2,19.0,79.3,0.0,9.0,8.0,0.0,1.4285714285714286,2.9285714285714284,3.3594217189442417,1,0,14,0,0,505,0.0
2025-04-02,SKU-0003,0.0,0.0,2088.75,0,False,False,False,14,4,Spring,0,,Small Appliances,Air Purifiers,2023-11-13,1253.37,2088.75,0.0,108.2,19.0,79.3,0.0,1.0,1.0,0.0,0.14285714285714285,2.9285714285714284,0.377964473009223,2,0,14,0,0,506,0.0
2025-04-03,SKU-0003,0.0,0.0,2088.75,0,False,False,False,14,4,Spring,0,,Small Appliances,Air Purifiers,2023-11-13,1253.37,2088.75,0.0,108.2,19.0,79.3,0.0,0.0,7.0,0.0,0.0,2.9285714285714284,0.0,3,0,14,0,0,507,0.0
2025-04-04,SKU-0003,0.0,0.0,2088.75,0,False,False,False,14,4,Spring,0,,Small Appliances,Air Purifiers,2023-11-13,1253.37,2088.75,0.0,108.2,19.0,79.3,0.0,0.0,10.0,0.0,0.0,2.9285714285714284,0.0,4,0,14,0,0,508,0.0
2025-04-05,SKU-0003,8.0,16710.0,2088.75,0,False,False,False,14,4,Spring,0,,Small Appliances,Air Purifiers,2023-11-13,1253.37,2088.75,0.0,108.2,19.0,79.3,0.0,0.0,4.0,0.0,0.0,2.9285714285714284,0.0,5,1,14,0,0,509,0.0
2025-04-06,SKU-0003,6.0,12532.5,2088.75,0,False,False,False,14,4,Spring,0,,Small Appliances,Air Purifiers,2023-11-13,1253.37,2088.75,0.0,108.2,19.0,79.3,8.0,0.0,8.0,0.0,1.1428571428571428,3.2142857142857144,3.023715784073818,6,1,14,0,0,510,0.0
2025-04-07,SKU-0003,8.0,16710.0,2088.75,0,False,False,False,15,4,Spring,0,,Small Appliances,Air Purifiers,2023-11-13,1253.37,2088.75,39.2,47.0,19.0,79.3,6.0,0.0,9.0,0.0,2.0,3.4285714285714284,3.4641016151377544,0,0,15,0,0,511,0.0
2025-04-08,SKU-0003,13.0,27153.75,2088.75,0,False,False,False,15,4,Spring,0,,Small Appliances,Air Purifiers,2023-11-13,1253.37,2088.75,39.2,47.0,19.0,79.3,8.0,0.0,9.0,0.0,3.142857142857143,3.7142857142857144,3.9761191895520196,1,0,15,0,0,512,0.0
2025-04-09,SKU-0003,2.0,4177.5,2088.75,0,False,False,False,15,4,Spring,0,,Small Appliances,Air Purifiers,2023-11-13,1253.37,2088.75,39.2,47.0,19.0,79.3,13.0,0.0,1.0,0.0,5.0,4.178571428571429,5.131601439446884,2,0,15,0,0,513,0.0
2025-04-10,SKU-0003,10.0,20887.5,2088.75,0,False,False,False,15,4,Spring,0,,Small Appliances,Air Purifiers,2023-11-13,1253.37,2088.75,39.2,47.0,19.0,79.3,2.0,0.0,0.0,0.0,5.285714285714286,4.25,4.8550415622761225,3,0,15,0,0,514,0.0
2025-04-11,SKU-0003,3.0,6266.25,2088.75,0,False,False,False,15,4,Spring,0,,Small Appliances,Air Purifiers,2023-11-13,1253.37,2088.75,39.2,47.0,19.0,79.3,10.0,0.0,0.0,0.0,6.714285714285714,4.607142857142857,4.498677054212187,4,0,15,0,0,515,0.0
2025-04-12,SKU-0003,6.0,12532.5,2088.75,0,False,False,False,15,4,Spring,0,,Small Appliances,Air Purifiers,2023-11-13,1253.37,2088.75,39.2,47.0,19.0,79.3,3.0,8.0,0.0,8.0,7.142857142857143,4.714285714285714,3.8483144114694965,5,1,15,0,0,516,0.0
2025-04-13,SKU-0003,4.0,8355.0,2088.75,0,False,False,False,15,4,Spring,0,,Small Appliances,Air Purifiers,2023-11-13,1253.37,2088.75,39.2,47.0,19.0,79.3,6.0,6.0,0.0,12.0,6.857142857142857,4.642857142857143,3.8483144114694965,6,1,15,0,0,517,0.0
2025-04-14,SKU-0003,7.0,14621.25,2088.75,0,False,False,False,16,4,Spring,0,,Small Appliances,Air Purifiers,2023-11-13,1253.37,2088.75,41.2,0.0,19.0,79.3,4.0,8.0,0.0,5.0,6.571428571428571,4.357142857142857,3.9940431835899015,0,0,16,0,0,518,0.0
2025-04-15,SKU-0003,5.0,10443.75,2088.75,0,False,False,False,16,4,Spring,0,,Small Appliances,Air Purifiers,2023-11-13,1253.37,2088.75,41.2,0.0,19.0,79.3,7.0,13.0,0.0,8.0,6.428571428571429,4.428571428571429,3.952094080237415,1,0,16,0,0,519,0.0
2025-04-16,SKU-0003,7.0,14621.25,2088.75,0,False,False,False,16,4,Spring,0,,Small Appliances,Air Purifiers,2023-11-13,1253.37,2088.75,41.2,0.0,19.0,79.3,5.0,2.0,0.0,1.0,5.285714285714286,4.321428571428571,2.6903708365381975,2,0,16,0,0,520,0.0
2025-04-17,SKU-0003,5.0,10443.75,2088.75,0,False,False,False,16,4,Spring,0,,Small Appliances,Air Purifiers,2023-11-13,1253.37,2088.75,41.2,0.0,19.0,79.3,7.0,10.0,0.0,7.0,6.0,4.535714285714286,2.309401076758504,3,0,16,0,0,521,0.0
2025-04-18,SKU-0003,4.0,8355.0,2088.75,0,False,False,False,16,4,Spring,0,,Small Appliances,Air Purifiers,2023-11-13,1253.37,2088.75,41.2,0.0,19.0,79.3,5.0,3.0,0.0,10.0,5.285714285714286,4.464285714285714,1.496026483086192,4,0,16,0,0,522,0.0
2025-04-19,SKU-0003,14.0,29242.5,2088.75,0,False,False,False,16,4,Spring,0,,Small Appliances,Air Purifiers,2023-11-13,1253.37,2088.75,41.2,0.0,19.0,79.3,4.0,6.0,8.0,4.0,5.428571428571429,4.25,1.2724180205607045,5,1,16,0,0,523,0.0
2025-04-20,SKU-0003,6.1936490592373445,12936.98,2088.75,0,False,False,False,16,4,Spring,0,,Small Appliances,Air Purifiers,2023-11-13,1253.37,2088.75,41.2,0.0,19.0,79.3,14.0,4.0,6.0,8.0,6.571428571428571,4.607142857142857,3.5050983275386574,6,1,16,0,0,524,0.0
2025-04-21,SKU-0003,0.0,0.0,2088.75,0,False,False,False,17,4,Spring,0,,Small Appliances,Air Purifiers,2023-11-13,1253.37,2088.75,0.0,118.2,19.0,79.3,6.1936490592373445,7.0,8.0,9.0,6.884807008462478,4.5426303235441905,3.330598441285823,0,0,17,0,0,525,0.0
2025-04-22,SKU-0003,0.0,0.0,2088.75,0,False,False,False,17,4,Spring,0,,Small Appliances,Air Purifiers,2023-11-13,1253.37,2088.75,0.0,118.2,19.0,79.3,0.0,5.0,13.0,9.0,5.884807008462478,4.221201752115619,4.221860055730728,1,0,17,0,0,526,0.0
2025-04-23,SKU-0003,0.0,0.0,2088.75,0,False,False,False,17,4,Spring,0,,Small Appliances,Air Purifiers,2023-11-13,1253.37,2088.75,0.0,118.2,19.0,79.3,0.0,7.0,2.0,1.0,5.170521294176764,3.899773180687048,4.782280758073568,2,0,17,0,0,527,0.0
2025-04-24,SKU-0003,0.0,0.0,2088.75,0,False,False,False,17,4,Spring,0,,Small Appliances,Air Purifiers,2023-11-13,1253.37,2088.75,0.0,118.2,19.0,79.3,0.0,5.0,10.0,0.0,4.170521294176764,3.864058894972762,5.059785133987392,3,0,17,0,0,528,0.0
2025-04-25,SKU-0003,0.0,0.0,2088.75,0,False,False,False,17,4,Spring,0,,Small Appliances,Air Purifiers,2023-11-13,1253.37,2088.75,0.0,118.2,19.0,79.3,0.0,4.0,3.0,0.0,3.4562355798910493,3.864058894972762,5.271659099737291,4,0,17,0,0,529,0.0
2025-04-26,SKU-0003,0.0,0.0,2088.75,0,False,False,False,17,4,Spring,0,,Small Appliances,Air Purifiers,2023-11-13,1253.37,2088.75,0.0,118.2,19.0,79.3,0.0,14.0,6.0,0.0,2.8848070084624777,3.864058894972762,5.417664138975886,5,1,17,0,0,530,0.0
2025-04-27,SKU-0003,0.0,0.0,2088.75,0,False,False,False,17,4,Spring,0,,Small Appliances,Air Purifiers,2023-11-13,1253.37,2088.75,0.0,118.2,19.0,79.3,0.0,6.1936490592373445,4.0,0.0,0.8848070084624778,3.864058894972762,2.340979302678734,6,1,17,0,0,531,0.0
2025-04-28,SKU-0003,0.0,0.0,2088.75,0,False,False,False,18,4,Spring,0,,Small Appliances,Air Purifiers,2023-11-13,1253.37,2088.75,0.0,118.2,19.0,79.3,0.0,0.0,7.0,0.0,0.0,3.864058894972762,0.0,0,0,18,0,0,532,0.0
2025-04-29,SKU-0003,0.0,0.0,2088.75,0,False,False,False,18,4,Spring,0,,Small Appliances,Air Purifiers,2023-11-13,1253.37,2088.75,0.0,118.2,19.0,79.3,0.0,0.0,5.0,0.0,0.0,3.864058894972762,0.0,1,0,18,0,0,533,0.0
2025-04-30,SKU-0003,0.0,0.0,2088.75,0,False,False,False,18,4,Spring,0,,Small Appliances,Air Purifiers,2023-11-13,1253.37,2088.75,0.0,118.2,19.0,79.3,0.0,0.0,7.0,0.0,0.0,3.864058894972762,0.0,2,0,18,0,0,534,0.0
2025-05-01,SKU-0003,0.0,0.0,2088.75,0,False,False,False,18,5,Spring,0,,Small Appliances,Air Purifiers,2023-11-13,1253.37,2088.75,0.0,118.2,19.0,79.3,0.0,0.0,5.0,0.0,0.0,3.864058894972762,0.0,3,0,18,0,0,535,0.0
2025-05-02,SKU-0003,0.0,0.0,2088.75,0,False,False,False,18,5,Spring,0,,Small Appliances,Air Purifiers,2023-11-13,1253.37,2088.75,0.0,118.2,19.0,79.3,0.0,0.0,4.0,0.0,0.0,3.864058894972762,0.0,4,0,18,0,0,536,0.0
2025-05-03,SKU-0003,0.0,0.0,2088.75,0,False,False,True,18,5,Spring,0,,Small Appliances,Air Purifiers,2023-11-13,1253.37,2088.75,0.0,118.2,19.0,79.3,0.0,0.0,14.0,8.0,0.0,3.864058894972762,0.0,5,1,18,0,0,537,0.0
2025-05-04,SKU-0003,0.0,0.0,2088.75,0,False,False,False,18,5,Spring,0,,Small Appliances,Air Purifiers,2023-11-13,1253.37,2088.75,0.0,118.2,19.0,79.3,0.0,0.0,6.1936490592373445,6.0,0.0,3.5783446092584765,0.0,6,1,18,0,0,538,0.0
2025-05-05,SKU-0003,0.0,0.0,2088.75,0,False,False,False,19,5,Spring,0,,Small Appliances,Air Purifiers,2023-11-13,1253.37,2088.75,0.0,118.2,19.0,79.3,0.0,0.0,0.0,8.0,0.0,3.364058894972762,0.0,0,0,19,0,0,539,0.0
2025-05-06,SKU-0003,0.0,0.0,2088.75,0,False,False,False,19,5,Spring,0,,Small Appliances,Air Purifiers,2023-11-13,1253.37,2088.75,0.0,118.2,19.0,79.3,0.0,0.0,0.0,13.0,0.0,3.0783446092584765,0.0,1,0,19,0,0,540,0.0
2025-05-07,SKU-0003,0.0,0.0,2088.75,0,False,False,False,19,5,Spring,0,,Small Appliances,Air Purifiers,2023-11-13,1253.37,2088.75,0.0,118.2,19.0,79.3,0.0,0.0,0.0,2.0,0.0,2.614058894972762,0.0,2,0,19,0,0,541,0.0
2025-05-08,SKU-0003,0.0,0.0,2088.75,0,False,False,False,19,5,Spring,0,,Small Appliances,Air Purifiers,2023-11-13,1253.37,2088.75,0.0,118.2,19.0,79.3,0.0,0.0,0.0,10.0,0.0,2.542630323544191,0.0,3,0,19,0,0,542,0.0
2025-05-09,SKU-0003,0.0,0.0,2088.75,0,False,False,False,19,5,Spring,0,,Small Appliances,Air Purifiers,2023-11-13,1253.37,2088.75,0.0,118.2,19.0,79.3,0.0,0.0,0.0,3.0,0.0,2.1854874664013337,0.0,4,0,19,0,0,543,0.0
2025-05-10,SKU-0003,10.0,20887.5,2088.75,0,False,False,False,19,5,Spring,0,,Small Appliances,Air Purifiers,2023-11-13,1253.37,2088.75,0.0,118.2,19.0,79.3,0.0,0.0,0.0,6.0,0.0,2.0783446092584765,0.0,5,1,19,0,0,544,0.0
2025-05-11,SKU-0003,8.0,16710.0,2088.75,0,False,False,False,19,5,Spring,0,,Small Appliances,Air Purifiers,2023-11-13,1253.37,2088.75,0.0,118.2,19.0,79.3,10.0,0.0,0.0,4.0,1.4285714285714286,2.2212017521156193,3.779644730092272,6,1,19,0,0,545,0.0
2025-05-12,SKU-0003,3.0,6266.25,2088.75,0,False,False,False,20,5,Spring,0,,Small Appliances,Air Purifiers,2023-11-13,1253.37,2088.75,97.2,0.0,19.0,79.3,8.0,0.0,0.0,7.0,2.5714285714285716,2.364058894972762,4.429339411136565,0,0,20,0,0,546,0.0
2025-05-13,SKU-0003,5.0,10443.75,2088.75,0,False,False,False,20,5,Spring,0,,Small Appliances,Air Purifiers,2023-11-13,1253.37,2088.75,97.2,0.0,19.0,79.3,3.0,0.0,0.0,5.0,3.0,2.2212017521156193,4.281744192888376,1,0,20,0,0,547,0.0
2025-05-14,SKU-0003,8.0,16710.0,2088.75,0,False,False,False,20,5,Spring,0,,Small Appliances,Air Purifiers,2023-11-13,1253.37,2088.75,97.2,0.0,19.0,79.3,5.0,0.0,0.0,7.0,3.7142857142857144,2.2212017521156193,4.111540089159037,2,0,20,0,0,548,0.0
2025-05-15,SKU-0003,3.0,6266.25,2088.75,0,False,False,False,20,5,Spring,0,,Small Appliances,Air Purifiers,2023-11-13,1253.37,2088.75,97.2,0.0,19.0,79.3,8.0,0.0,0.0,5.0,4.857142857142857,2.2569160378299054,4.0178174601214955,3,0,20,0,0,549,0.0
2025-05-16,SKU-0003,11.0,22976.25,2088.75,0,False,False,False,20,5,Spring,0,,Small Appliances,Air Purifiers,2023-11-13,1253.37,2088.75,97.2,0.0,19.0,79.3,3.0,0.0,0.0,4.0,5.285714285714286,2.1854874664013337,3.545621041711673,4,0,20,0,0,550,0.0
2025-05-17,SKU-0003,4.0,8355.0,2088.75,0,False,False,False,20,5,Spring,0,,Small Appliances,Air Purifiers,2023-11-13,1253.37,2088.75,97.2,0.0,19.0,79.3,11.0,10.0,0.0,14.0,6.857142857142857,2.4354874664013337,3.236694374850748,5,1,20,0,0,551,0.0
2025-05-18,SKU-0003,13.0,27153.75,2088.75,0,False,False,False,20,5,Spring,0,,Small Appliances,Air Purifiers,2023-11-13,1253.37,2088.75,97.2,0.0,19.0,79.3,4.0,8.0,0.0,6.1936490592373445,6.0,2.0783446092584765,3.0550504633038935,6,1,20,0,0,552,0.0
2025-05-19,SKU-0003,10.0,20887.5,2088.75,0,False,False,False,21,5,Spring,0,,Small Appliances,Air Purifiers,2023-11-13,1253.37,2088.75,43.2,75.0,19.0,79.3,13.0,3.0,0.0,0.0,6.714285714285714,2.3214285714285716,4.029651999626672,0,0,21,0,0,553,0.0
2025-05-20,SKU-0003,6.0,12532.5,2088.75,0,False,False,False,21,5,Spring,0,,Small Appliances,Air Purifiers,2023-11-13,1253.37,2088.75,43.2,75.0,19.0,79.3,10.0,5.0,0.0,0.0,7.714285714285714,2.6785714285714284,3.8172540616821102,1,0,21,0,0,554,0.0
2025-05-21,SKU-0003,8.0,16710.0,2088.75,0,False,False,False,21,5,Spring,0,,Small Appliances,Air Purifiers,2023-11-13,1253.37,2088.75,43.2,75.0,19.0,79.3,6.0,8.0,0.0,0.0,7.857142857142857,2.892857142857143,3.716116764786032,2,0,21,0,0,555,0.0
2025-05-22,SKU-0003,12.0,25065.0,2088.75,0,False,False,True,21,5,Spring,0,,Small Appliances,Air Purifiers,2023-11-13,1253.37,2088.75,43.2,75.0,19.0,79.3,8.0,3.0,0.0,0.0,7.857142857142857,3.1785714285714284,3.716116764786032,3,0,21,0,0,556,0.0
2025-05-23,SKU-0003,8.0,16710.0,2088.75,0,False,False,False,21,5,Spring,0,,Small Appliances,Air Purifiers,2023-11-13,1253.37,2088.75,43.2,75.0,19.0,79.3,12.0,11.0,0.0,0.0,9.142857142857142,3.607142857142857,3.2877840272018792,4,0,21,0,0,557,0.0
2025-05-24,SKU-0003,6.0,12532.5,2088.75,0,False,False,False,21,5,Spring,0,,Small Appliances,Air Purifiers,2023-11-13,1253.37,2088.75,43.2,75.0,19.0,79.3,8.0,4.0,10.0,0.0,8.714285714285714,3.892857142857143,3.1997023671109215,5,1,21,0,0,558,0.0
2025-05-25,SKU-0003,3.1936490592373445,6670.73,2088.75,0,False,False,False,21,5,Spring,0,,Small Appliances,Air Purifiers,2023-11-13,1253.37,2088.75,43.2,75.0,19.0,79.3,6.0,13.0,8.0,0.0,9.0,4.107142857142857,2.7688746209726913,6,1,21,0,0,559,0.0
2025-05-26,SKU-0003,0.0,0.0,2088.75,0,False,False,False,22,5,Spring,0,,Small Appliances,Air Purifiers,2023-11-13,1253.37,2088.75,0.0,118.2,19.0,79.3,3.1936490592373445,10.0,3.0,0.0,7.599092722748192,4.221201752115619,2.886056214834119,0,0,22,0,0,560,0.0
2025-05-27,SKU-0003,0.0,0.0,2088.75,0,False,False,False,22,5,Spring,0,,Small Appliances,Air Purifiers,2023-11-13,1253.37,2088.75,0.0,118.2,19.0,79.3,0.0,6.0,5.0,0.0,6.170521294176764,4.221201752115619,3.8225659580170626,1,0,22,0,0,561,0.0
2025-05-28,SKU-0003,0.0,0.0,2088.75,0,False,False,False,22,5,Spring,0,,Small Appliances,Air Purifiers,2023-11-13,1253.37,2088.75,0.0,118.2,19.0,79.3,0.0,8.0,8.0,0.0,5.313378437033906,4.221201752115619,4.4828462202714,2,0,22,0,0,562,0.0
2025-05-29,SKU-0003,0.0,0.0,2088.75,0,False,False,False,22,5,Spring,0,,Small Appliances,Air Purifiers,2023-11-13,1253.37,2088.75,0.0,118.2,19.0,79.3,0.0,12.0,3.0,0.0,4.170521294176764,4.221201752115619,4.6983447308120265,3,0,22,0,0,563,0.0
2025-05-30,SKU-0003,0.0,0.0,2088.75,0,False,False,False,22,5,Spring,0,,Small Appliances,Air Purifiers,2023-11-13,1253.37,2088.75,0.0,118.2,19.0,79.3,0.0,8.0,11.0,0.0,2.4562355798910493,4.221201752115619,3.365703040626841,4,0,22,0,0,564,0.0
2025-05-31,SKU-0003,0.0,0.0,2088.75,0,False,False,False,22,5,Spring,0,,Small Appliances,Air Purifiers,2023-11-13,1253.37,2088.75,0.0,118.2,19.0,79.3,0.0,6.0,4.0,0.0,1.3133784370339063,4.221201752115619,2.384835909152809,5,1,22,0,0,565,0.0
2025-06-01,SKU-0003,0.0,0.0,2088.75,0,False,False,False,22,6,Summer,0,,Small Appliances,Air Purifiers,2023-11-13,1253.37,2088.75,0.0,118.2,19.0,79.3,0.0,3.1936490592373445,13.0,0.0,0.45623557989104924,4.221201752115619,1.2070858836510605,6,1,22,0,0,566,0.0
2025-06-02,SKU-0003,0.0,0.0,2088.75,0,False,False,False,23,6,Summer,0,,Small Appliances,Air Purifiers,2023-11-13,1253.37,2088.75,0.0,118.2,19.0,79.3,0.0,0.0,10.0,0.0,0.0,4.221201752115619,0.0,0,0,23,0,0,567,0.0
2025-06-03,SKU-0003,0.0,0.0,2088.75,0,False,False,False,23,6,Summer,0,,Small Appliances,Air Purifiers,2023-11-13,1253.37,2088.75,0.0,118.2,19.0,79.3,0.0,0.0,6.0,0.0,0.0,4.221201752115619,0.0,1,0,23,0,0,568,0.0
2025-06-04,SKU-0003,0.0,0.0,2088.75,0,False,False,False,23,6,Summer,0,,Small Appliances,Air Purifiers,2023-11-13,1253.37,2088.75,0.0,118.2,19.0,79.3,0.0,0.0,8.0,0.0,0.0,4.221201752115619,0.0,2,0,23,0,0,569,0.0
2025-06-05,SKU-0003,0.0,0.0,2088.75,0,False,False,False,23,6,Summer,0,,Small Appliances,Air Purifiers,2023-11-13,1253.37,2088.75,0.0,118.2,19.0,79.3,0.0,0.0,12.0,0.0,0.0,4.221201752115619,0.0,3,0,23,0,0,570,0.0
2025-06-06,SKU-0003,0.0,0.0,2088.75,0,False,False,False,23,6,Summer,0,,Small Appliances,Air Purifiers,2023-11-13,1253.37,2088.75,0.0,118.2,19.0,79.3,0.0,0.0,8.0,0.0,0.0,4.221201752115619,0.0,4,0,23,0,0,571,0.0
2025-06-07,SKU-0003,8.0,16710.0,2088.75,0,False,False,False,23,6,Summer,0,,Small Appliances,Air Purifiers,2023-11-13,1253.37,2088.75,0.0,118.2,19.0,79.3,0.0,0.0,6.0,10.0,0.0,4.221201752115619,0.0,5,1,23,0,0,572,0.0
2025-06-08,SKU-0003,5.0,10443.75,2088.75,0,False,False,False,23,6,Summer,0,,Small Appliances,Air Purifiers,2023-11-13,1253.37,2088.75,0.0,118.2,19.0,79.3,8.0,0.0,3.1936490592373445,8.0,1.1428571428571428,4.149773180687048,3.023715784073818,6,1,23,0,0,573,0.0
2025-06-09,SKU-0003,6.0,6266.25,2088.75,0,False,True,False,24,6,Summer,0,,Small Appliances,Air Purifiers,2023-11-13,1253.37,2088.75,59.0,43.2,19.0,79.3,5.0,0.0,0.0,3.0,1.8571428571428572,4.0426303235441905,3.2877840272018797,0,0,24,0,0,574,0.0
2025-06-10,SKU-0003,5.0,10443.75,2088.75,0,False,False,False,24,6,Summer,0,,Small Appliances,Air Purifiers,2023-11-13,1253.37,2088.75,59.0,43.2,19.0,79.3,6.0,0.0,0.0,5.0,2.7142857142857144,4.149773180687048,3.498298906339371,1,0,24,0,0,575,0.0
2025-06-11,SKU-0003,7.0,14621.25,2088.75,0,False,False,False,24,6,Summer,0,,Small Appliances,Air Purifiers,2023-11-13,1253.37,2088.75,59.0,43.2,19.0,79.3,5.0,0.0,0.0,8.0,3.4285714285714284,4.149773180687048,3.3594217189442417,2,0,24,0,0,576,0.0
2025-06-12,SKU-0003,9.0,18798.75,2088.75,0,False,False,False,24,6,Summer,0,,Small Appliances,Air Purifiers,2023-11-13,1253.37,2088.75,59.0,43.2,19.0,79.3,7.0,0.0,0.0,3.0,4.428571428571429,4.114058894972763,3.2071349029490923,3,0,24,0,0,577,0.0
2025-06-13,SKU-0003,5.0,10443.75,2088.75,0,False,False,False,24,6,Summer,0,,Small Appliances,Air Purifiers,2023-11-13,1253.37,2088.75,59.0,43.2,19.0,79.3,9.0,0.0,0.0,11.0,5.714285714285714,4.328344609258477,2.9277002188455996,4,0,24,0,0,578,0.0
2025-06-14,SKU-0003,6.0,12532.5,2088.75,0,False,False,False,24,6,Summer,0,,Small Appliances,Air Purifiers,2023-11-13,1253.37,2088.75,59.0,43.2,19.0,79.3,5.0,8.0,0.0,4.0,6.428571428571429,4.114058894972763,1.6183471874253739,5,1,24,0,0,579,0.0
2025-06-15,SKU-0003,3.0,6266.25,2088.75,0,False,False,False,24,6,Summer,0,,Small Appliances,Air Purifiers,2023-11-13,1253.37,2088.75,59.0,43.2,19.0,79.3,6.0,5.0,0.0,13.0,6.142857142857143,4.185487466401334,1.4638501094227996,6,1,24,0,0,580,0.0
2025-06-16,SKU-0003,2.0,4177.5,2088.75,0,False,False,False,25,6,Summer,0,,Small Appliances,Air Purifiers,2023-11-13,1253.37,2088.75,65.2,53.0,19.0,79.3,3.0,6.0,0.0,10.0,5.857142857142857,3.8283446092584765,1.8644544714716087,0,0,25,0,0,581,0.0
2025-06-17,SKU-0003,6.0,12532.5,2088.75,0,False,False,False,25,6,Summer,0,,Small Appliances,Air Purifiers,2023-11-13,1253.37,2088.75,65.2,53.0,19.0,79.3,2.0,5.0,0.0,6.0,5.285714285714286,3.542630323544191,2.3603873774083297,1,0,25,0,0,582,0.0
2025-06-18,SKU-0003,6.0,12532.5,2088.75,0,False,False,False,25,6,Summer,0,,Small Appliances,Air Purifiers,2023-11-13,1253.37,2088.75,65.2,53.0,19.0,79.3,6.0,7.0,0.0,8.0,5.428571428571429,3.542630323544191,2.370453040886408,2,0,25,0,0,583,0.0
2025-06-19,SKU-0003,8.0,16710.0,2088.75,0,False,False,False,25,6,Summer,0,,Small Appliances,Air Purifiers,2023-11-13,1253.37,2088.75,65.2,53.0,19.0,79.3,6.0,9.0,0.0,12.0,5.285714285714286,3.4712017521156193,2.2886885410853175,3,0,25,0,0,584,0.0
2025-06-20,SKU-0003,5.0,10443.75,2088.75,0,False,False,False,25,6,Summer,0,,Small Appliances,Air Purifiers,2023-11-13,1253.37,2088.75,65.2,53.0,19.0,79.3,8.0,5.0,0.0,8.0,5.142857142857143,3.3283446092584765,2.0354009783964297,4,0,25,0,0,585,0.0
2025-06-21,SKU-0003,6.0,12532.5,2088.75,0,False,False,False,25,6,Summer,0,,Small Appliances,Air Purifiers,2023-11-13,1253.37,2088.75,65.2,53.0,19.0,79.3,5.0,6.0,8.0,6.0,5.142857142857143,3.2212017521156193,2.0354009783964297,5,1,25,0,0,586,0.0
2025-06-22,SKU-0003,14.0,29242.5,2088.75,0,False,False,False,25,6,Summer,0,,Small Appliances,Air Purifiers,2023-11-13,1253.37,2088.75,65.2,53.0,19.0,79.3,6.0,3.0,5.0,3.1936490592373445,5.142857142857143,3.2212017521156193,2.0354009783964297,6,1,25,0,0,587,0.0
2025-06-23,SKU-0003,6.0,12532.5,2088.75,0,False,False,False,26,6,Summer,0,,Small Appliances,Air Purifiers,2023-11-13,1253.37,2088.75,14.2,104.0,19.0,79.3,14.0,2.0,6.0,0.0,6.714285714285714,3.607142857142857,3.683941988065037,0,0,26,0,0,588,0.0
2025-06-24,SKU-0003,2.0,4177.5,2088.75,0,False,False,False,26,6,Summer,0,,Small Appliances,Air Purifiers,2023-11-13,1253.37,2088.75,14.2,104.0,19.0,79.3,6.0,6.0,5.0,0.0,7.285714285714286,3.8214285714285716,3.0937725468153885,1,0,26,0,0,589,0.0
2025-06-25,SKU-0003,5.0,10443.75,2088.75,0,False,False,False,26,6,Summer,0,,Small Appliances,Air Purifiers,2023-11-13,1253.37,2088.75,14.2,104.0,19.0,79.3,2.0,6.0,7.0,0.0,6.714285714285714,3.892857142857143,3.683941988065037,2,0,26,0,0,590,0.0
2025-06-26,SKU-0003,4.0,8355.0,2088.75,0,False,False,False,26,6,Summer,0,,Small Appliances,Air Purifiers,2023-11-13,1253.37,2088.75,14.2,104.0,19.0,79.3,5.0,8.0,9.0,0.0,6.571428571428571,4.071428571428571,3.7352886036263593,3,0,26,0,0,591,0.0
2025-06-27,SKU-0003,3.1936490592373445,6670.73,2088.75,0,False,False,False,26,6,Summer,0,,Small Appliances,Air Purifiers,2023-11-13,1253.37,2088.75,14.2,104.0,19.0,79.3,4.0,5.0,5.0,0.0,6.0,4.214285714285714,3.785938897200183,4,0,26,0,0,592,0.0
2025-06-28,SKU-0003,0.0,0.0,2088.75,0,False,False,False,26,6,Summer,0,,Small Appliances,Air Purifiers,2023-11-13,1253.37,2088.75,14.2,104.0,19.0,79.3,3.1936490592373445,6.0,6.0,0.0,5.741949865605335,4.328344609258477,3.924484605220829,5,1,26,0,0,593,0.0
2025-06-29,SKU-0003,0.0,0.0,2088.75,0,False,False,False,26,6,Summer,0,,Small Appliances,Air Purifiers,2023-11-13,1253.37,2088.75,14.2,104.0,19.0,79.3,0.0,14.0,3.0,0.0,4.884807008462478,4.328344609258477,4.475302927253428,6,1,26,0,0,594,0.0
2025-06-30,SKU-0003,0.0,0.0,2088.75,0,False,False,False,27,6,Summer,0,,Small Appliances,Air Purifiers,2023-11-13,1253.37,2088.75,0.0,104.0,19.0,79.3,0.0,6.0,2.0,0.0,2.8848070084624777,4.328344609258477,2.3432389969530054,0,0,27,0,0,595,0.0
2025-07-01,SKU-0003,0.0,0.0,1712.77,1,False,False,False,27,7,Summer,0,Monsoon Sale,Small Appliances,Air Purifiers,2023-11-13,1253.37,2088.75,0.0,104.0,19.0,79.3,0.0,2.0,6.0,0.0,2.0276641513196205,4.328344609258477,2.098389896235546,1,0,27,1,1,596,0.180002393776182
2025-07-02,SKU-0003,0.0,0.0,1712.77,1,False,False,False,27,7,Summer,0,Monsoon Sale,Small Appliances,Air Purifiers,2023-11-13,1253.37,2088.75,0.0,104.0,19.0,79.3,0.0,5.0,6.0,0.0,1.741949865605335,4.328344609258477,2.2345271301996785,2,0,27,1,1,597,0.180002393776182
2025-07-03,SKU-0003,0.0,0.0,1712.77,1,False,False,False,27,7,Summer,0,Monsoon Sale,Small Appliances,Air Purifiers,2023-11-13,1253.37,2088.75,0.0,104.0,19.0,79.3,0.0,4.0,8.0,0.0,1.0276641513196207,4.328344609258477,1.7704396374072007,3,0,27,1,1,598,0.180002393776182
2025-07-04,SKU-0003,0.0,0.0,1712.77,1,False,False,False,27,7,Summer,0,Monsoon Sale,Small Appliances,Air Purifiers,2023-11-13,1253.37,2088.75,0.0,104.0,19.0,79.3,0.0,3.1936490592373445,5.0,0.0,0.45623557989104924,4.328344609258477,1.2070858836510572,4,0,27,1,1,599,0.180002393776182
2025-07-05,SKU-0003,10.0,17127.75,1712.77,1,False,False,False,27,7,Summer,0,Monsoon Sale,Small Appliances,Air Purifiers,2023-11-13,1253.37,2088.75,0.0,104.0,19.0,79.3,0.0,0.0,6.0,8.0,0.0,4.328344609258477,0.0,5,1,27,1,1,600,0.180002393776182
2025-07-06,SKU-0003,14.0,23978.85,1712.77,1,False,False,False,27,7,Summer,0,Monsoon Sale,Small Appliances,Air Purifiers,2023-11-13,1253.37,2088.75,0.0,104.0,19.0,79.3,10.0,0.0,14.0,5.0,1.4285714285714286,4.399773180687048,3.779644730092272,6,1,27,1,1,601,0.180002393776182
2025-07-07,SKU-0003,6.0,10276.65,1712.77,1,False,False,False,28,7,Summer,0,Monsoon Sale,Small Appliances,Air Purifiers,2023-11-13,1253.37,2088.75,23.0,95.2,19.0,79.3,14.0,0.0,6.0,6.0,3.4285714285714284,4.721201752115619,5.968169536721256,0,0,28,1,1,602,0.180002393776182
2025-07-08,SKU-0003,6.0,10276.65,1712.77,1,False,False,False,28,7,Summer,0,Monsoon Sale,Small Appliances,Air Purifiers,2023-11-13,1253.37,2088.75,23.0,95.2,19.0,79.3,6.0,0.0,2.0,5.0,4.285714285714286,4.721201752115619,5.822779568622009,1,0,28,1,1,603,0.180002393776182
2025-07-09,SKU-0003,8.0,13702.2,1712.77,1,False,False,False,28,7,Summer,0,Monsoon Sale,Small Appliances,Air Purifiers,2023-11-13,1253.37,2088.75,23.0,95.2,19.0,79.3,6.0,0.0,5.0,7.0,5.142857142857143,4.756916037829905,5.520524474738834,2,0,28,1,1,604,0.180002393776182
2025-07-10,SKU-0003,7.0,11989.42,1712.77,1,False,False,False,28,7,Summer,0,Monsoon Sale,Small Appliances,Air Purifiers,2023-11-13,1253.37,2088.75,23.0,95.2,19.0,79.3,8.0,0.0,4.0,9.0,6.285714285714286,4.7926303235441905,5.089672082242814,3,0,28,1,1,605,0.180002393776182
2025-07-11,SKU-0003,2.0,4177.5,2088.75,0,False,False,False,28,7,Summer,0,,Small Appliances,Air Purifiers,2023-11-13,1253.37,2088.75,23.0,95.2,19.0,79.3,7.0,0.0,3.1936490592373445,5.0,7.285714285714286,4.721201752115619,4.270608298368657,4,0,28,0,0,606,0.0
2025-07-12,SKU-0003,8.0,16710.0,2088.75,0,False,False,False,28,7,Summer,0,,Small Appliances,Air Purifiers,2023-11-13,1253.37,2088.75,23.0,95.2,19.0,79.3,2.0,10.0,0.0,6.0,7.571428571428571,4.614058894972763,3.7352886036263584,5,1,28,0,0,607,0.0
2025-07-13,SKU-0003,4.0,8355.0,2088.75,0,False,False,False,28,7,Summer,0,,Small Appliances,Air Purifiers,2023-11-13,1253.37,2088.75,23.0,95.2,19.0,79.3,8.0,14.0,0.0,3.0,7.285714285714286,4.685487466401334,3.592319850008056,6,1,28,0,0,608,0.0
2025-07-14,SKU-0003,3.0,6266.25,2088.75,0,False,False,False,29,7,Summer,0,,Small Appliances,Air Purifiers,2023-11-13,1253.37,2088.75,36.0,44.2,19.0,79.3,4.0,6.0,0.0,2.0,5.857142857142857,4.721201752115619,2.1930626551751335,0,0,29,0,0,609,0.0
2025-07-15,SKU-0003,3.0,6266.25,2088.75,0,False,False,False,29,7,Summer,0,,Small Appliances,Air Purifiers,2023-11-13,1253.37,2088.75,36.0,44.2,19.0,79.3,3.0,6.0,0.0,6.0,5.428571428571429,4.756916037829905,2.439750182371332,1,0,29,0,0,610,0.0
2025-07-16,SKU-0003,1.0,2088.75,2088.75,0,False,False,False,29,7,Summer,0,,Small Appliances,Air Purifiers,2023-11-13,1253.37,2088.75,36.0,44.2,19.0,79.3,3.0,8.0,0.0,6.0,5.0,4.649773180687048,2.5819888974716103,2,0,29,0,0,611,0.0
2025-07-17,SKU-0003,6.0,12532.5,2088.75,0,False,False,False,29,7,Summer,0,,Small Appliances,Air Purifiers,2023-11-13,1253.37,2088.75,36.0,44.2,19.0,79.3,1.0,7.0,0.0,8.0,4.0,4.471201752115619,2.58198889747161,3,0,29,0,0,612,0.0
2025-07-18,SKU-0003,6.0,12532.5,2088.75,0,False,False,False,29,7,Summer,0,,Small Appliances,Air Purifiers,2023-11-13,1253.37,2088.75,36.0,44.2,19.0,79.3,6.0,2.0,0.0,5.0,3.857142857142857,4.399773180687048,2.4102953780654772,4,0,29,0,0,613,0.0
2025-07-19,SKU-0003,6.0,12532.5,2088.75,0,False,False,False,29,7,Summer,0,,Small Appliances,Air Purifiers,2023-11-13,1253.37,2088.75,36.0,44.2,19.0,79.3,6.0,8.0,10.0,6.0,4.428571428571429,4.435487466401334,2.3704530408864066,5,1,29,0,0,614,0.0
2025-07-20,SKU-0003,4.0,8355.0,2088.75,0,False,False,False,29,7,Summer,0,,Small Appliances,Air Purifiers,2023-11-13,1253.37,2088.75,36.0,44.2,19.0,79.3,6.0,4.0,14.0,14.0,4.142857142857143,4.435487466401334,1.9518001458970644,6,1,29,0,0,615,0.0
2025-07-21,SKU-0003,1.0,2088.75,2088.75,0,False,False,False,30,7,Summer,0,,Small Appliances,Air Purifiers,2023-11-13,1253.37,2088.75,9.0,44.2,19.0,79.3,4.0,3.0,6.0,6.0,4.142857142857143,4.078344609258477,1.9518001458970644,0,0,30,0,0,616,0.0
2025-07-22,SKU-0003,5.0,10443.75,2088.75,0,False,False,False,30,7,Summer,0,,Small Appliances,Air Purifiers,2023-11-13,1253.37,2088.75,9.0,44.2,19.0,79.3,1.0,3.0,6.0,2.0,3.857142857142857,3.899773180687048,2.2677868380553616,1,0,30,0,0,617,0.0
2025-07-23,SKU-0003,4.0,8355.0,2088.75,0,False,False,False,30,7,Summer,0,,Small Appliances,Air Purifiers,2023-11-13,1253.37,2088.75,9.0,44.2,19.0,79.3,5.0,1.0,8.0,5.0,4.142857142857143,4.006916037829905,2.2677868380553616,2,0,30,0,0,618,0.0
2025-07-24,SKU-0003,0.0,0.0,2088.75,0,False,False,False,30,7,Summer,0,,Small Appliances,Air Purifiers,2023-11-13,1253.37,2088.75,9.0,44.2,19.0,79.3,4.0,6.0,7.0,4.0,4.571428571428571,3.9712017521156193,1.8126539343499297,3,0,30,0,0,619,0.0
2025-07-25,SKU-0003,0.0,0.0,2088.75,0,False,False,False,30,7,Summer,0,,Small Appliances,Air Purifiers,2023-11-13,1253.37,2088.75,9.0,44.2,19.0,79.3,0.0,6.0,2.0,3.1936490592373445,3.7142857142857144,3.8283446092584765,2.3603873774083275,4,0,30,0,0,620,0.0
2025-07-26,SKU-0003,4.0,8355.0,2088.75,0,False,False,False,30,7,Summer,0,,Small Appliances,Air Purifiers,2023-11-13,1253.37,2088.75,9.0,44.2,19.0,79.3,0.0,6.0,8.0,0.0,2.857142857142857,3.7142857142857144,2.4784787961282086,5,1,30,0,0,621,0.0
2025-07-27,SKU-0003,3.0,6266.25,2088.75,0,False,False,False,30,7,Summer,0,,Small Appliances,Air Purifiers,2023-11-13,1253.37,2088.75,9.0,44.2,19.0,79.3,4.0,4.0,4.0,0.0,2.5714285714285716,3.857142857142857,2.1491969707422376,6,1,30,0,0,622,0.0
2025-07-28,SKU-0003,3.0,6266.25,2088.75,0,False,False,False,31,7,Summer,0,,Small Appliances,Air Purifiers,2023-11-13,1253.37,2088.75,34.2,0.0,19.0,79.3,3.0,1.0,3.0,0.0,2.4285714285714284,3.9642857142857144,2.0701966780270604,0,0,31,0,0,623,0.0
2025-07-29,SKU-0003,1.0,2088.75,2088.75,0,False,False,False,31,7,Summer,0,,Small Appliances,Air Purifiers,2023-11-13,1253.37,2088.75,34.2,0.0,19.0,79.3,3.0,5.0,3.0,0.0,2.7142857142857144,4.071428571428571,1.9760470401187051,1,0,31,0,0,624,0.0
2025-07-30,SKU-0003,5.0,10443.75,2088.75,0,False,False,False,31,7,Summer,0,,Small Appliances,Air Purifiers,2023-11-13,1253.37,2088.75,34.2,0.0,19.0,79.3,1.0,4.0,1.0,0.0,2.142857142857143,4.107142857142857,1.772810520855834,2,0,31,0,0,625,0.0
2025-07-31,SKU-0003,5.0,10443.75,2088.75,0,False,False,False,31,7,Summer,0,,Small Appliances,Air Purifiers,2023-11-13,1253.37,2088.75,34.2,0.0,19.0,79.3,5.0,0.0,6.0,0.0,2.2857142857142856,4.285714285714286,1.9760470401187051,3,0,31,0,0,626,0.0
2025-08-01,SKU-0003,1.0,2088.75,2088.75,0,False,False,False,31,8,Summer,0,,Small Appliances,Air Purifiers,2023-11-13,1253.37,2088.75,34.2,0.0,19.0,79.3,5.0,0.0,6.0,0.0,3.0,4.464285714285714,1.9148542155126738,4,0,31,0,0,627,0.0
2025-08-02,SKU-0003,6.0,12532.5,2088.75,0,False,False,False,31,8,Summer,0,,Small Appliances,Air Purifiers,2023-11-13,1253.37,2088.75,34.2,0.0,19.0,79.3,1.0,4.0,6.0,10.0,3.142857142857143,4.5,1.676163419695049,5,1,31,0,0,628,0.0
2025-08-03,SKU-0003,6.0,12532.5,2088.75,0,False,False,False,31,8,Summer,0,,Small Appliances,Air Purifiers,2023-11-13,1253.37,2088.75,34.2,0.0,19.0,79.3,6.0,3.0,4.0,14.0,3.4285714285714284,4.357142857142857,1.9880595947760076,6,1,31,0,0,629,0.0
2025-08-04,SKU-0003,1.0,2088.75,2088.75,0,False,False,False,32,8,Summer,0,,Small Appliances,Air Purifiers,2023-11-13,1253.37,2088.75,9.2,0.0,19.0,79.3,6.0,3.0,1.0,6.0,3.857142857142857,4.071428571428571,2.193062655175132,0,0,32,0,0,630,0.0
2025-08-05,SKU-0003,4.0,8355.0,2088.75,0,False,False,False,32,8,Summer,0,,Small Appliances,Air Purifiers,2023-11-13,1253.37,2088.75,9.2,0.0,19.0,79.3,1.0,1.0,5.0,6.0,3.5714285714285716,3.892857142857143,2.4397501823713315,1,0,32,0,0,631,0.0
2025-08-06,SKU-0003,5.1936490592373445,10848.23,2088.75,0,False,False,False,32,8,Summer,0,,Small Appliances,Air Purifiers,2023-11-13,1253.37,2088.75,9.2,0.0,19.0,79.3,4.0,5.0,4.0,8.0,4.0,3.8214285714285716,2.1602468994692847,2,0,32,0,0,632,0.0
2025-08-07,SKU-0003,0.0,0.0,2088.75,0,False,False,False,32,8,Summer,0,,Small Appliances,Air Purifiers,2023-11-13,1253.37,2088.75,9.2,0.0,19.0,79.3,5.1936490592373445,5.0,0.0,7.0,4.0276641513196205,3.7212017521156193,2.1763670393471664,3,0,32,0,0,633,0.0
2025-08-08,SKU-0003,0.0,0.0,2088.75,0,False,False,False,32,8,Summer,0,,Small Appliances,Air Purifiers,2023-11-13,1253.37,2088.75,9.2,0.0,19.0,79.3,0.0,1.0,0.0,2.0,3.3133784370339066,3.4712017521156193,2.586008954660577,4,0,32,0,0,634,0.0
2025-08-09,SKU-0003,0.0,0.0,2088.75,0,False,False,False,32,8,Summer,0,,Small Appliances,Air Purifiers,2023-11-13,1253.37,2088.75,9.2,0.0,19.0,79.3,0.0,6.0,4.0,8.0,3.1705212941767633,3.399773180687048,2.75706829841406,5,1,32,0,0,635,0.0
2025-08-10,SKU-0003,0.0,0.0,2088.75,0,False,False,False,32,8,Summer,0,,Small Appliances,Air Purifiers,2023-11-13,1253.37,2088.75,9.2,0.0,19.0,79.3,0.0,6.0,3.0,4.0,2.3133784370339066,3.114058894972762,2.6618274424407136,6,1,32,0,0,636,0.0
2025-08-11,SKU-0003,0.0,0.0,2088.75,0,False,False,False,33,8,Summer,0,,Small Appliances,Air Purifiers,2023-11-13,1253.37,2088.75,0.0,118.2,19.0,79.3,0.0,1.0,3.0,3.0,1.4562355798910491,2.9712017521156193,2.203392690887266,0,0,33,0,0,637,0.0
2025-08-12,SKU-0003,0.0,0.0,2088.75,0,False,False,False,33,8,Summer,0,,Small Appliances,Air Purifiers,2023-11-13,1253.37,2088.75,0.0,118.2,19.0,79.3,0.0,4.0,1.0,3.0,1.3133784370339063,2.864058894972762,2.269333606974285,1,0,33,0,0,638,0.0
2025-08-13,SKU-0003,0.0,0.0,2088.75,0,False,False,False,33,8,Summer,0,,Small Appliances,Air Purifiers,2023-11-13,1253.37,2088.75,0.0,118.2,19.0,79.3,0.0,5.1936490592373445,5.0,1.0,0.7419498656053349,2.7569160378299054,1.9630148296695094,2,0,33,0,0,639,0.0
2025-08-14,SKU-0003,0.0,0.0,2088.75,0,False,False,False,33,8,Summer,0,,Small Appliances,Air Purifiers,2023-11-13,1253.37,2088.75,0.0,118.2,19.0,79.3,0.0,0.0,5.0,6.0,0.0,2.7212017521156193,0.0,3,0,33,0,0,640,0.0
2025-08-15,SKU-0003,0.0,0.0,2088.75,0,False,False,False,33,8,Summer,1,,Small Appliances,Air Purifiers,2023-11-13,1253.37,2088.75,0.0,118.2,19.0,79.3,0.0,0.0,1.0,6.0,0.0,2.5069160378299054,0.0,4,0,33,0,0,641,0.0
2025-08-16,SKU-0003,0.0,0.0,2088.75,0,False,False,False,33,8,Summer,0,,Small Appliances,Air Purifiers,2023-11-13,1253.37,2088.75,0.0,118.2,19.0,79.3,0.0,0.0,6.0,6.0,0.0,2.292630323544191,0.0,5,1,33,0,0,642,0.0
2025-08-17,SKU-0003,0.0,0.0,2088.75,0,False,False,False,33,8,Summer,0,,Small Appliances,Air Purifiers,2023-11-13,1253.37,2088.75,0.0,118.2,19.0,79.3,0.0,0.0,6.0,4.0,0.0,2.0783446092584765,0.0,6,1,33,0,0,643,0.0
2025-08-18,SKU-0003,0.0,0.0,2088.75,0,False,False,False,34,8,Summer,0,,Small Appliances,Air Purifiers,2023-11-13,1253.37,2088.75,0.0,118.2,19.0,79.3,0.0,0.0,1.0,1.0,0.0,1.9354874664013337,0.0,0,0,34,0,0,644,0.0
2025-08-19,SKU-0003,0.0,0.0,2088.75,0,False,False,False,34,8,Summer,0,,Small Appliances,Air Purifiers,2023-11-13,1253.37,2088.75,0.0,118.2,19.0,79.3,0.0,0.0,4.0,5.0,0.0,1.899773180687048,0.0,1,0,34,0,0,645,0.0
2025-08-20,SKU-0003,0.0,0.0,2088.75,0,False,False,False,34,8,Summer,0,,Small Appliances,Air Purifiers,2023-11-13,1253.37,2088.75,0.0,118.2,19.0,79.3,0.0,0.0,5.1936490592373445,4.0,0.0,1.7212017521156195,0.0,2,0,34,0,0,646,0.0
2025-08-21,SKU-0003,0.0,0.0,2088.75,0,False,False,False,34,8,Summer,0,,Small Appliances,Air Purifiers,2023-11-13,1253.37,2088.75,0.0,118.2,19.0,79.3,0.0,0.0,0.0,0.0,0.0,1.5783446092584765,0.0,3,0,34,0,0,647,0.0
2025-08-22,SKU-0003,0.0,0.0,2088.75,0,False,False,False,34,8,Summer,0,,Small Appliances,Air Purifiers,2023-11-13,1253.37,2088.75,0.0,118.2,19.0,79.3,0.0,0.0,0.0,0.0,0.0,1.5783446092584765,0.0,4,0,34,0,0,648,0.0
2025-08-23,SKU-0003,0.0,0.0,2088.75,0,False,False,False,34,8,Summer,0,,Small Appliances,Air Purifiers,2023-11-13,1253.37,2088.75,0.0,118.2,19.0,79.3,0.0,0.0,0.0,4.0,0.0,1.5783446092584765,0.0,5,1,34,0,0,649,0.0
2025-08-24,SKU-0003,0.0,0.0,2088.75,0,False,False,False,34,8,Summer,0,,Small Appliances,Air Purifiers,2023-11-13,1253.37,2088.75,0.0,118.2,19.0,79.3,0.0,0.0,0.0,3.0,0.0,1.4354874664013337,0.0,6,1,34,0,0,650,0.0
2025-08-25,SKU-0003,0.0,0.0,2088.75,0,False,False,False,35,8,Summer,0,,Small Appliances,Air Purifiers,2023-11-13,1253.37,2088.75,0.0,118.2,19.0,79.3,0.0,0.0,0.0,3.0,0.0,1.3283446092584765,0.0,0,0,35,0,0,651,0.0
2025-08-26,SKU-0003,0.0,0.0,2088.75,0,False,False,False,35,8,Summer,0,,Small Appliances,Air Purifiers,2023-11-13,1253.37,2088.75,0.0,118.2,19.0,79.3,0.0,0.0,0.0,1.0,0.0,1.2212017521156195,0.0,1,0,35,0,0,652,0.0
2025-08-27,SKU-0003,0.0,0.0,2088.75,0,False,False,False,35,8,Summer,0,,Small Appliances,Air Purifiers,2023-11-13,1253.37,2088.75,0.0,118.2,19.0,79.3,0.0,0.0,0.0,5.0,0.0,1.1854874664013337,0.0,2,0,35,0,0,653,0.0
2025-08-28,SKU-0003,0.0,0.0,2088.75,0,False,False,False,35,8,Summer,0,,Small Appliances,Air Purifiers,2023-11-13,1253.37,2088.75,0.0,118.2,19.0,79.3,0.0,0.0,0.0,5.0,0.0,1.0069160378299051,0.0,3,0,35,0,0,654,0.0
2025-08-29,SKU-0003,0.0,0.0,2088.75,0,False,False,False,35,8,Summer,0,,Small Appliances,Air Purifiers,2023-11-13,1253.37,2088.75,0.0,118.2,19.0,79.3,0.0,0.0,0.0,1.0,0.0,0.8283446092584766,0.0,4,0,35,0,0,655,0.0
2025-08-30,SKU-0003,2.0,4177.5,2088.75,0,False,False,False,35,8,Summer,0,,Small Appliances,Air Purifiers,2023-11-13,1253.37,2088.75,0.0,118.2,19.0,79.3,0.0,0.0,0.0,6.0,0.0,0.7926303235441908,0.0,5,1,35,0,0,656,0.0
2025-08-31,SKU-0003,0.0,0.0,2088.75,0,False,False,False,35,8,Summer,0,,Small Appliances,Air Purifiers,2023-11-13,1253.37,2088.75,0.0,118.2,19.0,79.3,2.0,0.0,0.0,6.0,0.2857142857142857,0.649773180687048,0.7559289460184545,6,1,35,0,0,657,0.0
2025-09-01,SKU-0003,3.0,6266.25,2088.75,0,False,False,False,36,9,Autumn,0,,Small Appliances,Air Purifiers,2023-11-13,1253.37,2088.75,113.2,0.0,19.0,79.3,0.0,0.0,0.0,1.0,0.2857142857142857,0.43548746640133373,0.7559289460184545,0,0,36,0,0,658,0.0
2025-09-02,SKU-0003,6.0,12532.5,2088.75,0,False,False,False,36,9,Autumn,0,,Small Appliances,Air Purifiers,2023-11-13,1253.37,2088.75,113.2,0.0,19.0,79.3,3.0,0.0,0.0,4.0,0.7142857142857143,0.5069160378299051,1.2535663410560174,1,0,36,0,0,659,0.0
2025-09-03,SKU-0003,2.0,4177.5,2088.75,0,False,False,False,36,9,Autumn,0,,Small Appliances,Air Purifiers,2023-11-13,1253.37,2088.75,113.2,0.0,19.0,79.3,6.0,0.0,0.0,5.1936490592373445,1.5714285714285714,0.5783446092584766,2.29906813420444,2,0,36,0,0,660,0.0
2025-09-04,SKU-0003,1.0,2088.75,2088.75,0,False,False,False,36,9,Autumn,0,,Small Appliances,Air Purifiers,2023-11-13,1253.37,2088.75,113.2,0.0,19.0,79.3,2.0,0.0,0.0,0.0,1.8571428571428572,0.4642857142857143,2.1930626551751344,3,0,36,0,0,661,0.0
2025-09-05,SKU-0003,6.0,12532.5,2088.75,0,False,False,False,36,9,Autumn,0,,Small Appliances,Air Purifiers,2023-11-13,1253.37,2088.75,113.2,0.0,19.0,79.3,1.0,0.0,0.0,0.0,2.0,0.5,2.081665999466133,4,0,36,0,0,662,0.0
2025-09-06,SKU-0003,0.0,0.0,2088.75,0,False,False,False,36,9,Autumn,0,,Small Appliances,Air Purifiers,2023-11-13,1253.37,2088.75,113.2,0.0,19.0,79.3,6.0,2.0,0.0,0.0,2.857142857142857,0.7142857142857143,2.3401261667248794,5,1,36,0,0,663,0.0
2025-09-07,SKU-0003,3.0,6266.25,2088.75,0,False,False,False,36,9,Autumn,0,,Small Appliances,Air Purifiers,2023-11-13,1253.37,2088.75,113.2,0.0,19.0,79.3,0.0,0.0,0.0,0.0,2.5714285714285716,0.7142857142857143,2.5727509827124004,6,1,36,0,0,664,0.0
2025-09-08,SKU-0003,3.0,6266.25,2088.75,0,False,False,False,37,9,Autumn,0,,Small Appliances,Air Purifiers,2023-11-13,1253.37,2088.75,92.2,0.0,19.0,79.3,3.0,3.0,0.0,0.0,3.0,0.8214285714285714,2.3094010767585034,0,0,37,0,0,665,0.0
2025-09-09,SKU-0003,2.0,4177.5,2088.75,0,False,False,False,37,9,Autumn,0,,Small Appliances,Air Purifiers,2023-11-13,1253.37,2088.75,92.2,0.0,19.0,79.3,3.0,6.0,0.0,0.0,3.0,0.9285714285714286,2.3094010767585034,1,0,37,0,0,666,0.0
2025-09-10,SKU-0003,8.0,16710.0,2088.75,0,False,False,False,37,9,Autumn,0,,Small Appliances,Air Purifiers,2023-11-13,1253.37,2088.75,92.2,0.0,19.0,79.3,2.0,2.0,0.0,0.0,2.4285714285714284,1.0,1.9023794624226842,2,0,37,0,0,667,0.0
2025-09-11,SKU-0003,6.0,12532.5,2088.75,0,False,False,False,37,9,Autumn,0,,Small Appliances,Air Purifiers,2023-11-13,1253.37,2088.75,92.2,0.0,19.0,79.3,8.0,1.0,0.0,0.0,3.2857142857142856,1.2857142857142858,2.8115408417381933,3,0,37,0,0,668,0.0
2025-09-12,SKU-0003,5.0,10443.75,2088.75,0,False,False,False,37,9,Autumn,0,,Small Appliances,Air Purifiers,2023-11-13,1253.37,2088.75,92.2,0.0,19.0,79.3,6.0,6.0,0.0,0.0,4.0,1.5,2.768874620972692,4,0,37,0,0,669,0.0
2025-09-13,SKU-0003,7.0,14621.25,2088.75,0,False,False,False,37,9,Autumn,0,,Small Appliances,Air Purifiers,2023-11-13,1253.37,2088.75,92.2,0.0,19.0,79.3,5.0,0.0,2.0,0.0,3.857142857142857,1.6785714285714286,2.6726124191242446,5,1,37,0,0,670,0.0
2025-09-14,SKU-0003,5.0,10443.75,2088.75,0,False,False,False,37,9,Autumn,0,,Small Appliances,Air Purifiers,2023-11-13,1253.37,2088.75,92.2,0.0,19.0,79.3,7.0,3.0,0.0,0.0,4.857142857142857,1.9285714285714286,2.267786838055364,6,1,37,0,0,671,0.0
2025-09-15,SKU-0003,2.0,4177.5,2088.75,0,False,False,False,38,9,Autumn,0,,Small Appliances,Air Purifiers,2023-11-13,1253.37,2088.75,57.2,61.0,19.0,79.3,5.0,3.0,3.0,0.0,5.142857142857143,2.107142857142857,2.115700942049816,0,0,38,0,0,672,0.0
2025-09-16,SKU-0003,3.0,6266.25,2088.75,0,False,False,False,38,9,Autumn,0,,Small Appliances,Air Purifiers,2023-11-13,1253.37,2088.75,57.2,61.0,19.0,79.3,2.0,2.0,6.0,0.0,5.0,2.1785714285714284,2.3094010767585034,1,0,38,0,0,673,0.0
2025-09-17,SKU-0003,4.0,8355.0,2088.75,0,False,False,False,38,9,Autumn,0,,Small Appliances,Air Purifiers,2023-11-13,1253.37,2088.75,57.2,61.0,19.0,79.3,3.0,8.0,2.0,0.0,5.142857142857143,2.2857142857142856,2.115700942049816,2,0,38,0,0,674,0.0
2025-09-18,SKU-0003,4.0,8355.0,2088.75,0,False,False,False,38,9,Autumn,0,,Small Appliances,Air Purifiers,2023-11-13,1253.37,2088.75,57.2,61.0,19.0,79.3,4.0,6.0,1.0,0.0,4.571428571428571,2.4285714285714284,1.7182493859684498,3,0,38,0,0,675,0.0
2025-09-19,SKU-0003,5.0,10443.75,2088.75,0,False,False,False,38,9,Autumn,0,,Small Appliances,Air Purifiers,2023-11-13,1253.37,2088.75,57.2,61.0,19.0,79.3,4.0,5.0,6.0,0.0,4.285714285714286,2.5714285714285716,1.603567451474547,4,0,38,0,0,676,0.0
2025-09-20,SKU-0003,4.0,8355.0,2088.75,0,False,False,False,38,9,Autumn,0,,Small Appliances,Air Purifiers,2023-11-13,1253.37,2088.75,57.2,61.0,19.0,79.3,5.0,7.0,0.0,0.0,4.285714285714286,2.75,1.6035674514745468,5,1,38,0,0,677,0.0
2025-09-21,SKU-0003,1.0,2088.75,2088.75,0,False,False,False,38,9,Autumn,0,,Small Appliances,Air Purifiers,2023-11-13,1253.37,2088.75,57.2,61.0,19.0,79.3,4.0,5.0,3.0,0.0,3.857142857142857,2.892857142857143,1.0690449676496985,6,1,38,0,0,678,0.0
2025-09-22,SKU-0003,4.0,8355.0,2088.75,0,False,False,False,39,9,Autumn,0,,Small Appliances,Air Purifiers,2023-11-13,1253.37,2088.75,32.2,61.0,19.0,79.3,1.0,2.0,3.0,0.0,3.2857142857142856,2.9285714285714284,1.3801311186847087,0,0,39,0,0,679,0.0
2025-09-23,SKU-0003,5.0,10443.75,2088.75,0,False,False,False,39,9,Autumn,0,,Small Appliances,Air Purifiers,2023-11-13,1253.37,2088.75,32.2,61.0,19.0,79.3,4.0,3.0,2.0,0.0,3.5714285714285716,3.0714285714285716,1.272418020560704,1,0,39,0,0,680,0.0
2025-09-24,SKU-0003,5.0,10443.75,2088.75,0,False,False,False,39,9,Autumn,0,,Small Appliances,Air Purifiers,2023-11-13,1253.37,2088.75,32.2,61.0,19.0,79.3,5.0,4.0,8.0,0.0,3.857142857142857,3.25,1.3451854182690992,2,0,39,0,0,681,0.0
2025-09-25,SKU-0003,4.0,8355.0,2088.75,0,False,False,False,39,9,Autumn,0,,Small Appliances,Air Purifiers,2023-11-13,1253.37,2088.75,32.2,61.0,19.0,79.3,5.0,4.0,6.0,0.0,4.0,3.4285714285714284,1.4142135623730958,3,0,39,0,0,682,0.0
2025-09-26,SKU-0003,7.0,14621.25,2088.75,0,False,False,False,39,9,Autumn,0,,Small Appliances,Air Purifiers,2023-11-13,1253.37,2088.75,32.2,61.0,19.0,79.3,4.0,5.0,5.0,0.0,4.0,3.5714285714285716,1.4142135623730958,4,0,39,0,0,683,0.0
2025-09-27,SKU-0003,5.0,10443.75,2088.75,0,False,False,False,39,9,Autumn,0,,Small Appliances,Air Purifiers,2023-11-13,1253.37,2088.75,32.2,61.0,19.0,79.3,7.0,4.0,7.0,2.0,4.285714285714286,3.8214285714285716,1.7994708216848754,5,1,39,0,0,684,0.0
2025-09-28,SKU-0003,3.0,6266.25,2088.75,0,False,False,False,39,9,Autumn,0,,Small Appliances,Air Purifiers,2023-11-13,1253.37,2088.75,32.2,61.0,19.0,79.3,5.0,1.0,5.0,0.0,4.428571428571429,3.9285714285714284,1.8126539343499322,6,1,39,0,0,685,0.0
2025-09-29,SKU-0003,3.0,6266.25,2088.75,0,False,False,False,40,9,Autumn,0,,Small Appliances,Air Purifiers,2023-11-13,1253.37,2088.75,0.2,118.0,19.0,79.3,3.0,4.0,2.0,3.0,4.714285714285714,4.035714285714286,1.2535663410560187,0,0,40,0,0,686,0.0
2025-09-30,SKU-0003,0.1936490592373445,404.48,2088.75,0,False,False,False,40,9,Autumn,0,,Small Appliances,Air Purifiers,2023-11-13,1253.37,2088.75,0.2,118.0,19.0,79.3,3.0,5.0,3.0,6.0,4.571428571428571,4.035714285714286,1.3972762620115446,1,0,40,0,0,687,0.0
2025-10-01,SKU-0003,0.0,0.0,2088.75,0,False,False,False,40,10,Autumn,0,,Small Appliances,Air Purifiers,2023-11-13,1253.37,2088.75,0.2,118.0,19.0,79.3,0.1936490592373445,5.0,4.0,2.0,3.8848070084624777,3.8283446092584765,2.136797506673215,2,0,40,0,0,688,0.0
2025-10-02,SKU-0003,0.0,0.0,2088.75,0,False,False,False,40,10,Autumn,1,,Small Appliances,Air Purifiers,2023-11-13,1253.37,2088.75,0.2,118.0,19.0,79.3,0.0,4.0,4.0,1.0,3.1705212941767633,3.7569160378299054,2.5057288700211693,3,0,40,0,0,689,0.0
2025-10-03,SKU-0003,0.0,0.0,2088.75,0,False,False,False,40,10,Autumn,0,,Small Appliances,Air Purifiers,2023-11-13,1253.37,2088.75,0.2,118.0,19.0,79.3,0.0,7.0,5.0,6.0,2.599092722748192,3.7212017521156193,2.7310107740555574,4,0,40,0,0,690,0.0
2025-10-04,SKU-0003,6.0,12532.5,2088.75,0,False,False,False,40,10,Autumn,0,,Small Appliances,Air Purifiers,2023-11-13,1253.37,2088.75,0.2,118.0,19.0,79.3,0.0,5.0,4.0,0.0,1.5990927227481921,3.5069160378299054,2.046860083417195,5,1,40,0,0,691,0.0
2025-10-05,SKU-0003,3.0,6266.25,2088.75,0,False,False,False,40,10,Autumn,0,,Small Appliances,Air Purifiers,2023-11-13,1253.37,2088.75,0.2,118.0,19.0,79.3,6.0,3.0,1.0,3.0,1.741949865605335,3.7212017521156193,2.3379754282343783,6,1,40,0,0,692,0.0
2025-10-06,SKU-0003,2.0,4177.5,2088.75,0,False,False,False,41,10,Autumn,0,,Small Appliances,Air Purifiers,2023-11-13,1253.37,2088.75,50.0,57.0,19.0,79.3,3.0,3.0,4.0,3.0,1.741949865605335,3.7212017521156193,2.3379754282343783,0,0,41,0,0,693,0.0
2025-10-07,SKU-0003,4.0,8355.0,2088.75,0,False,False,False,41,10,Autumn,0,,Small Appliances,Air Purifiers,2023-11-13,1253.37,2088.75,50.0,57.0,19.0,79.3,2.0,0.1936490592373445,5.0,2.0,1.5990927227481921,3.6854874664013337,2.278077303580071,1,0,41,0,0,694,0.0
2025-10-08,SKU-0003,3.0,6266.25,2088.75,0,False,False,False,41,10,Autumn,0,,Small Appliances,Air Purifiers,2023-11-13,1253.37,2088.75,50.0,57.0,19.0,79.3,4.0,0.0,5.0,8.0,2.142857142857143,3.7569160378299054,2.340126166724878,2,0,41,0,0,695,0.0
2025-10-09,SKU-0003,8.0,16710.0,2088.75,0,False,False,False,41,10,Autumn,0,,Small Appliances,Air Purifiers,2023-11-13,1253.37,2088.75,50.0,57.0,19.0,79.3,3.0,0.0,4.0,6.0,2.5714285714285716,3.5783446092584765,2.149196970742239,3,0,41,0,0,696,0.0
2025-10-10,SKU-0003,7.0,14621.25,2088.75,0,False,False,False,41,10,Autumn,0,,Small Appliances,Air Purifiers,2023-11-13,1253.37,2088.75,50.0,57.0,19.0,79.3,8.0,0.0,7.0,5.0,3.7142857142857144,3.649773180687048,2.6276913640612185,4,0,41,0,0,697,0.0
2025-10-11,SKU-0003,1.0,2088.75,2088.75,0,False,False,False,41,10,Autumn,0,,Small Appliances,Air Purifiers,2023-11-13,1253.37,2088.75,50.0,57.0,19.0,79.3,7.0,6.0,5.0,7.0,4.714285714285714,3.7212017521156193,2.288688541085319,5,1,41,0,0,698,0.0
2025-10-12,SKU-0003,4.0,8355.0,2088.75,0,False,False,False,41,10,Autumn,0,,Small Appliances,Air Purifiers,2023-11-13,1253.37,2088.75,50.0,57.0,19.0,79.3,1.0,3.0,3.0,5.0,4.0,3.5069160378299054,2.581988897471612,6,1,41,0,0,699,0.0
2025-10-13,SKU-0003,1.0,2088.75,2088.75,0,False,False,False,42,10,Autumn,0,,Small Appliances,Air Purifiers,2023-11-13,1253.37,2088.75,22.0,96.2,19.0,79.3,4.0,2.0,3.0,2.0,4.142857142857143,3.4712017521156193,2.544836041121408,0,0,42,0,0,700,0.0
2025-10-14,SKU-0003,3.0,6266.25,2088.75,0,False,False,False,42,10,Autumn,0,,Small Appliances,Air Purifiers,2023-11-13,1253.37,2088.75,22.0,96.2,19.0,79.3,1.0,4.0,0.1936490592373445,3.0,4.0,3.4354874664013337,2.708012801545321,1,0,42,0,0,701,0.0
2025-10-15,SKU-0003,1.0,2088.75,2088.75,0,False,False,False,42,10,Autumn,0,,Small Appliances,Air Purifiers,2023-11-13,1253.37,2088.75,22.0,96.2,19.0,79.3,3.0,3.0,0.0,4.0,3.857142857142857,3.4354874664013337,2.73426232761059,2,0,42,0,0,702,0.0
2025-10-16,SKU-0003,5.0,10443.75,2088.75,0,False,False,False,42,10,Autumn,0,,Small Appliances,Air Purifiers,2023-11-13,1253.37,2088.75,22.0,96.2,19.0,79.3,1.0,8.0,0.0,4.0,3.5714285714285716,3.3283446092584765,2.9358214555806392,3,0,42,0,0,703,0.0
2025-10-17,SKU-0003,5.0,10443.75,2088.75,0,False,False,False,42,10,Autumn,0,,Small Appliances,Air Purifiers,2023-11-13,1253.37,2088.75,22.0,96.2,19.0,79.3,5.0,7.0,0.0,5.0,3.142857142857143,3.364058894972762,2.3401261667248794,4,0,42,0,0,704,0.0
2025-10-18,SKU-0003,7.0,14621.25,2088.75,0,False,False,False,42,10,Autumn,0,,Small Appliances,Air Purifiers,2023-11-13,1253.37,2088.75,22.0,96.2,19.0,79.3,5.0,1.0,6.0,4.0,2.857142857142857,3.364058894972762,1.864454471471609,5,1,42,0,0,705,0.0
2025-10-19,SKU-0003,6.0,12532.5,2088.75,0,False,False,False,42,10,Autumn,0,,Small Appliances,Air Purifiers,2023-11-13,1253.37,2088.75,22.0,96.2,19.0,79.3,7.0,4.0,3.0,1.0,3.7142857142857144,3.4712017521156193,2.2146697055682836,6,1,42,0,0,706,0.0
2025-10-20,SKU-0003,4.0,8355.0,2088.75,0,False,False,False,43,10,Autumn,0,,Small Appliances,Air Purifiers,2023-11-13,1253.37,2088.75,48.0,39.2,19.0,79.3,6.0,1.0,2.0,4.0,4.0,3.649773180687048,2.3804761428476175,0,0,43,0,0,707,0.0
2025-10-21,SKU-0003,3.0,6266.25,2088.75,0,False,False,False,43,10,Autumn,0,,Small Appliances,Air Purifiers,2023-11-13,1253.37,2088.75,48.0,39.2,19.0,79.3,4.0,3.0,4.0,5.0,4.428571428571429,3.649773180687048,1.9880595947760114,1,0,43,0,0,708,0.0
2025-10-22,SKU-0003,3.0,6266.25,2088.75,0,False,False,False,43,10,Autumn,0,,Small Appliances,Air Purifiers,2023-11-13,1253.37,2088.75,48.0,39.2,19.0,79.3,3.0,1.0,3.0,5.0,4.428571428571429,3.5783446092584765,1.9880595947760114,2,0,43,0,0,709,0.0
2025-10-23,SKU-0003,6.0,12532.5,2088.75,0,False,False,False,43,10,Autumn,0,,Small Appliances,Air Purifiers,2023-11-13,1253.37,2088.75,48.0,39.2,19.0,79.3,3.0,5.0,8.0,4.0,4.714285714285714,3.5069160378299054,1.4960264830861936,3,0,43,0,0,710,0.0
2025-10-24,SKU-0003,4.0,8355.0,2088.75,0,False,False,False,43,10,Autumn,0,,Small Appliances,Air Purifiers,2023-11-13,1253.37,2088.75,48.0,39.2,19.0,79.3,6.0,5.0,7.0,7.0,4.857142857142857,3.5783446092584765,1.5735915849388886,4,0,43,0,0,711,0.0
2025-10-25,SKU-0003,6.0,12532.5,2088.75,0,False,False,False,43,10,Autumn,0,,Small Appliances,Air Purifiers,2023-11-13,1253.37,2088.75,48.0,39.2,19.0,79.3,4.0,7.0,1.0,5.0,4.714285714285714,3.4712017521156193,1.6035674514745484,5,1,43,0,0,712,0.0
2025-10-26,SKU-0003,6.0,12532.5,2088.75,0,False,False,False,43,10,Autumn,0,,Small Appliances,Air Purifiers,2023-11-13,1253.37,2088.75,48.0,39.2,19.0,79.3,6.0,6.0,4.0,3.0,4.571428571428571,3.5069160378299054,1.397276262011546,6,1,43,0,0,713,0.0
2025-10-27,SKU-0003,2.0,4177.5,2088.75,0,False,False,False,44,10,Autumn,0,,Small Appliances,Air Purifiers,2023-11-13,1253.37,2088.75,18.0,100.2,19.0,79.3,6.0,4.0,1.0,3.0,4.571428571428571,3.614058894972762,1.397276262011546,0,0,44,0,0,714,0.0
2025-10-28,SKU-0003,2.0,4177.5,2088.75,0,False,False,False,44,10,Autumn,0,,Small Appliances,Air Purifiers,2023-11-13,1253.37,2088.75,18.0,100.2,19.0,79.3,2.0,3.0,3.0,0.1936490592373445,4.285714285714286,3.5783446092584765,1.7043362064926946,1,0,44,0,0,715,0.0
2025-10-29,SKU-0003,5.0,10443.75,2088.75,0,False,False,False,44,10,Autumn,0,,Small Appliances,Air Purifiers,2023-11-13,1253.37,2088.75,18.0,100.2,19.0,79.3,2.0,3.0,1.0,0.0,4.142857142857143,3.642857142857143,1.8644544714716096,2,0,44,0,0,716,0.0
2025-10-30,SKU-0003,4.0,8355.0,2088.75,0,False,False,False,44,10,Autumn,0,,Small Appliances,Air Purifiers,2023-11-13,1253.37,2088.75,18.0,100.2,19.0,79.3,5.0,6.0,5.0,0.0,4.428571428571429,3.8214285714285716,1.812653934349933,3,0,44,0,0,717,0.0
2025-10-31,SKU-0003,4.0,8355.0,2088.75,0,False,False,False,44,10,Autumn,0,,Small Appliances,Air Purifiers,2023-11-13,1253.37,2088.75,18.0,100.2,19.0,79.3,4.0,4.0,5.0,0.0,4.142857142857143,3.9642857142857144,1.6761634196950523,4,0,44,0,0,718,0.0
2025-11-01,SKU-0003,3.0,6266.25,2088.75,0,False,False,False,44,11,Autumn,0,,Small Appliances,Air Purifiers,2023-11-13,1253.37,2088.75,18.0,100.2,19.0,79.3,4.0,6.0,7.0,6.0,4.142857142857143,4.107142857142857,1.6761634196950523,5,1,44,0,0,719,0.0
2025-11-02,SKU-0003,3.0,6266.25,2088.75,0,False,False,False,44,11,Autumn,0,,Small Appliances,Air Purifiers,2023-11-13,1253.37,2088.75,18.0,100.2,19.0,79.3,3.0,6.0,6.0,3.0,3.7142857142857144,4.0,1.4960264830861911,6,1,44,0,0,720,0.0
2025-11-03,SKU-0003,1.0,2088.75,2088.75,0,False,False,False,45,11,Autumn,0,,Small Appliances,Air Purifiers,2023-11-13,1253.37,2088.75,35.2,61.0,19.0,79.3,3.0,2.0,4.0,2.0,3.2857142857142856,4.0,1.112697280528372,0,0,45,0,0,721,0.0
2025-11-04,SKU-0003,6.0,12532.5,2088.75,0,False,False,False,45,11,Autumn,0,,Small Appliances,Air Purifiers,2023-11-13,1253.37,2088.75,35.2,61.0,19.0,79.3,1.0,2.0,3.0,4.0,3.142857142857143,3.9642857142857144,1.3451854182690968,1,0,45,0,0,722,0.0
2025-11-05,SKU-0003,1.0,2088.75,2088.75,0,False,False,False,45,11,Autumn,0,,Small Appliances,Air Purifiers,2023-11-13,1253.37,2088.75,35.2,61.0,19.0,79.3,6.0,5.0,3.0,3.0,3.7142857142857144,4.035714285714286,1.6035674514745462,2,0,45,0,0,723,0.0
2025-11-06,SKU-0003,3.0,6266.25,2088.75,0,False,False,False,45,11,Autumn,0,,Small Appliances,Air Purifiers,2023-11-13,1253.37,2088.75,35.2,61.0,19.0,79.3,1.0,4.0,6.0,8.0,3.142857142857143,3.9642857142857144,1.7728105208558351,3,0,45,0,0,724,0.0
2025-11-07,SKU-0003,5.0,10443.75,2088.75,0,False,False,False,45,11,Autumn,0,,Small Appliances,Air Purifiers,2023-11-13,1253.37,2088.75,35.2,61.0,19.0,79.3,3.0,4.0,4.0,7.0,3.0,3.7857142857142856,1.7320508075688754,4,0,45,0,0,725,0.0
2025-11-08,SKU-0003,4.0,8355.0,2088.75,0,False,False,False,45,11,Autumn,0,,Small Appliances,Air Purifiers,2023-11-13,1253.37,2088.75,35.2,61.0,19.0,79.3,5.0,3.0,6.0,1.0,3.142857142857143,3.7142857142857144,1.8644544714716074,5,1,45,0,0,726,0.0
2025-11-09,SKU-0003,7.0,14621.25,2088.75,0,False,False,False,45,11,Autumn,0,,Small Appliances,Air Purifiers,2023-11-13,1253.37,2088.75,35.2,61.0,19.0,79.3,4.0,3.0,6.0,4.0,3.2857142857142856,3.8214285714285716,1.8898223650461352,6,1,45,0,0,727,0.0
2025-11-10,SKU-0003,5.0,10443.75,2088.75,0,False,False,False,46,11,Autumn,0,,Small Appliances,Air Purifiers,2023-11-13,1253.37,2088.75,4.2,114.0,19.0,79.3,7.0,1.0,2.0,1.0,3.857142857142857,3.9285714285714284,2.3401261667248794,0,0,46,0,0,728,0.0
2025-11-11,SKU-0003,4.1936490592373445,8759.48,2088.75,0,False,False,False,46,11,Autumn,0,,Small Appliances,Air Purifiers,2023-11-13,1253.37,2088.75,4.2,114.0,19.0,79.3,5.0,6.0,2.0,3.0,4.428571428571429,4.071428571428571,1.9880595947760116,1,0,46,0,0,729,0.0
2025-11-12,SKU-0003,0.0,0.0,2088.75,0,False,False,False,46,11,Autumn,0,,Small Appliances,Air Purifiers,2023-11-13,1253.37,2088.75,4.2,114.0,19.0,79.3,4.1936490592373445,1.0,5.0,1.0,4.170521294176764,4.114058894972763,1.863417889067001,2,0,46,0,0,730,0.0
2025-11-13,SKU-0003,0.0,0.0,2088.75,0,False,False,False,46,11,Autumn,0,,Small Appliances,Air Purifiers,2023-11-13,1253.37,2088.75,4.2,114.0,19.0,79.3,0.0,3.0,4.0,5.0,4.0276641513196205,4.078344609258477,2.1614864800743754,3,0,46,0,0,731,0.0
2025-11-14,SKU-0003,0.0,0.0,2088.75,0,False,False,False,46,11,Autumn,0,,Small Appliances,Air Purifiers,2023-11-13,1253.37,2088.75,4.2,114.0,19.0,79.3,0.0,5.0,4.0,5.0,3.599092722748192,3.899773180687048,2.6429911540862587,4,0,46,0,0,732,0.0
2025-11-15,SKU-0003,6.0,10276.65,1712.77,1,False,False,False,46,11,Autumn,0,Diwali Sale,Small Appliances,Air Purifiers,2023-11-13,1253.37,2088.75,4.2,114.0,19.0,79.3,0.0,4.0,3.0,7.0,2.8848070084624777,3.7212017521156193,2.867400451614743,5,1,46,1,1,733,0.180002393776182
2025-11-16,SKU-0003,11.0,18840.52,1712.77,1,False,False,False,46,11,Autumn,0,Diwali Sale,Small Appliances,Air Purifiers,2023-11-13,1253.37,2088.75,4.2,114.0,19.0,79.3,6.0,7.0,3.0,6.0,3.1705212941767633,3.6854874664013337,3.088183271068502,6,1,46,1,1,734,0.180002393776182
2025-11-17,SKU-0003,8.0,13702.2,1712.77,1,False,False,False,47,11,Autumn,0,Diwali Sale,Small Appliances,Air Purifiers,2023-11-13,1253.37,2088.75,36.0,53.0,19.0,79.3,11.0,5.0,1.0,4.0,3.741949865605335,3.864058894972762,4.114433352138051,0,0,47,1,1,735,0.180002393776182
2025-11-18,SKU-0003,6.0,10276.65,1712.77,1,False,False,False,47,11,Autumn,0,Diwali Sale,Small Appliances,Air Purifiers,2023-11-13,1253.37,2088.75,36.0,53.0,19.0,79.3,8.0,4.1936490592373445,6.0,3.0,4.170521294176764,4.006916037829905,4.412745883154265,1,0,47,1,1,736,0.180002393776182
2025-11-19,SKU-0003,18.0,30829.95,1712.77,1,False,False,False,47,11,Autumn,0,Diwali Sale,Small Appliances,Air Purifiers,2023-11-13,1253.37,2088.75,36.0,53.0,19.0,79.3,6.0,0.0,1.0,3.0,4.428571428571429,4.114058894972763,4.466808810815722,2,0,47,1,1,737,0.180002393776182
2025-11-20,SKU-0003,8.0,13702.2,1712.77,1,False,False,False,47,11,Autumn,0,Diwali Sale,Small Appliances,Air Purifiers,2023-11-13,1253.37,2088.75,36.0,53.0,19.0,79.3,18.0,0.0,3.0,6.0,7.0,4.649773180687048,6.2981478758970635,3,0,47,1,1,738,0.180002393776182
2025-11-21,SKU-0003,4.0,6851.1,1712.77,1,False,False,False,47,11,Autumn,0,Diwali Sale,Small Appliances,Air Purifiers,2023-11-13,1253.37,2088.75,36.0,53.0,19.0,79.3,8.0,0.0,5.0,4.0,8.142857142857142,4.721201752115619,5.490251100164471,4,0,47,1,1,739,0.180002393776182
2025-11-22,SKU-0003,0.0,0.0,1712.77,1,False,False,False,47,11,Autumn,0,Diwali Sale,Small Appliances,Air Purifiers,2023-11-13,1253.37,2088.75,36.0,53.0,19.0,79.3,4.0,6.0,4.0,6.0,8.714285714285714,4.721201752115619,4.644505202002536,5,1,47,1,1,740,0.180002393776182
2025-11-23,SKU-0003,0.0,0.0,1712.77,1,False,False,False,47,11,Autumn,0,Diwali Sale,Small Appliances,Air Purifiers,2023-11-13,1253.37,2088.75,36.0,53.0,19.0,79.3,0.0,11.0,7.0,6.0,7.857142857142857,4.506916037829905,5.669467095138411,6,1,47,1,1,741,0.180002393776182
2025-11-24,SKU-0003,0.0,0.0,1712.77,1,False,False,False,48,11,Autumn,0,Diwali Sale,Small Appliances,Air Purifiers,2023-11-13,1253.37,2088.75,0.0,118.2,19.0,79.3,0.0,8.0,5.0,2.0,6.285714285714286,4.2926303235441905,6.15668432719771,0,0,48,1,1,742,0.180002393776182
2025-11-25,SKU-0003,0.0,0.0,1712.77,1,False,False,False,48,11,Autumn,0,Diwali Sale,Small Appliances,Air Purifiers,2023-11-13,1253.37,2088.75,0.0,118.2,19.0,79.3,0.0,6.0,4.1936490592373445,2.0,5.142857142857143,4.221201752115619,6.51737604225738,1,0,48,1,1,743,0.180002393776182
2025-11-26,SKU-0003,0.0,0.0,1712.77,1,False,False,False,48,11,Autumn,0,Diwali Sale,Small Appliances,Air Purifiers,2023-11-13,1253.37,2088.75,0.0,118.2,19.0,79.3,0.0,18.0,0.0,5.0,4.285714285714286,4.149773180687048,6.775305299745679,2,0,48,1,1,744,0.180002393776182
2025-11-27,SKU-0003,0.0,0.0,1712.77,1,False,False,False,48,11,Autumn,0,Diwali Sale,Small Appliances,Air Purifiers,2023-11-13,1253.37,2088.75,0.0,118.2,19.0,79.3,0.0,8.0,0.0,4.0,1.7142857142857142,3.9712017521156193,3.1471831698777644,3,0,48,1,1,745,0.180002393776182
2025-11-28,SKU-0003,0.0,0.0,1712.77,1,False,False,False,48,11,Autumn,0,Diwali Sale,Small Appliances,Air Purifiers,2023-11-13,1253.37,2088.75,0.0,118.2,19.0,79.3,0.0,4.0,0.0,4.0,0.5714285714285714,3.8283446092584765,1.5118578920368861,4,0,48,1,1,746,0.180002393776182
2025-11-29,SKU-0003,18.0,30829.95,1712.77,1,False,False,False,48,11,Autumn,0,Diwali Sale,Small Appliances,Air Purifiers,2023-11-13,1253.37,2088.75,0.0,118.2,19.0,79.3,0.0,0.0,6.0,3.0,0.0,3.6854874664013337,0.0,5,1,48,1,1,747,0.180002393776182
2025-11-30,SKU-0003,5.0,8563.88,1712.77,1,False,False,False,48,11,Autumn,0,Diwali Sale,Small Appliances,Air Purifiers,2023-11-13,1253.37,2088.75,0.0,118.2,19.0,79.3,18.0,0.0,11.0,3.0,2.5714285714285716,4.221201752115619,6.80336051416609,6,1,48,1,1,748,0.180002393776182
2025-12-01,SKU-0003,5.0,10443.75,2088.75,0,False,False,False,49,12,Winter,0,,Small Appliances,Air Purifiers,2023-11-13,1253.37,2088.75,25.0,65.2,19.0,79.3,5.0,0.0,8.0,1.0,3.2857142857142856,4.2926303235441905,6.750661343263235,0,0,49,0,0,749,0.0
2025-12-02,SKU-0003,4.0,8355.0,2088.75,0,False,False,False,49,12,Winter,0,,Small Appliances,Air Purifiers,2023-11-13,1253.37,2088.75,25.0,65.2,19.0,79.3,5.0,0.0,6.0,6.0,4.0,4.435487466401334,6.608075867199671,1,0,49,0,0,750,0.0
2025-12-03,SKU-0003,7.0,14621.25,2088.75,0,False,False,False,49,12,Winter,0,,Small Appliances,Air Purifiers,2023-11-13,1253.37,2088.75,25.0,65.2,19.0,79.3,4.0,0.0,18.0,1.0,4.571428571428571,4.364058894972763,6.3733074317066825,2,0,49,0,0,751,0.0
2025-12-04,SKU-0003,8.0,16710.0,2088.75,0,False,False,False,49,12,Winter,0,,Small Appliances,Air Purifiers,2023-11-13,1253.37,2088.75,25.0,65.2,19.0,79.3,7.0,0.0,8.0,3.0,5.571428571428571,4.578344609258477,6.078847008469695,3,0,49,0,0,752,0.0
2025-12-05,SKU-0003,6.0,12532.5,2088.75,0,False,False,False,49,12,Winter,0,,Small Appliances,Air Purifiers,2023-11-13,1253.37,2088.75,25.0,65.2,19.0,79.3,8.0,0.0,4.0,5.0,6.714285714285714,4.756916037829905,5.589105048046176,4,0,49,0,0,753,0.0
2025-12-06,SKU-0003,0.0,0.0,2088.75,0,False,False,False,49,12,Winter,0,,Small Appliances,Air Purifiers,2023-11-13,1253.37,2088.75,25.0,65.2,19.0,79.3,6.0,18.0,0.0,4.0,7.571428571428571,4.7926303235441905,4.790864322059325,5,1,49,0,0,754,0.0
2025-12-07,SKU-0003,0.0,0.0,2088.75,0,False,False,False,49,12,Winter,0,,Small Appliances,Air Purifiers,2023-11-13,1253.37,2088.75,25.0,65.2,19.0,79.3,0.0,5.0,0.0,7.0,5.0,4.649773180687048,2.5819888974716134,6,1,49,0,0,755,0.0
2025-12-08,SKU-0003,0.0,0.0,2088.75,0,False,False,False,50,12,Winter,0,,Small Appliances,Air Purifiers,2023-11-13,1253.37,2088.75,0.0,118.2,19.0,79.3,0.0,5.0,0.0,5.0,4.285714285714286,4.399773180687048,3.199702367110924,0,0,50,0,0,756,0.0
2025-12-09,SKU-0003,0.0,0.0,2088.75,0,False,False,False,50,12,Winter,0,,Small Appliances,Air Purifiers,2023-11-13,1253.37,2088.75,0.0,118.2,19.0,79.3,0.0,4.0,0.0,4.1936490592373445,3.5714285714285716,4.221201752115619,3.5523298860111,1,0,50,0,0,757,0.0
2025-12-10,SKU-0003,0.0,0.0,2088.75,0,False,False,False,50,12,Winter,0,,Small Appliances,Air Purifiers,2023-11-13,1253.37,2088.75,0.0,118.2,19.0,79.3,0.0,7.0,0.0,0.0,3.0,4.071428571428571,3.7859388972001846,2,0,50,0,0,758,0.0
2025-12-11,SKU-0003,0.0,0.0,2088.75,0,False,False,False,50,12,Winter,0,,Small Appliances,Air Purifiers,2023-11-13,1253.37,2088.75,0.0,118.2,19.0,79.3,0.0,8.0,0.0,0.0,2.0,4.071428571428571,3.4641016151377575,3,0,50,0,0,759,0.0
2025-12-12,SKU-0003,0.0,0.0,2088.75,0,False,False,False,50,12,Winter,0,,Small Appliances,Air Purifiers,2023-11-13,1253.37,2088.75,0.0,118.2,19.0,79.3,0.0,6.0,0.0,0.0,0.8571428571428571,4.071428571428571,2.2677868380553687,4,0,50,0,0,760,0.0
2025-12-13,SKU-0003,8.0,16710.0,2088.75,0,False,False,False,50,12,Winter,0,,Small Appliances,Air Purifiers,2023-11-13,1253.37,2088.75,0.0,118.2,19.0,79.3,0.0,0.0,18.0,6.0,0.0,4.071428571428571,0.0,5,1,50,0,0,761,0.0
2025-12-14,SKU-0003,7.0,14621.25,2088.75,0,False,False,False,50,12,Winter,0,,Small Appliances,Air Purifiers,2023-11-13,1253.37,2088.75,0.0,118.2,19.0,79.3,8.0,0.0,5.0,11.0,1.1428571428571428,4.142857142857143,3.023715784073818,6,1,50,0,0,762,0.0
2025-12-15,SKU-0003,6.0,12532.5,2088.75,0,False,False,False,51,12,Winter,0,,Small Appliances,Air Purifiers,2023-11-13,1253.37,2088.75,44.2,53.0,19.0,79.3,7.0,0.0,5.0,8.0,2.142857142857143,4.0,3.670993118515816,0,0,51,0,0,763,0.0
2025-12-16,SKU-0003,6.0,12532.5,2088.75,0,False,False,False,51,12,Winter,0,,Small Appliances,Air Purifiers,2023-11-13,1253.37,2088.75,44.2,53.0,19.0,79.3,6.0,0.0,4.0,6.0,3.0,3.9285714285714284,3.7859388972001824,1,0,51,0,0,764,0.0
2025-12-17,SKU-0003,8.0,16710.0,2088.75,0,False,False,False,51,12,Winter,0,,Small Appliances,Air Purifiers,2023-11-13,1253.37,2088.75,44.2,53.0,19.0,79.3,6.0,0.0,7.0,18.0,3.857142857142857,3.9285714285714284,3.670993118515816,2,0,51,0,0,765,0.0
2025-12-18,SKU-0003,5.0,10443.75,2088.75,0,False,False,False,51,12,Winter,0,,Small Appliances,Air Purifiers,2023-11-13,1253.37,2088.75,44.2,53.0,19.0,79.3,8.0,0.0,8.0,8.0,5.0,3.5714285714285716,3.5118845842842465,3,0,51,0,0,766,0.0
2025-12-19,SKU-0003,8.0,16710.0,2088.75,0,False,False,False,51,12,Winter,0,,Small Appliances,Air Purifiers,2023-11-13,1253.37,2088.75,44.2,53.0,19.0,79.3,5.0,0.0,6.0,4.0,5.714285714285714,3.4642857142857144,2.751622897751175,4,0,51,0,0,767,0.0
2025-12-20,SKU-0003,8.0,13702.2,1712.77,1,False,False,False,51,12,Winter,0,Year End Clearance,Small Appliances,Air Purifiers,2023-11-13,1253.37,2088.75,44.2,53.0,19.0,79.3,8.0,8.0,0.0,0.0,6.857142857142857,3.607142857142857,1.2149857925879117,5,1,51,1,1,768,0.180002393776182
2025-12-21,SKU-0003,6.0,10276.65,1712.77,1,False,False,False,51,12,Winter,0,Year End Clearance,Small Appliances,Air Purifiers,2023-11-13,1253.37,2088.75,44.2,53.0,19.0,79.3,8.0,7.0,0.0,0.0,6.857142857142857,3.892857142857143,1.2149857925879117,6,1,51,1,1,769,0.180002393776182
2025-12-22,SKU-0003,3.1936490592373445,5470.0,1712.77,1,False,False,False,52,12,Winter,0,Year End Clearance,Small Appliances,Air Purifiers,2023-11-13,1253.37,2088.75,0.0,118.2,19.0,79.3,6.0,6.0,0.0,0.0,6.714285714285714,4.107142857142857,1.2535663410560176,0,0,52,1,1,770,0.180002393776182
2025-12-23,SKU-0003,0.0,0.0,1712.77,1,False,False,False,52,12,Winter,0,Year End Clearance,Small Appliances,Air Purifiers,2023-11-13,1253.37,2088.75,0.0,118.2,19.0,79.3,3.1936490592373445,6.0,0.0,0.0,6.313378437033906,4.221201752115619,1.8343101922854974,1,0,52,1,1,771,0.180002393776182
2025-12-24,SKU-0003,0.0,0.0,1712.77,1,False,False,False,52,12,Winter,0,Year End Clearance,Small Appliances,Air Purifiers,2023-11-13,1253.37,2088.75,0.0,118.2,19.0,79.3,0.0,8.0,0.0,0.0,5.456235579891049,4.221201752115619,3.022301755028345,2,0,52,1,1,772,0.180002393776182
2025-12-25,SKU-0003,0.0,0.0,1712.77,1,False,False,False,52,12,Winter,1,Year End Clearance,Small Appliances,Air Purifiers,2023-11-13,1253.37,2088.75,0.0,118.2,19.0,79.3,0.0,5.0,0.0,0.0,4.313378437033906,4.221201752115619,3.3902497333304744,3,0,52,1,1,773,0.180002393776182
2025-12-26,SKU-0003,0.0,0.0,1712.77,1,False,False,False,52,12,Winter,0,Year End Clearance,Small Appliances,Air Purifiers,2023-11-13,1253.37,2088.75,0.0,118.2,19.0,79.3,0.0,8.0,0.0,0.0,3.599092722748192,4.221201752115619,3.731065873737124,4,0,52,1,1,774,0.180002393776182
2025-12-27,SKU-0003,13.0,22266.07,1712.77,1,False,False,False,52,12,Winter,0,Year End Clearance,Small Appliances,Air Purifiers,2023-11-13,1253.37,2088.75,0.0,118.2,19.0,79.3,0.0,8.0,8.0,18.0,2.4562355798910493,4.221201752115619,3.36570304062684,5,1,52,1,1,775,0.180002393776182
2025-12-28,SKU-0003,10.0,17127.75,1712.77,1,False,False,False,52,12,Winter,0,Year End Clearance,Small Appliances,Air Purifiers,2023-11-13,1253.37,2088.75,0.0,118.2,19.0,79.3,13.0,6.0,7.0,5.0,3.1705212941767633,4.0426303235441905,4.913144908911357,6,1,52,1,1,776,0.180002393776182
2025-12-29,SKU-0003,7.0,11989.42,1712.77,1,False,False,False,1,12,Winter,0,Year End Clearance,Small Appliances,Air Purifiers,2023-11-13,1253.37,2088.75,23.0,65.2,19.0,79.3,10.0,3.1936490592373445,6.0,5.0,3.741949865605335,4.221201752115619,5.495211138446534,0,0,1,1,1,777,0.180002393776182
2025-12-30,SKU-0003,8.0,13702.2,1712.77,1,False,False,False,1,12,Winter,0,Year End Clearance,Small Appliances,Air Purifiers,2023-11-13,1253.37,2088.75,23.0,65.2,19.0,79.3,7.0,0.0,6.0,4.0,4.285714285714286,4.2926303235441905,5.618845839799182,1,0,1,1,1,778,0.180002393776182
2025-12-31,SKU-0003,14.0,23978.85,1712.77,1,False,False,False,1,12,Winter,0,Year End Clearance,Small Appliances,Air Purifiers,2023-11-13,1253.37,2088.75,23.0,65.2,19.0,79.3,8.0,0.0,8.0,7.0,5.428571428571429,4.435487466401334,5.411627692821661,2,0,1,1,1,779,0.180002393776182
2026-01-01,SKU-0003,1.0,2088.75,2088.75,0,False,False,False,1,1,Winter,1,,Small Appliances,Air Purifiers,2023-11-13,1253.37,2088.75,23.0,65.2,19.0,79.3,14.0,0.0,5.0,8.0,7.428571428571429,4.685487466401334,5.652643713553947,3,0,1,0,0,780,0.0
2026-01-02,SKU-0003,0.0,0.0,2088.75,0,False,False,False,1,1,Winter,0,,Small Appliances,Air Purifiers,2023-11-13,1253.37,2088.75,23.0,65.2,19.0,79.3,1.0,0.0,8.0,6.0,7.571428571428571,4.435487466401334,5.442338432975997,4,0,1,0,0,781,0.0
2026-01-03,SKU-0003,0.0,0.0,2088.75,0,False,False,False,1,1,Winter,0,,Small Appliances,Air Purifiers,2023-11-13,1253.37,2088.75,23.0,65.2,19.0,79.3,0.0,13.0,8.0,0.0,7.571428571428571,4.221201752115619,5.442338432975997,5,1,1,0,0,782,0.0
2026-01-04,SKU-0003,0.0,0.0,2088.75,0,False,False,False,1,1,Winter,0,,Small Appliances,Air Purifiers,2023-11-13,1253.37,2088.75,23.0,65.2,19.0,79.3,0.0,10.0,6.0,0.0,5.714285714285714,4.221201752115619,5.498917642417938,6,1,1,0,0,783,0.0
2026-01-05,SKU-0003,0.0,0.0,2088.75,0,False,False,True,2,1,Winter,0,,Small Appliances,Air Purifiers,2023-11-13,1253.37,2088.75,0.0,118.2,19.0,79.3,0.0,7.0,3.1936490592373445,0.0,4.285714285714286,4.221201752115619,5.498917642417939,0,0,2,0,0,784,0.0
2026-01-06,SKU-0003,0.0,0.0,2088.75,0,False,False,False,2,1,Winter,0,,Small Appliances,Air Purifiers,2023-11-13,1253.37,2088.75,0.0,118.2,19.0,79.3,0.0,8.0,0.0,0.0,3.2857142857142856,4.221201752115619,5.559205150447493,1,0,2,0,0,785,0.0
2026-01-07,SKU-0003,0.0,0.0,2088.75,0,False,False,False,2,1,Winter,0,,Small Appliances,Air Purifiers,2023-11-13,1253.37,2088.75,0.0,118.2,19.0,79.3,0.0,14.0,0.0,0.0,2.142857142857143,4.221201752115619,5.241773600241669,2,0,2,0,0,786,0.0
2026-01-08,SKU-0003,0.0,0.0,2088.75,0,False,False,False,2,1,Winter,0,,Small Appliances,Air Purifiers,2023-11-13,1253.37,2088.75,0.0,118.2,19.0,79.3,0.0,1.0,0.0,0.0,0.14285714285714285,4.221201752115619,0.37796447300927327,3,0,2,0,0,787,0.0
2026-01-09,SKU-0003,0.0,0.0,2088.75,0,False,False,False,2,1,Winter,0,,Small Appliances,Air Purifiers,2023-11-13,1253.37,2088.75,0.0,118.2,19.0,79.3,0.0,0.0,0.0,0.0,0.0,4.221201752115619,1.8804415261930172e-07,4,0,2,0,0,788,0.0
2026-01-10,SKU-0003,12.0,25065.0,2088.75,0,False,False,False,2,1,Winter,0,,Small Appliances,Air Purifiers,2023-11-13,1253.37,2088.75,0.0,118.2,19.0,79.3,0.0,0.0,13.0,8.0,0.0,4.221201752115619,1.8804415261930172e-07,5,1,2,0,0,789,0.0
2026-01-11,SKU-0003,10.0,20887.5,2088.75,0,False,False,False,2,1,Winter,0,,Small Appliances,Air Purifiers,2023-11-13,1253.37,2088.75,0.0,118.2,19.0,79.3,12.0,0.0,10.0,7.0,1.7142857142857142,4.364058894972763,4.53557367611073,6,1,2,0,0,790,0.0
2026-01-12,SKU-0003,6.0,12532.5,2088.75,0,False,False,False,3,1,Winter,0,,Small Appliances,Air Purifiers,2023-11-13,1253.37,2088.75,37.2,53.0,19.0,79.3,10.0,0.0,7.0,6.0,3.142857142857143,4.471201752115619,5.398412465054626,0,0,3,0,0,791,0.0
2026-01-13,SKU-0003,3.0,6266.25,2088.75,0,False,False,False,3,1,Winter,0,,Small Appliances,Air Purifiers,2023-11-13,1253.37,2088.75,37.2,53.0,19.0,79.3,6.0,0.0,8.0,6.0,4.0,4.471201752115619,5.291502622129183,1,0,3,0,0,792,0.0
2026-01-14,SKU-0003,8.0,16710.0,2088.75,0,False,False,False,3,1,Winter,0,,Small Appliances,Air Purifiers,2023-11-13,1253.37,2088.75,37.2,53.0,19.0,79.3,3.0,0.0,14.0,8.0,4.428571428571429,4.364058894972763,5.028490259085157,2,0,3,0,0,793,0.0
2026-01-15,SKU-0003,5.0,10443.75,2088.75,0,False,False,False,3,1,Winter,0,,Small Appliances,Air Purifiers,2023-11-13,1253.37,2088.75,37.2,53.0,19.0,79.3,8.0,0.0,1.0,5.0,5.571428571428571,4.364058894972763,4.75594865605671,3,0,3,0,0,794,0.0
2026-01-16,SKU-0003,6.0,12532.5,2088.75,0,False,False,False,3,1,Winter,0,,Small Appliances,Air Purifiers,2023-11-13,1253.37,2088.75,37.2,53.0,19.0,79.3,5.0,0.0,0.0,8.0,6.285714285714286,4.364058894972763,4.111540089159038,4,0,3,0,0,795,0.0
2026-01-17,SKU-0003,12.0,25065.0,2088.75,0,False,False,False,3,1,Winter,0,,Small Appliances,Air Purifiers,2023-11-13,1253.37,2088.75,37.2,53.0,19.0,79.3,6.0,12.0,0.0,8.0,7.142857142857143,4.2926303235441905,3.078342163598855,5,1,3,0,0,796,0.0
2026-01-18,SKU-0003,3.1936490592373445,6670.73,2088.75,0,False,False,False,3,1,Winter,0,,Small Appliances,Air Purifiers,2023-11-13,1253.37,2088.75,37.2,53.0,19.0,79.3,12.0,10.0,0.0,6.0,7.142857142857143,4.435487466401334,3.078342163598855,6,1,3,0,0,797,0.0
2026-01-19,SKU-0003,0.0,0.0,2088.75,0,False,False,False,4,1,Winter,0,,Small Appliances,Air Purifiers,2023-11-13,1253.37,2088.75,0.0,53.0,19.0,79.3,3.1936490592373445,6.0,0.0,3.1936490592373445,6.170521294176764,4.335260647088382,3.1003242577819035,0,0,4,0,0,798,0.0
2026-01-20,SKU-0003,0.0,0.0,2088.75,0,False,False,False,4,1,Winter,0,,Small Appliances,Air Purifiers,2023-11-13,1253.37,2088.75,0.0,53.0,19.0,79.3,0.0,3.0,0.0,0.0,5.313378437033906,4.221201752115619,3.885345574669206,1,0,4,0,0,799,0.0
2026-01-21,SKU-0003,0.0,0.0,2088.75,0,False,False,False,4,1,Winter,0,,Small Appliances,Air Purifiers,2023-11-13,1253.37,2088.75,0.0,53.0,19.0,79.3,0.0,8.0,0.0,0.0,4.884807008462478,4.221201752115619,4.323771843812966,2,0,4,0,0,800,0.0
2026-01-22,SKU-0003,0.0,0.0,2088.75,0,False,False,False,4,1,Winter,0,,Small Appliances,Air Purifiers,2023-11-13,1253.37,2088.75,0.0,53.0,19.0,79.3,0.0,5.0,0.0,0.0,3.741949865605335,4.221201752115619,4.4193527568457585,3,0,4,0,0,801,0.0
2026-01-23,SKU-0003,0.0,0.0,2088.75,0,False,False,False,4,1,Winter,0,,Small Appliances,Air Purifiers,2023-11-13,1253.37,2088.75,0.0,53.0,19.0,79.3,0.0,6.0,0.0,0.0,3.0276641513196205,4.221201752115619,4.583160169236688,4,0,4,0,0,802,0.0
2026-01-24,SKU-0003,8.0,16710.0,2088.75,0,False,False,False,4,1,Winter,0,,Small Appliances,Air Purifiers,2023-11-13,1253.37,2088.75,0.0,53.0,19.0,79.3,0.0,12.0,12.0,13.0,2.1705212941767633,4.221201752115619,4.494835100687683,5,1,4,0,0,803,0.0
2026-01-25,SKU-0003,7.0,14621.25,2088.75,0,False,False,False,4,1,Winter,0,,Small Appliances,Air Purifiers,2023-11-13,1253.37,2088.75,0.0,53.0,19.0,79.3,8.0,3.1936490592373445,10.0,10.0,1.5990927227481921,4.0426303235441905,3.0632148570291355,6,1,4,0,0,804,0.0
2026-01-26,SKU-0003,6.0,12532.5,2088.75,0,False,False,False,5,1,Winter,1,,Small Appliances,Air Purifiers,2023-11-13,1253.37,2088.75,32.0,0.0,19.0,79.3,7.0,0.0,6.0,7.0,2.142857142857143,3.9354874664013337,3.67099311851582,0,0,5,0,0,805,0.0
2026-01-27,SKU-0003,1.0,2088.75,2088.75,0,False,False,False,5,1,Winter,0,,Small Appliances,Air Purifiers,2023-11-13,1253.37,2088.75,32.0,0.0,19.0,79.3,6.0,0.0,3.0,8.0,3.0,3.899773180687048,3.785938897200186,1,0,5,0,0,806,0.0
2026-01-28,SKU-0003,12.0,25065.0,2088.75,0,False,False,False,5,1,Winter,0,,Small Appliances,Air Purifiers,2023-11-13,1253.37,2088.75,32.0,0.0,19.0,79.3,1.0,0.0,8.0,14.0,3.142857142857143,3.649773180687048,3.6709931185158196,2,0,5,0,0,807,0.0
2026-01-29,SKU-0003,6.0,12532.5,2088.75,0,False,False,False,5,1,Winter,0,,Small Appliances,Air Purifiers,2023-11-13,1253.37,2088.75,32.0,0.0,19.0,79.3,12.0,0.0,5.0,1.0,4.857142857142857,3.5783446092584765,4.634241089562615,3,0,5,0,0,808,0.0
2026-01-30,SKU-0003,13.0,27153.75,2088.75,0,False,False,False,5,1,Winter,0,,Small Appliances,Air Purifiers,2023-11-13,1253.37,2088.75,32.0,0.0,19.0,79.3,6.0,0.0,6.0,0.0,5.714285714285714,3.7569160378299054,4.111540089159039,4,0,5,0,0,809,0.0
2026-01-31,SKU-0003,0.0,0.0,2088.75,0,False,False,False,5,1,Winter,0,,Small Appliances,Air Purifiers,2023-11-13,1253.37,2088.75,32.0,0.0,19.0,79.3,13.0,8.0,12.0,0.0,7.571428571428571,4.221201752115619,4.035556254807296,5,1,5,0,0,810,0.0
2026-02-01,SKU-0003,0.0,0.0,2088.75,0,False,False,False,5,2,Winter,0,,Small Appliances,Air Purifiers,2023-11-13,1253.37,2088.75,32.0,0.0,19.0,79.3,0.0,7.0,3.1936490592373445,0.0,6.428571428571429,4.221201752115619,4.928053803045812,6,1,5,0,0,811,0.0
2026-02-02,SKU-0003,0.0,0.0,2088.75,0,False,False,False,6,2,Winter,0,,Small Appliances,Air Purifiers,2023-11-13,1253.37,2088.75,0.0,118.2,19.0,79.3,0.0,6.0,0.0,0.0,5.428571428571429,4.221201752115619,5.472876844254854,0,0,6,0,0,812,0.0
2026-02-03,SKU-0003,0.0,0.0,2088.75,0,False,False,False,6,2,Winter,0,,Small Appliances,Air Purifiers,2023-11-13,1253.37,2088.75,0.0,118.2,19.0,79.3,0.0,1.0,0.0,0.0,4.571428571428571,4.221201752115619,5.826867164470198,1,0,6,0,0,813,0.0
2026-02-04,SKU-0003,0.0,0.0,2088.75,0,False,False,False,6,2,Winter,0,,Small Appliances,Air Purifiers,2023-11-13,1253.37,2088.75,0.0,118.2,19.0,79.3,0.0,12.0,0.0,0.0,4.428571428571429,4.221201752115619,5.940177967511942,2,0,6,0,0,814,0.0
2026-02-05,SKU-0003,0.0,0.0,2088.75,0,False,False,False,6,2,Winter,0,,Small Appliances,Air Purifiers,2023-11-13,1253.37,2088.75,0.0,118.2,19.0,79.3,0.0,6.0,0.0,0.0,2.7142857142857144,4.221201752115619,5.056820005836533,3,0,6,0,0,815,0.0
2026-02-06,SKU-0003,0.0,0.0,2088.75,0,False,False,False,6,2,Winter,0,,Small Appliances,Air Purifiers,2023-11-13,1253.37,2088.75,0.0,118.2,19.0,79.3,0.0,13.0,0.0,0.0,1.8571428571428572,4.221201752115619,4.913538149119957,4,0,6,0,0,816,0.0
2026-02-07,SKU-0003,0.0,0.0,2088.75,0,False,False,True,6,2,Winter,0,,Small Appliances,Air Purifiers,2023-11-13,1253.37,2088.75,0.0,118.2,19.0,79.3,0.0,0.0,8.0,12.0,0.0,4.221201752115619,0.0,5,1,6,0,0,817,0.0
2026-02-08,SKU-0003,0.0,0.0,2088.75,0,False,False,False,6,2,Winter,0,,Small Appliances,Air Purifiers,2023-11-13,1253.37,2088.75,0.0,118.2,19.0,79.3,0.0,0.0,7.0,10.0,0.0,3.792630323544191,0.0,6,1,6,0,0,818,0.0
2026-02-09,SKU-0003,0.0,0.0,2088.75,0,False,False,False,7,2,Winter,0,,Small Appliances,Air Purifiers,2023-11-13,1253.37,2088.75,0.0,118.2,19.0,79.3,0.0,0.0,6.0,6.0,0.0,3.4354874664013337,0.0,0,0,7,0,0,819,0.0
2026-02-10,SKU-0003,0.0,0.0,2088.75,0,False,False,False,7,2,Winter,0,,Small Appliances,Air Purifiers,2023-11-13,1253.37,2088.75,0.0,118.2,19.0,79.3,0.0,0.0,1.0,3.0,0.0,3.2212017521156193,0.0,1,0,7,0,0,820,0.0
2026-02-11,SKU-0003,0.0,0.0,2088.75,0,False,False,False,7,2,Winter,0,,Small Appliances,Air Purifiers,2023-11-13,1253.37,2088.75,0.0,118.2,19.0,79.3,0.0,0.0,12.0,8.0,0.0,3.114058894972762,0.0,2,0,7,0,0,821,0.0
2026-02-12,SKU-0003,0.0,0.0,2088.75,0,False,False,False,7,2,Winter,0,,Small Appliances,Air Purifiers,2023-11-13,1253.37,2088.75,0.0,118.2,19.0,79.3,0.0,0.0,6.0,5.0,0.0,2.8283446092584765,0.0,3,0,7,0,0,822,0.0
2026-02-13,SKU-0003,0.0,0.0,2088.75,0,False,False,False,7,2,Winter,0,,Small Appliances,Air Purifiers,2023-11-13,1253.37,2088.75,0.0,118.2,19.0,79.3,0.0,0.0,13.0,6.0,0.0,2.649773180687048,0.0,4,0,7,0,0,823,0.0
2026-02-14,SKU-0003,0.0,0.0,2088.75,0,False,False,False,7,2,Winter,0,,Small Appliances,Air Purifiers,2023-11-13,1253.37,2088.75,0.0,118.2,19.0,79.3,0.0,0.0,0.0,12.0,0.0,2.4354874664013337,0.0,5,1,7,0,0,824,0.0
2026-02-15,SKU-0003,0.0,0.0,2088.75,0,False,False,False,7,2,Winter,0,,Small Appliances,Air Purifiers,2023-11-13,1253.37,2088.75,0.0,118.2,19.0,79.3,0.0,0.0,0.0,3.1936490592373445,0.0,2.0069160378299054,0.0,6,1,7,0,0,825,0.0
2026-02-16,SKU-0003,0.0,0.0,2088.75,0,False,False,False,8,2,Winter,0,,Small Appliances,Air Purifiers,2023-11-13,1253.37,2088.75,0.0,118.2,19.0,79.3,0.0,0.0,0.0,0.0,0.0,1.8928571428571428,0.0,0,0,8,0,0,826,0.0
2026-02-17,SKU-0003,0.0,0.0,2088.75,0,False,False,False,8,2,Winter,0,,Small Appliances,Air Purifiers,2023-11-13,1253.37,2088.75,0.0,118.2,19.0,79.3,0.0,0.0,0.0,0.0,0.0,1.8928571428571428,0.0,1,0,8,0,0,827,0.0
2026-02-18,SKU-0003,0.0,0.0,2088.75,0,False,False,False,8,2,Winter,0,,Small Appliances,Air Purifiers,2023-11-13,1253.37,2088.75,0.0,118.2,19.0,79.3,0.0,0.0,0.0,0.0,0.0,1.8928571428571428,0.0,2,0,8,0,0,828,0.0
2026-02-19,SKU-0003,0.0,0.0,2088.75,0,False,False,False,8,2,Winter,0,,Small Appliances,Air Purifiers,2023-11-13,1253.37,2088.75,0.0,118.2,19.0,79.3,0.0,0.0,0.0,0.0,0.0,1.8928571428571428,0.0,3,0,8,0,0,829,0.0
2026-02-20,SKU-0003,0.0,0.0,2088.75,0,False,False,False,8,2,Winter,0,,Small Appliances,Air Purifiers,2023-11-13,1253.37,2088.75,0.0,118.2,19.0,79.3,0.0,0.0,0.0,0.0,0.0,1.8928571428571428,0.0,4,0,8,0,0,830,0.0
2026-02-21,SKU-0003,2.0,4177.5,2088.75,0,False,False,False,8,2,Winter,0,,Small Appliances,Air Purifiers,2023-11-13,1253.37,2088.75,0.0,118.2,19.0,79.3,0.0,0.0,0.0,8.0,0.0,1.8928571428571428,0.0,5,1,8,0,0,831,0.0
2026-02-22,SKU-0003,10.0,20887.5,2088.75,0,False,False,False,8,2,Winter,0,,Small Appliances,Air Purifiers,2023-11-13,1253.37,2088.75,0.0,118.2,19.0,79.3,2.0,0.0,0.0,7.0,0.2857142857142857,1.6785714285714286,0.7559289460184545,6,1,8,0,0,832,0.0
2026-02-23,SKU-0003,6.0,12532.5,2088.75,0,False,False,False,9,2,Winter,0,,Small Appliances,Air Purifiers,2023-11-13,1253.37,2088.75,100.2,0.0,19.0,79.3,10.0,0.0,0.0,6.0,1.7142857142857142,1.7857142857142858,3.728908942943218,0,0,9,0,0,833,0.0
2026-02-24,SKU-0003,3.0,6266.25,2088.75,0,False,False,False,9,2,Winter,0,,Small Appliances,Air Purifiers,2023-11-13,1253.37,2088.75,100.2,0.0,19.0,79.3,6.0,0.0,0.0,1.0,2.5714285714285716,1.7857142857142858,3.952094080237415,1,0,9,0,0,834,0.0
2026-02-25,SKU-0003,10.0,20887.5,2088.75,0,False,False,False,9,2,Winter,0,,Small Appliances,Air Purifiers,2023-11-13,1253.37,2088.75,100.2,0.0,19.0,79.3,3.0,0.0,0.0,12.0,3.0,1.8571428571428572,3.785938897200183,2,0,9,0,0,835,0.0
2026-02-26,SKU-0003,5.0,10443.75,2088.75,0,False,False,False,9,2,Winter,0,,Small Appliances,Air Purifiers,2023-11-13,1253.37,2088.75,100.2,0.0,19.0,79.3,10.0,0.0,0.0,6.0,4.428571428571429,1.7857142857142858,4.314979445958882,3,0,9,0,0,836,0.0
2026-02-27,SKU-0003,5.0,10443.75,2088.75,0,False,False,False,9,2,Winter,0,,Small Appliances,Air Purifiers,2023-11-13,1253.37,2088.75,100.2,0.0,19.0,79.3,5.0,0.0,0.0,13.0,5.142857142857143,1.75,3.8483144114694956,4,0,9,0,0,837,0.0
2026-02-28,SKU-0003,8.0,16710.0,2088.75,0,False,False,False,9,2,Winter,0,,Small Appliances,Air Purifiers,2023-11-13,1253.37,2088.75,100.2,0.0,19.0,79.3,5.0,2.0,0.0,0.0,5.857142857142857,1.4642857142857142,3.1320159337914952,5,1,9,0,0,838,0.0
2026-03-01,SKU-0003,16.0,27404.4,1712.77,1,False,False,False,9,3,Spring,0,Spring Sale,Small Appliances,Air Purifiers,2023-11-13,1253.37,2088.75,100.2,0.0,19.0,79.3,8.0,10.0,0.0,0.0,6.714285714285714,1.75,2.6903708365381975,6,1,9,1,1,839,0.180002393776182
2026-03-02,SKU-0003,8.0,13702.2,1712.77,1,False,False,False,10,3,Spring,0,Spring Sale,Small Appliances,Air Purifiers,2023-11-13,1253.37,2088.75,45.2,0.0,19.0,79.3,16.0,6.0,0.0,0.0,7.571428571428571,2.3214285714285716,4.353433237386437,0,0,10,1,1,840,0.180002393776182
2026-03-03,SKU-0003,11.0,18840.52,1712.77,1,False,False,False,10,3,Spring,0,Spring Sale,Small Appliances,Air Purifiers,2023-11-13,1253.37,2088.75,45.2,0.0,19.0,79.3,8.0,3.0,0.0,0.0,7.857142857142857,2.607142857142857,4.29839394148448,1,0,10,1,1,841,0.180002393776182
2026-03-04,SKU-0003,11.0,18840.52,1712.77,1,False,False,False,10,3,Spring,0,Spring Sale,Small Appliances,Air Purifiers,2023-11-13,1253.37,2088.75,45.2,0.0,19.0,79.3,11.0,10.0,0.0,0.0,9.0,3.0,3.829708431025353,2,0,10,1,1,842,0.180002393776182
2026-03-05,SKU-0003,15.0,25691.62,1712.77,1,False,False,False,10,3,Spring,0,Spring Sale,Small Appliances,Air Purifiers,2023-11-13,1253.37,2088.75,45.2,0.0,19.0,79.3,11.0,5.0,0.0,0.0,9.142857142857142,3.392857142857143,3.8913824205360674,3,0,10,1,1,843,0.180002393776182
2026-03-06,SKU-0003,8.193649059237345,14033.88,1712.77,1,False,False,False,10,3,Spring,0,Spring Sale,Small Appliances,Air Purifiers,2023-11-13,1253.37,2088.75,45.2,0.0,19.0,79.3,15.0,5.0,0.0,0.0,10.571428571428571,3.9285714285714284,3.9520940802374143,4,0,10,1,1,844,0.180002393776182
2026-03-07,SKU-0003,0.0,0.0,1712.77,1,False,False,False,10,3,Spring,0,Spring Sale,Small Appliances,Air Purifiers,2023-11-13,1253.37,2088.75,45.2,0.0,19.0,79.3,8.193649059237345,8.0,2.0,0.0,11.027664151319621,4.221201752115619,3.338418998713856,5,1,10,1,1,845,0.180002393776182
2026-03-08,SKU-0003,0.0,0.0,1712.77,1,False,False,False,10,3,Spring,0,Spring Sale,Small Appliances,Air Purifiers,2023-11-13,1253.37,2088.75,45.2,0.0,19.0,79.3,0.0,16.0,10.0,0.0,9.884807008462477,4.221201752115619,5.325567540085885,6,1,10,1,1,846,0.180002393776182
2026-03-09,SKU-0003,0.0,0.0,1712.77,1,False,False,False,11,3,Spring,0,Spring Sale,Small Appliances,Air Purifiers,2023-11-13,1253.37,2088.75,0.0,118.2,19.0,79.3,0.0,8.0,6.0,0.0,7.599092722748192,4.221201752115619,5.684956954446668,0,0,11,1,1,847,0.180002393776182
2026-03-10,SKU-0003,0.0,0.0,1712.77,1,False,False,False,11,3,Spring,0,Spring Sale,Small Appliances,Air Purifiers,2023-11-13,1253.37,2088.75,0.0,118.2,19.0,79.3,0.0,11.0,3.0,0.0,6.456235579891049,4.221201752115619,6.355509943670703,1,0,11,1,1,848,0.180002393776182
2026-03-11,SKU-0003,0.0,0.0,2088.75,0,False,False,False,11,3,Spring,0,,Small Appliances,Air Purifiers,2023-11-13,1253.37,2088.75,0.0,118.2,19.0,79.3,0.0,11.0,10.0,0.0,4.884807008462478,4.221201752115619,6.404510238059736,2,0,11,0,0,849,0.0
2026-03-12,SKU-0003,0.0,0.0,2088.75,0,False,False,False,11,3,Spring,0,,Small Appliances,Air Purifiers,2023-11-13,1253.37,2088.75,0.0,118.2,19.0,79.3,0.0,15.0,5.0,0.0,3.3133784370339066,4.221201752115619,5.990082751750764,3,0,11,0,0,850,0.0
2026-03-13,SKU-0003,0.0,0.0,2088.75,0,False,False,False,11,3,Spring,0,,Small Appliances,Air Purifiers,2023-11-13,1253.37,2088.75,0.0,118.2,19.0,79.3,0.0,8.193649059237345,5.0,0.0,1.1705212941767635,4.221201752115619,3.0969082486971855,4,0,11,0,0,851,0.0
2026-03-14,SKU-0003,0.0,0.0,2088.75,0,False,False,False,11,3,Spring,0,,Small Appliances,Air Purifiers,2023-11-13,1253.37,2088.75,0.0,118.2,19.0,79.3,0.0,0.0,8.0,0.0,0.0,4.221201752115619,0.0,5,1,11,0,0,852,0.0
2026-03-15,SKU-0003,0.0,0.0,2088.75,0,False,False,False,11,3,Spring,0,,Small Appliances,Air Purifiers,2023-11-13,1253.37,2088.75,0.0,118.2,19.0,79.3,0.0,0.0,16.0,0.0,0.0,4.221201752115619,0.0,6,1,11,0,0,853,0.0
2026-03-16,SKU-0003,0.0,0.0,2088.75,0,False,False,False,12,3,Spring,0,,Small Appliances,Air Purifiers,2023-11-13,1253.37,2088.75,0.0,118.2,19.0,79.3,0.0,0.0,8.0,0.0,0.0,4.221201752115619,0.0,0,0,12,0,0,854,0.0
2026-03-17,SKU-0003,0.0,0.0,2088.75,0,False,False,False,12,3,Spring,0,,Small Appliances,Air Purifiers,2023-11-13,1253.37,2088.75,0.0,118.2,19.0,79.3,0.0,0.0,11.0,0.0,0.0,4.221201752115619,0.0,1,0,12,0,0,855,0.0
2026-03-18,SKU-0003,0.0,0.0,2088.75,0,False,False,False,12,3,Spring,0,,Small Appliances,Air Purifiers,2023-11-13,1253.37,2088.75,0.0,118.2,19.0,79.3,0.0,0.0,11.0,0.0,0.0,4.221201752115619,0.0,2,0,12,0,0,856,0.0
2026-03-19,SKU-0003,0.0,0.0,2088.75,0,False,False,False,12,3,Spring,0,,Small Appliances,Air Purifiers,2023-11-13,1253.37,2088.75,0.0,118.2,19.0,79.3,0.0,0.0,15.0,0.0,0.0,4.221201752115619,0.0,3,0,12,0,0,857,0.0
2026-03-20,SKU-0003,0.0,0.0,2088.75,0,False,False,False,12,3,Spring,0,,Small Appliances,Air Purifiers,2023-11-13,1253.37,2088.75,0.0,118.2,19.0,79.3,0.0,0.0,8.193649059237345,0.0,0.0,4.221201752115619,0.0,4,0,12,0,0,858,0.0
2026-03-21,SKU-0003,0.0,0.0,2088.75,0,False,False,False,12,3,Spring,0,,Small Appliances,Air Purifiers,2023-11-13,1253.37,2088.75,0.0,118.2,19.0,79.3,0.0,0.0,0.0,2.0,0.0,4.221201752115619,0.0,5,1,12,0,0,859,0.0
2026-03-22,SKU-0003,0.0,0.0,2088.75,0,False,False,False,12,3,Spring,0,,Small Appliances,Air Purifiers,2023-11-13,1253.37,2088.75,0.0,118.2,19.0,79.3,0.0,0.0,0.0,10.0,0.0,4.149773180687048,0.0,6,1,12,0,0,860,0.0
2026-03-23,SKU-0003,0.0,0.0,2088.75,0,False,False,False,13,3,Spring,0,,Small Appliances,Air Purifiers,2023-11-13,1253.37,2088.75,0.0,118.2,19.0,79.3,0.0,0.0,0.0,6.0,0.0,3.792630323544191,0.0,0,0,13,0,0,861,0.0
2026-03-24,SKU-0003,0.0,0.0,2088.75,0,False,False,False,13,3,Spring,0,,Small Appliances,Air Purifiers,2023-11-13,1253.37,2088.75,0.0,118.2,19.0,79.3,0.0,0.0,0.0,3.0,0.0,3.5783446092584765,0.0,1,0,13,0,0,862,0.0
2026-03-25,SKU-0003,0.0,0.0,2088.75,0,False,False,False,13,3,Spring,0,,Small Appliances,Air Purifiers,2023-11-13,1253.37,2088.75,0.0,118.2,19.0,79.3,0.0,0.0,0.0,10.0,0.0,3.4712017521156193,0.0,2,0,13,0,0,863,0.0
2026-03-26,SKU-0003,0.0,0.0,2088.75,0,False,False,False,13,3,Spring,0,,Small Appliances,Air Purifiers,2023-11-13,1253.37,2088.75,0.0,118.2,19.0,79.3,0.0,0.0,0.0,5.0,0.0,3.114058894972762,0.0,3,0,13,0,0,864,0.0
2026-03-27,SKU-0003,0.0,0.0,2088.75,0,False,False,False,13,3,Spring,0,,Small Appliances,Air Purifiers,2023-11-13,1253.37,2088.75,0.0,118.2,19.0,79.3,0.0,0.0,0.0,5.0,0.0,2.9354874664013337,0.0,4,0,13,0,0,865,0.0
2026-03-28,SKU-0003,7.0,14621.25,2088.75,0,False,False,False,13,3,Spring,0,,Small Appliances,Air Purifiers,2023-11-13,1253.37,2088.75,0.0,118.2,19.0,79.3,0.0,0.0,0.0,8.0,0.0,2.7569160378299054,0.0,5,1,13,0,0,866,0.0
2026-03-29,SKU-0003,7.0,14621.25,2088.75,0,False,False,False,13,3,Spring,0,,Small Appliances,Air Purifiers,2023-11-13,1253.37,2088.75,0.0,118.2,19.0,79.3,7.0,0.0,0.0,16.0,1.0,2.7212017521156193,2.6457513110645907,6,1,13,0,0,867,0.0
2026-03-30,SKU-0003,6.0,12532.5,2088.75,0,False,False,False,14,3,Spring,0,,Small Appliances,Air Purifiers,2023-11-13,1253.37,2088.75,98.2,0.0,19.0,79.3,7.0,0.0,0.0,8.0,2.0,2.399773180687048,3.415650255319866,0,0,14,0,0,868,0.0
2026-03-31,SKU-0003,2.0,4177.5,2088.75,0,False,False,False,14,3,Spring,0,,Small Appliances,Air Purifiers,2023-11-13,1253.37,2088.75,98.2,0.0,19.0,79.3,6.0,0.0,0.0,11.0,2.857142857142857,2.3283446092584765,3.579039509354962,1,0,14,0,0,869,0.0
2026-04-01,SKU-0003,10.0,20887.5,2088.75,0,False,False,False,14,4,Spring,0,,Small Appliances,Air Purifiers,2023-11-13,1253.37,2088.75,98.2,0.0,19.0,79.3,2.0,0.0,0.0,11.0,3.142857142857143,2.0069160378299054,3.38765264987284,2,0,14,0,0,870,0.0
2026-04-02,SKU-0003,5.0,10443.75,2088.75,0,False,False,False,14,4,Spring,0,,Small Appliances,Air Purifiers,2023-11-13,1253.37,2088.75,98.2,0.0,19.0,79.3,10.0,0.0,0.0,15.0,4.571428571428571,1.9712017521156195,3.9096949095440023,3,0,14,0,0,871,0.0
2026-04-03,SKU-0003,8.0,16710.0,2088.75,0,False,False,False,14,4,Spring,0,,Small Appliances,Air Purifiers,2023-11-13,1253.37,2088.75,98.2,0.0,19.0,79.3,5.0,0.0,0.0,8.193649059237345,5.285714285714286,1.6140588949727623,3.3523268393901033,4,0,14,0,0,872,0.0
2026-04-04,SKU-0003,3.0,6266.25,2088.75,0,False,False,False,14,4,Spring,0,,Small Appliances,Air Purifiers,2023-11-13,1253.37,2088.75,98.2,0.0,19.0,79.3,8.0,7.0,0.0,0.0,6.428571428571429,1.6071428571428572,2.507132682112035,5,1,14,0,0,873,0.0
2026-04-05,SKU-0003,8.0,16710.0,2088.75,0,False,False,False,14,4,Spring,0,,Small Appliances,Air Purifiers,2023-11-13,1253.37,2088.75,98.2,0.0,19.0,79.3,3.0,7.0,0.0,0.0,5.857142857142857,1.7142857142857142,2.7945525240230875,6,1,14,0,0,874,0.0
2026-04-06,SKU-0003,11.0,22976.25,2088.75,0,False,False,False,15,4,Spring,0,,Small Appliances,Air Purifiers,2023-11-13,1253.37,2088.75,51.2,0.0,19.0,79.3,8.0,6.0,0.0,0.0,6.0,2.0,2.886751345948129,0,0,15,0,0,875,0.0
2026-04-07,SKU-0003,8.0,16710.0,2088.75,0,False,False,False,15,4,Spring,0,,Small Appliances,Air Purifiers,2023-11-13,1253.37,2088.75,51.2,0.0,19.0,79.3,11.0,2.0,0.0,0.0,6.714285714285714,2.392857142857143,3.4503277967117714,1,0,15,0,0,876,0.0
2026-04-08,SKU-0003,2.0,4177.5,2088.75,0,False,False,False,15,4,Spring,0,,Small Appliances,Air Purifiers,2023-11-13,1253.37,2088.75,51.2,0.0,19.0,79.3,8.0,10.0,0.0,0.0,7.571428571428571,2.6785714285714284,2.760262237369418,2,0,15,0,0,877,0.0
2026-04-09,SKU-0003,4.0,8355.0,2088.75,0,False,False,False,15,4,Spring,0,,Small Appliances,Air Purifiers,2023-11-13,1253.37,2088.75,51.2,0.0,19.0,79.3,2.0,5.0,0.0,0.0,6.428571428571429,2.75,3.2071349029490928,3,0,15,0,0,878,0.0
2026-04-10,SKU-0003,11.0,22976.25,2088.75,0,False,False,False,15,4,Spring,0,,Small Appliances,Air Purifiers,2023-11-13,1253.37,2088.75,51.2,0.0,19.0,79.3,4.0,8.0,0.0,0.0,6.285714285714286,2.892857142857143,3.3022358947782493,4,0,15,0,0,879,0.0
2026-04-11,SKU-0003,11.0,22976.25,2088.75,0,False,False,False,15,4,Spring,0,,Small Appliances,Air Purifiers,2023-11-13,1253.37,2088.75,51.2,0.0,19.0,79.3,11.0,3.0,7.0,0.0,6.714285714285714,3.2857142857142856,3.728908942943218,5,1,15,0,0,880,0.0
2026-04-12,SKU-0003,7.0,14621.25,2088.75,0,False,False,False,15,4,Spring,0,,Small Appliances,Air Purifiers,2023-11-13,1253.37,2088.75,51.2,0.0,19.0,79.3,11.0,8.0,7.0,0.0,7.857142857142857,3.6785714285714284,3.6253078686998634,6,1,15,0,0,881,0.0
2026-04-13,SKU-0003,4.0,8355.0,2088.75,0,False,False,False,16,4,Spring,0,,Small Appliances,Air Purifiers,2023-11-13,1253.37,2088.75,4.2,0.0,19.0,79.3,7.0,11.0,6.0,0.0,7.714285714285714,3.9285714285714284,3.6384193323605847,0,0,16,0,0,882,0.0
2026-04-14,SKU-0003,4.1936490592373445,8759.48,2088.75,0,False,False,False,16,4,Spring,0,,Small Appliances,Air Purifiers,2023-11-13,1253.37,2088.75,4.2,0.0,19.0,79.3,4.0,8.0,2.0,0.0,6.714285714285714,4.071428571428571,3.545621041711674,1,0,16,0,0,883,0.0
2026-04-15,SKU-0003,0.0,0.0,2088.75,0,False,False,False,16,4,Spring,0,,Small Appliances,Air Purifiers,2023-11-13,1253.37,2088.75,4.2,0.0,19.0,79.3,4.1936490592373445,2.0,10.0,0.0,6.170521294176764,4.221201752115619,3.606922999335678,2,0,16,0,0,884,0.0
2026-04-16,SKU-0003,0.0,0.0,2088.75,0,False,False,False,16,4,Spring,0,,Small Appliances,Air Purifiers,2023-11-13,1253.37,2088.75,4.2,0.0,19.0,79.3,0.0,4.0,5.0,0.0,5.884807008462478,4.221201752115619,4.0449560719513915,3,0,16,0,0,885,0.0
2026-04-17,SKU-0003,0.0,0.0,2088.75,0,False,False,False,16,4,Spring,0,,Small Appliances,Air Purifiers,2023-11-13,1253.37,2088.75,4.2,0.0,19.0,79.3,0.0,11.0,8.0,0.0,5.313378437033906,4.221201752115619,4.6000499911429245,4,0,16,0,0,886,0.0
2026-04-18,SKU-0003,0.0,0.0,2088.75,0,False,False,False,16,4,Spring,0,,Small Appliances,Air Purifiers,2023-11-13,1253.37,2088.75,4.2,0.0,19.0,79.3,0.0,11.0,3.0,0.0,3.741949865605335,4.221201752115619,4.19466667041049,5,1,16,0,0,887,0.0
2026-04-19,SKU-0003,0.0,0.0,2088.75,0,False,False,False,16,4,Spring,0,,Small Appliances,Air Purifiers,2023-11-13,1253.37,2088.75,4.2,0.0,19.0,79.3,0.0,7.0,8.0,0.0,2.1705212941767633,4.221201752115619,2.875429058207917,6,1,16,0,0,888,0.0
2026-04-20,SKU-0003,0.0,0.0,2088.75,0,False,False,False,17,4,Spring,0,,Small Appliances,Air Purifiers,2023-11-13,1253.37,2088.75,0.0,118.2,19.0,79.3,0.0,4.0,11.0,0.0,1.1705212941767635,4.221201752115619,1.9998271479969418,0,0,17,0,0,889,0.0
2026-04-21,SKU-0003,0.0,0.0,2088.75,0,False,False,False,17,4,Spring,0,,Small Appliances,Air Purifiers,2023-11-13,1253.37,2088.75,0.0,118.2,19.0,79.3,0.0,4.1936490592373445,8.0,0.0,0.599092722748192,4.221201752115619,1.5850503566602814,1,0,17,0,0,890,0.0
2026-04-22,SKU-0003,0.0,0.0,2088.75,0,False,False,False,17,4,Spring,0,,Small Appliances,Air Purifiers,2023-11-13,1253.37,2088.75,0.0,118.2,19.0,79.3,0.0,0.0,2.0,0.0,0.0,4.221201752115619,0.0,2,0,17,0,0,891,0.0
2026-04-23,SKU-0003,0.0,0.0,2088.75,0,False,False,False,17,4,Spring,0,,Small Appliances,Air Purifiers,2023-11-13,1253.37,2088.75,0.0,118.2,19.0,79.3,0.0,0.0,4.0,0.0,0.0,4.221201752115619,0.0,3,0,17,0,0,892,0.0
2026-04-24,SKU-0003,0.0,0.0,2088.75,0,False,False,False,17,4,Spring,0,,Small Appliances,Air Purifiers,2023-11-13,1253.37,2088.75,0.0,118.2,19.0,79.3,0.0,0.0,11.0,0.0,0.0,4.221201752115619,0.0,4,0,17,0,0,893,0.0
2026-04-25,SKU-0003,0.0,0.0,2088.75,0,False,False,False,17,4,Spring,0,,Small Appliances,Air Purifiers,2023-11-13,1253.37,2088.75,0.0,118.2,19.0,79.3,0.0,0.0,11.0,7.0,0.0,4.221201752115619,0.0,5,1,17,0,0,894,0.0
2026-04-26,SKU-0003,0.0,0.0,2088.75,0,False,False,False,17,4,Spring,0,,Small Appliances,Air Purifiers,2023-11-13,1253.37,2088.75,0.0,118.2,19.0,79.3,0.0,0.0,7.0,7.0,0.0,3.9712017521156193,0.0,6,1,17,0,0,895,0.0
2026-04-27,SKU-0003,0.0,0.0,2088.75,0,False,False,False,18,4,Spring,0,,Small Appliances,Air Purifiers,2023-11-13,1253.37,2088.75,0.0,118.2,19.0,79.3,0.0,0.0,4.0,6.0,0.0,3.7212017521156193,0.0,0,0,18,0,0,896,0.0
2026-04-28,SKU-0003,0.0,0.0,2088.75,0,False,False,False,18,4,Spring,0,,Small Appliances,Air Purifiers,2023-11-13,1253.37,2088.75,0.0,118.2,19.0,79.3,0.0,0.0,4.1936490592373445,2.0,0.0,3.5069160378299054,0.0,1,0,18,0,0,897,0.0
2026-04-29,SKU-0003,0.0,0.0,2088.75,0,False,False,False,18,4,Spring,0,,Small Appliances,Air Purifiers,2023-11-13,1253.37,2088.75,0.0,118.2,19.0,79.3,0.0,0.0,0.0,10.0,0.0,3.4354874664013337,0.0,2,0,18,0,0,898,0.0
2026-04-30,SKU-0003,0.0,0.0,2088.75,0,False,False,False,18,4,Spring,0,,Small Appliances,Air Purifiers,2023-11-13,1253.37,2088.75,0.0,118.2,19.0,79.3,0.0,0.0,0.0,5.0,0.0,3.0783446092584765,0.0,3,0,18,0,0,899,0.0
2026-05-01,SKU-0003,0.0,0.0,2088.75,0,False,False,False,18,5,Spring,0,,Small Appliances,Air Purifiers,2023-11-13,1253.37,2088.75,0.0,118.2,19.0,79.3,0.0,0.0,0.0,8.0,0.0,2.899773180687048,0.0,4,0,18,0,0,900,0.0
2026-05-02,SKU-0003,0.0,0.0,2088.75,0,False,False,False,18,5,Spring,0,,Small Appliances,Air Purifiers,2023-11-13,1253.37,2088.75,0.0,118.2,19.0,79.3,0.0,0.0,0.0,3.0,0.0,2.614058894972762,0.0,5,1,18,0,0,901,0.0
2026-05-03,SKU-0003,0.0,0.0,2088.75,0,False,False,False,18,5,Spring,0,,Small Appliances,Air Purifiers,2023-11-13,1253.37,2088.75,0.0,118.2,19.0,79.3,0.0,0.0,0.0,8.0,0.0,2.5069160378299054,0.0,6,1,18,0,0,902,0.0
2026-05-04,SKU-0003,0.0,0.0,2088.75,0,False,False,False,19,5,Spring,0,,Small Appliances,Air Purifiers,2023-11-13,1253.37,2088.75,0.0,118.2,19.0,79.3,0.0,0.0,0.0,11.0,0.0,2.2212017521156193,0.0,0,0,19,0,0,903,0.0
2026-05-05,SKU-0003,0.0,0.0,2088.75,0,False,False,False,19,5,Spring,0,,Small Appliances,Air Purifiers,2023-11-13,1253.37,2088.75,0.0,118.2,19.0,79.3,0.0,0.0,0.0,8.0,0.0,1.8283446092584765,0.0,1,0,19,0,0,904,0.0
2026-05-06,SKU-0003,0.0,0.0,2088.75,0,False,False,False,19,5,Spring,0,,Small Appliances,Air Purifiers,2023-11-13,1253.37,2088.75,0.0,118.2,19.0,79.3,0.0,0.0,0.0,2.0,0.0,1.542630323544191,0.0,2,0,19,0,0,905,0.0
2026-05-07,SKU-0003,0.0,0.0,2088.75,0,False,False,False,19,5,Spring,0,,Small Appliances,Air Purifiers,2023-11-13,1253.37,2088.75,0.0,118.2,19.0,79.3,0.0,0.0,0.0,4.0,0.0,1.4712017521156195,0.0,3,0,19,0,0,906,0.0
2026-05-08,SKU-0003,0.0,0.0,2088.75,0,False,False,False,19,5,Spring,0,,Small Appliances,Air Purifiers,2023-11-13,1253.37,2088.75,0.0,118.2,19.0,79.3,0.0,0.0,0.0,11.0,0.0,1.3283446092584765,0.0,4,0,19,0,0,907,0.0
2026-05-09,SKU-0003,6.0,12532.5,2088.75,0,False,False,False,19,5,Spring,0,,Small Appliances,Air Purifiers,2023-11-13,1253.37,2088.75,0.0,118.2,19.0,79.3,0.0,0.0,0.0,11.0,0.0,0.9354874664013337,0.0,5,1,19,0,0,908,0.0
2026-05-10,SKU-0003,7.0,14621.25,2088.75,0,False,False,False,19,5,Spring,0,,Small Appliances,Air Purifiers,2023-11-13,1253.37,2088.75,0.0,118.2,19.0,79.3,6.0,0.0,0.0,7.0,0.8571428571428571,0.7569160378299051,2.2677868380553634,6,1,19,0,0,909,0.0
2026-05-11,SKU-0003,5.0,10443.75,2088.75,0,False,False,False,20,5,Spring,0,,Small Appliances,Air Purifiers,2023-11-13,1253.37,2088.75,100.2,0.0,19.0,79.3,7.0,0.0,0.0,4.0,1.8571428571428572,0.7569160378299051,3.184785258515422,0,0,20,0,0,910,0.0
2026-05-12,SKU-0003,4.0,8355.0,2088.75,0,False,False,False,20,5,Spring,0,,Small Appliances,Air Purifiers,2023-11-13,1253.37,2088.75,100.2,0.0,19.0,79.3,5.0,0.0,0.0,4.1936490592373445,2.5714285714285716,0.7926303235441908,3.25868802112869,1,0,20,0,0,911,0.0
2026-05-13,SKU-0003,4.0,8355.0,2088.75,0,False,False,False,20,5,Spring,0,,Small Appliances,Air Purifiers,2023-11-13,1253.37,2088.75,100.2,0.0,19.0,79.3,4.0,0.0,0.0,0.0,3.142857142857143,0.7857142857142857,3.0783421635988546,2,0,20,0,0,912,0.0
2026-05-14,SKU-0003,3.0,6266.25,2088.75,0,False,False,False,20,5,Spring,0,,Small Appliances,Air Purifiers,2023-11-13,1253.37,2088.75,100.2,0.0,19.0,79.3,4.0,0.0,0.0,0.0,3.7142857142857144,0.9285714285714286,2.7516228977511745,3,0,20,0,0,913,0.0
2026-05-15,SKU-0003,7.0,14621.25,2088.75,0,False,False,False,20,5,Spring,0,,Small Appliances,Air Purifiers,2023-11-13,1253.37,2088.75,100.2,0.0,19.0,79.3,3.0,0.0,0.0,0.0,4.142857142857143,1.0357142857142858,2.2677868380553634,4,0,20,0,0,914,0.0
2026-05-16,SKU-0003,7.0,14621.25,2088.75,0,False,False,True,20,5,Spring,0,,Small Appliances,Air Purifiers,2023-11-13,1253.37,2088.75,100.2,0.0,19.0,79.3,7.0,6.0,0.0,0.0,5.142857142857143,1.2857142857142858,1.5735915849388864,5,1,20,0,0,915,0.0
2026-05-17,SKU-0003,6.0,12532.5,2088.75,0,False,False,False,20,5,Spring,0,,Small Appliances,Air Purifiers,2023-11-13,1253.37,2088.75,100.2,0.0,19.0,79.3,7.0,7.0,0.0,0.0,5.285714285714286,1.5357142857142858,1.7043362064926937,6,1,20,0,0,916,0.0
2026-05-18,SKU-0003,3.0,6266.25,2088.75,0,False,False,False,21,5,Spring,0,,Small Appliances,Air Purifiers,2023-11-13,1253.37,2088.75,66.2,52.0,19.0,79.3,6.0,5.0,0.0,0.0,5.142857142857143,1.75,1.5735915849388864,0,0,21,0,0,917,0.0
2026-05-19,SKU-0003,7.0,14621.25,2088.75,0,False,False,False,21,5,Spring,0,,Small Appliances,Air Purifiers,2023-11-13,1253.37,2088.75,66.2,52.0,19.0,79.3,3.0,4.0,0.0,0.0,4.857142857142857,1.8571428571428572,1.7728105208558367,1,0,21,0,0,918,0.0
2026-05-20,SKU-0003,0.0,0.0,2088.75,0,False,False,False,21,5,Spring,0,,Small Appliances,Air Purifiers,2023-11-13,1253.37,2088.75,66.2,52.0,19.0,79.3,7.0,4.0,0.0,0.0,5.285714285714286,2.107142857142857,1.889822365046136,2,0,21,0,0,919,0.0
2026-05-21,SKU-0003,7.0,14621.25,2088.75,0,False,False,False,21,5,Spring,0,,Small Appliances,Air Purifiers,2023-11-13,1253.37,2088.75,66.2,52.0,19.0,79.3,0.0,3.0,0.0,0.0,4.714285714285714,2.107142857142857,2.751622897751175,3,0,21,0,0,920,0.0
2026-05-22,SKU-0003,9.0,18798.75,2088.75,0,False,False,False,21,5,Spring,0,,Small Appliances,Air Purifiers,2023-11-13,1253.37,2088.75,66.2,52.0,19.0,79.3,7.0,7.0,0.0,0.0,5.285714285714286,2.357142857142857,2.751622897751175,4,0,21,0,0,921,0.0
2026-05-23,SKU-0003,10.0,20887.5,2088.75,0,False,False,False,21,5,Spring,0,,Small Appliances,Air Purifiers,2023-11-13,1253.37,2088.75,66.2,52.0,19.0,79.3,9.0,7.0,6.0,0.0,5.571428571428571,2.6785714285714284,3.0472470011002204,5,1,21,0,0,922,0.0
2026-05-24,SKU-0003,6.0,12532.5,2088.75,0,False,False,False,21,5,Spring,0,,Small Appliances,Air Purifiers,2023-11-13,1253.37,2088.75,66.2,52.0,19.0,79.3,10.0,6.0,7.0,0.0,6.0,3.0357142857142856,3.4641016151377544,6,1,21,0,0,923,0.0
2026-05-25,SKU-0003,4.0,8355.0,2088.75,0,False,False,False,22,5,Spring,0,,Small Appliances,Air Purifiers,2023-11-13,1253.37,2088.75,23.2,95.0,19.0,79.3,6.0,3.0,5.0,0.0,6.0,3.25,3.4641016151377544,0,0,22,0,0,924,0.0
2026-05-26,SKU-0003,5.0,10443.75,2088.75,0,False,False,False,22,5,Spring,0,,Small Appliances,Air Purifiers,2023-11-13,1253.37,2088.75,23.2,95.0,19.0,79.3,4.0,7.0,4.0,0.0,6.142857142857143,3.392857142857143,3.338091841585121,1,0,22,0,0,925,0.0
2026-05-27,SKU-0003,9.0,18798.75,2088.75,0,False,False,False,22,5,Spring,0,,Small Appliances,Air Purifiers,2023-11-13,1253.37,2088.75,23.2,95.0,19.0,79.3,5.0,0.0,4.0,0.0,5.857142857142857,3.5714285714285716,3.338091841585121,2,0,22,0,0,926,0.0
2026-05-28,SKU-0003,7.0,14621.25,2088.75,0,False,False,False,22,5,Spring,0,,Small Appliances,Air Purifiers,2023-11-13,1253.37,2088.75,23.2,95.0,19.0,79.3,9.0,7.0,3.0,0.0,7.142857142857143,3.892857142857143,2.267786838055364,3,0,22,0,0,927,0.0
2026-05-29,SKU-0003,2.1936490592373445,4581.98,2088.75,0,False,False,False,22,5,Spring,0,,Small Appliances,Air Purifiers,2023-11-13,1253.37,2088.75,23.2,95.0,19.0,79.3,7.0,9.0,7.0,0.0,7.142857142857143,4.142857142857143,2.267786838055364,4,0,22,0,0,928,0.0
2026-05-30,SKU-0003,0.0,0.0,2088.75,0,False,False,False,22,5,Spring,0,,Small Appliances,Air Purifiers,2023-11-13,1253.37,2088.75,23.2,95.0,19.0,79.3,2.1936490592373445,10.0,7.0,0.0,6.170521294176764,4.221201752115619,2.747264242292404,5,1,22,0,0,929,0.0
2026-05-31,SKU-0003,0.0,0.0,2088.75,0,False,False,False,22,5,Spring,0,,Small Appliances,Air Purifiers,2023-11-13,1253.37,2088.75,23.2,95.0,19.0,79.3,0.0,6.0,6.0,0.0,4.741949865605335,4.221201752115619,3.011352865952768,6,1,22,0,0,930,0.0
2026-06-01,SKU-0003,0.0,0.0,2088.75,0,False,False,True,23,6,Summer,0,,Small Appliances,Air Purifiers,2023-11-13,1253.37,2088.75,0.0,95.0,19.0,79.3,0.0,4.0,3.0,0.0,3.8848070084624777,4.221201752115619,3.419795747899246,0,0,23,0,0,931,0.0
2026-06-02,SKU-0003,0.0,0.0,2088.75,0,False,False,False,23,6,Summer,0,,Small Appliances,Air Purifiers,2023-11-13,1253.37,2088.75,0.0,95.0,19.0,79.3,0.0,5.0,7.0,0.0,3.3133784370339066,4.221201752115619,3.7184844476857353,1,0,23,0,0,932,0.0
2026-06-03,SKU-0003,0.0,0.0,2088.75,0,False,False,False,23,6,Summer,0,,Small Appliances,Air Purifiers,2023-11-13,1253.37,2088.75,0.0,95.0,19.0,79.3,0.0,9.0,0.0,0.0,2.599092722748192,4.221201752115619,3.8193611011309776,2,0,23,0,0,933,0.0
2026-06-04,SKU-0003,0.0,0.0,2088.75,0,False,False,False,23,6,Summer,0,,Small Appliances,Air Purifiers,2023-11-13,1253.37,2088.75,0.0,95.0,19.0,79.3,0.0,7.0,7.0,0.0,1.3133784370339063,4.221201752115619,2.6374658216753404,3,0,23,0,0,934,0.0
2026-06-05,SKU-0003,0.0,0.0,2088.75,0,False,False,False,23,6,Summer,0,,Small Appliances,Air Purifiers,2023-11-13,1253.37,2088.75,0.0,95.0,19.0,79.3,0.0,2.1936490592373445,9.0,0.0,0.3133784370339064,4.221201752115619,0.8291214106418254,4,0,23,0,0,935,0.0
2026-06-06,SKU-0003,4.0,8355.0,2088.75,0,False,False,False,23,6,Summer,0,,Small Appliances,Air Purifiers,2023-11-13,1253.37,2088.75,0.0,95.0,19.0,79.3,0.0,0.0,10.0,6.0,0.0,4.221201752115619,0.0,5,1,23,0,0,936,0.0
2026-06-07,SKU-0003,4.0,8355.0,2088.75,0,False,False,False,23,6,Summer,0,,Small Appliances,Air Purifiers,2023-11-13,1253.37,2088.75,0.0,95.0,19.0,79.3,4.0,0.0,6.0,7.0,0.5714285714285714,4.149773180687048,1.511857892036909,6,1,23,0,0,937,0.0
2026-06-08,SKU-0003,1.0,2088.75,2088.75,0,False,False,False,24,6,Summer,0,,Small Appliances,Air Purifiers,2023-11-13,1253.37,2088.75,43.0,43.0,19.0,79.3,4.0,0.0,4.0,5.0,1.1428571428571428,4.0426303235441905,1.9518001458970664,0,0,24,0,0,938,0.0
2026-06-09,SKU-0003,10.0,20887.5,2088.75,0,False,False,False,24,6,Summer,0,,Small Appliances,Air Purifiers,2023-11-13,1253.37,2088.75,43.0,43.0,19.0,79.3,1.0,0.0,5.0,4.0,1.2857142857142858,3.899773180687048,1.889822365046136,1,0,24,0,0,939,0.0
2026-06-10,SKU-0003,8.0,16710.0,2088.75,0,False,False,False,24,6,Summer,0,,Small Appliances,Air Purifiers,2023-11-13,1253.37,2088.75,43.0,43.0,19.0,79.3,10.0,0.0,9.0,4.0,2.7142857142857144,4.114058894972763,3.683941988065037,2,0,24,0,0,940,0.0
2026-06-11,SKU-0003,1.0,2088.75,2088.75,0,False,False,False,24,6,Summer,0,,Small Appliances,Air Purifiers,2023-11-13,1253.37,2088.75,43.0,43.0,19.0,79.3,8.0,0.0,7.0,3.0,3.857142857142857,4.256916037829905,3.9339789623472163,3,0,24,0,0,941,0.0
2026-06-12,SKU-0003,5.0,10443.75,2088.75,0,False,False,False,24,6,Summer,0,,Small Appliances,Air Purifiers,2023-11-13,1253.37,2088.75,43.0,43.0,19.0,79.3,1.0,0.0,2.1936490592373445,7.0,4.0,4.185487466401334,3.785938897200183,4,0,24,0,0,942,0.0
2026-06-13,SKU-0003,6.0,12532.5,2088.75,0,False,False,False,24,6,Summer,0,,Small Appliances,Air Purifiers,2023-11-13,1253.37,2088.75,43.0,43.0,19.0,79.3,5.0,4.0,0.0,7.0,4.714285714285714,4.114058894972763,3.352326839390104,5,1,24,0,0,943,0.0
2026-06-14,SKU-0003,7.0,14621.25,2088.75,0,False,False,False,24,6,Summer,0,,Small Appliances,Air Purifiers,2023-11-13,1253.37,2088.75,43.0,43.0,19.0,79.3,6.0,4.0,0.0,6.0,5.0,4.078344609258477,3.3665016461206934,6,1,24,0,0,944,0.0
2026-06-15,SKU-0003,4.0,8355.0,2088.75,0,False,False,False,25,6,Summer,0,,Small Appliances,Air Purifiers,2023-11-13,1253.37,2088.75,45.0,73.2,19.0,79.3,7.0,1.0,0.0,3.0,5.428571428571429,4.114058894972763,3.4086724129853874,0,0,25,0,0,945,0.0
2026-06-16,SKU-0003,3.0,6266.25,2088.75,0,False,False,False,25,6,Summer,0,,Small Appliances,Air Purifiers,2023-11-13,1253.37,2088.75,45.0,73.2,19.0,79.3,4.0,10.0,0.0,7.0,5.857142857142857,4.149773180687048,2.911389784311005,1,0,25,0,0,946,0.0
2026-06-17,SKU-0003,7.0,14621.25,2088.75,0,False,False,False,25,6,Summer,0,,Small Appliances,Air Purifiers,2023-11-13,1253.37,2088.75,45.0,73.2,19.0,79.3,3.0,8.0,0.0,0.0,4.857142857142857,4.006916037829905,2.41029537806548,2,0,25,0,0,947,0.0
2026-06-18,SKU-0003,3.0,6266.25,2088.75,0,False,False,False,25,6,Summer,0,,Small Appliances,Air Purifiers,2023-11-13,1253.37,2088.75,45.0,73.2,19.0,79.3,7.0,1.0,0.0,7.0,4.714285714285714,4.256916037829905,2.2146697055682845,3,0,25,0,0,948,0.0
2026-06-19,SKU-0003,8.0,16710.0,2088.75,0,False,False,False,25,6,Summer,0,,Small Appliances,Air Purifiers,2023-11-13,1253.37,2088.75,45.0,73.2,19.0,79.3,3.0,5.0,0.0,9.0,5.0,4.114058894972763,1.7320508075688787,4,0,25,0,0,949,0.0
2026-06-20,SKU-0003,4.0,8355.0,2088.75,0,False,False,False,25,6,Summer,0,,Small Appliances,Air Purifiers,2023-11-13,1253.37,2088.75,45.0,73.2,19.0,79.3,8.0,6.0,4.0,10.0,5.428571428571429,4.078344609258477,2.0701966780270635,5,1,25,0,0,950,0.0
2026-06-21,SKU-0003,1.0,2088.75,2088.75,0,False,False,False,25,6,Summer,0,,Small Appliances,Air Purifiers,2023-11-13,1253.37,2088.75,45.0,73.2,19.0,79.3,4.0,7.0,4.0,6.0,5.142857142857143,3.864058894972762,2.1157009420498167,6,1,25,0,0,951,0.0
2026-06-22,SKU-0003,5.0,10443.75,2088.75,0,False,False,False,26,6,Summer,0,,Small Appliances,Air Purifiers,2023-11-13,1253.37,2088.75,14.0,73.2,19.0,79.3,1.0,4.0,1.0,4.0,4.285714285714286,3.6854874664013337,2.4299715851758252,0,0,26,0,0,952,0.0
2026-06-23,SKU-0003,5.0,10443.75,2088.75,0,False,False,False,26,6,Summer,0,,Small Appliances,Air Purifiers,2023-11-13,1253.37,2088.75,14.0,73.2,19.0,79.3,5.0,3.0,10.0,5.0,4.428571428571429,3.7212017521156193,2.4397501823713346,1,0,26,0,0,953,0.0
2026-06-24,SKU-0003,4.0,8355.0,2088.75,0,False,False,False,26,6,Summer,0,,Small Appliances,Air Purifiers,2023-11-13,1253.37,2088.75,14.0,73.2,19.0,79.3,5.0,7.0,8.0,9.0,4.714285714285714,3.7212017521156193,2.3603873774083306,2,0,26,0,0,954,0.0
2026-06-25,SKU-0003,2.0,4177.5,2088.75,0,False,False,False,26,6,Summer,0,,Small Appliances,Air Purifiers,2023-11-13,1253.37,2088.75,14.0,73.2,19.0,79.3,4.0,3.0,1.0,7.0,4.285714285714286,3.542630323544191,2.138089935299397,3,0,26,0,0,955,0.0
2026-06-26,SKU-0003,2.0,4177.5,2088.75,0,False,False,False,26,6,Summer,0,,Small Appliances,Air Purifiers,2023-11-13,1253.37,2088.75,14.0,73.2,19.0,79.3,2.0,8.0,5.0,2.1936490592373445,4.142857142857143,3.364058894972762,2.267786838055365,4,0,26,0,0,956,0.0
2026-06-27,SKU-0003,1.0,2088.75,2088.75,0,False,False,False,26,6,Summer,0,,Small Appliances,Air Purifiers,2023-11-13,1253.37,2088.75,14.0,73.2,19.0,79.3,2.0,4.0,6.0,0.0,3.2857142857142856,3.357142857142857,1.60356745147455,5,1,26,0,0,957,0.0
2026-06-28,SKU-0003,0.0,0.0,2088.75,0,False,False,False,26,6,Summer,0,,Small Appliances,Air Purifiers,2023-11-13,1253.37,2088.75,14.0,73.2,19.0,79.3,1.0,1.0,7.0,0.0,2.857142857142857,3.392857142857143,1.7728105208558402,6,1,26,0,0,958,0.0
2026-06-29,SKU-0003,0.0,0.0,2088.75,0,False,False,False,27,6,Summer,0,,Small Appliances,Air Purifiers,2023-11-13,1253.37,2088.75,0.0,118.2,19.0,79.3,0.0,5.0,4.0,0.0,2.7142857142857144,3.392857142857143,1.9760470401187107,0,0,27,0,0,959,0.0
2026-06-30,SKU-0003,0.0,0.0,2088.75,0,False,False,False,27,6,Summer,0,,Small Appliances,Air Purifiers,2023-11-13,1253.37,2088.75,0.0,118.2,19.0,79.3,0.0,5.0,3.0,0.0,2.0,3.392857142857143,1.91485421551268,1,0,27,0,0,960,0.0
2026-07-01,SKU-0003,0.0,0.0,1712.77,1,False,False,False,27,7,Summer,0,Monsoon Sale,Small Appliances,Air Purifiers,2023-11-13,1253.37,2088.75,0.0,118.2,19.0,79.3,0.0,4.0,7.0,0.0,1.2857142857142858,3.392857142857143,1.4960264830861965,2,0,27,1,1,961,0.180002393776182
2026-07-02,SKU-0003,0.0,0.0,1712.77,1,False,False,False,27,7,Summer,0,Monsoon Sale,Small Appliances,Air Purifiers,2023-11-13,1253.37,2088.75,0.0,118.2,19.0,79.3,0.0,2.0,3.0,0.0,0.7142857142857143,3.392857142857143,0.9511897312113508,3,0,27,1,1,962,0.180002393776182
2026-07-03,SKU-0003,0.0,0.0,1712.77,1,False,False,False,27,7,Summer,0,Monsoon Sale,Small Appliances,Air Purifiers,2023-11-13,1253.37,2088.75,0.0,118.2,19.0,79.3,0.0,2.0,8.0,0.0,0.42857142857142855,3.392857142857143,0.7867957924694543,4,0,27,1,1,963,0.180002393776182
2026-07-04,SKU-0003,10.0,17127.75,1712.77,1,False,False,False,27,7,Summer,0,Monsoon Sale,Small Appliances,Air Purifiers,2023-11-13,1253.37,2088.75,0.0,118.2,19.0,79.3,0.0,1.0,4.0,4.0,0.14285714285714285,3.392857142857143,0.37796447300925134,5,1,27,1,1,964,0.180002393776182
2026-07-05,SKU-0003,8.0,13702.2,1712.77,1,False,False,False,27,7,Summer,0,Monsoon Sale,Small Appliances,Air Purifiers,2023-11-13,1253.37,2088.75,0.0,118.2,19.0,79.3,10.0,0.0,1.0,4.0,1.4285714285714286,3.607142857142857,3.779644730092272,6,1,27,1,1,965,0.180002393776182
2026-07-06,SKU-0003,8.0,13702.2,1712.77,1,False,False,False,28,7,Summer,0,Monsoon Sale,Small Appliances,Air Purifiers,2023-11-13,1253.37,2088.75,47.2,45.0,19.0,79.3,8.0,0.0,5.0,1.0,2.5714285714285716,3.75,4.429339411136565,0,0,28,1,1,966,0.180002393776182
2026-07-07,SKU-0003,12.0,20553.3,1712.77,1,False,False,False,28,7,Summer,0,Monsoon Sale,Small Appliances,Air Purifiers,2023-11-13,1253.37,2088.75,47.2,45.0,19.0,79.3,8.0,0.0,5.0,10.0,3.7142857142857144,4.0,4.680252333449758,1,0,28,1,1,967,0.180002393776182
2026-07-08,SKU-0003,5.0,8563.88,1712.77,1,False,False,False,28,7,Summer,0,Monsoon Sale,Small Appliances,Air Purifiers,2023-11-13,1253.37,2088.75,47.2,45.0,19.0,79.3,12.0,0.0,4.0,8.0,5.428571428571429,4.071428571428571,5.255382728122436,2,0,28,1,1,968,0.180002393776182
2026-07-09,SKU-0003,2.0,3425.55,1712.77,1,False,False,False,28,7,Summer,0,Monsoon Sale,Small Appliances,Air Purifiers,2023-11-13,1253.37,2088.75,47.2,45.0,19.0,79.3,5.0,0.0,2.0,1.0,6.142857142857143,3.9642857142857144,4.705619740571601,3,0,28,1,1,969,0.180002393776182
2026-07-10,SKU-0003,6.0,10276.65,1712.77,1,False,False,False,28,7,Summer,0,Monsoon Sale,Small Appliances,Air Purifiers,2023-11-13,1253.37,2088.75,47.2,45.0,19.0,79.3,2.0,0.0,2.0,5.0,6.428571428571429,4.0,4.3149794459588815,4,0,28,1,1,970,0.180002393776182
2026-07-11,SKU-0003,4.0,8355.0,2088.75,0,False,False,False,28,7,Summer,0,,Small Appliances,Air Purifiers,2023-11-13,1253.37,2088.75,47.2,45.0,19.0,79.3,6.0,10.0,1.0,6.0,7.285714285714286,4.035714285714286,3.3022358947782484,5,1,28,0,0,971,0.0
2026-07-12,SKU-0003,1.0,2088.75,2088.75,0,False,False,False,28,7,Summer,0,,Small Appliances,Air Purifiers,2023-11-13,1253.37,2088.75,47.2,45.0,19.0,79.3,4.0,8.0,0.0,7.0,6.428571428571429,3.9642857142857144,3.2586880211286897,6,1,28,0,0,972,0.0
2026-07-13,SKU-0003,2.0,4177.5,2088.75,0,False,False,False,29,7,Summer,0,,Small Appliances,Air Purifiers,2023-11-13,1253.37,2088.75,15.2,45.0,19.0,79.3,1.0,8.0,0.0,4.0,5.428571428571429,3.75,3.735288603626358,0,0,29,0,0,973,0.0
2026-07-14,SKU-0003,6.0,12532.5,2088.75,0,False,False,False,29,7,Summer,0,,Small Appliances,Air Purifiers,2023-11-13,1253.37,2088.75,15.2,45.0,19.0,79.3,2.0,12.0,0.0,3.0,4.571428571428571,3.6785714285714284,3.7352886036263575,1,0,29,0,0,974,0.0
2026-07-15,SKU-0003,2.0,4177.5,2088.75,0,False,False,False,29,7,Summer,0,,Small Appliances,Air Purifiers,2023-11-13,1253.37,2088.75,15.2,45.0,19.0,79.3,6.0,5.0,0.0,7.0,3.7142857142857144,3.7857142857142856,2.058663459163549,2,0,29,0,0,975,0.0
2026-07-16,SKU-0003,2.0,4177.5,2088.75,0,False,False,False,29,7,Summer,0,,Small Appliances,Air Purifiers,2023-11-13,1253.37,2088.75,15.2,45.0,19.0,79.3,2.0,2.0,0.0,3.0,3.2857142857142856,3.607142857142857,2.0586634591635486,3,0,29,0,0,976,0.0
2026-07-17,SKU-0003,1.0,2088.75,2088.75,0,False,False,False,29,7,Summer,0,,Small Appliances,Air Purifiers,2023-11-13,1253.37,2088.75,15.2,45.0,19.0,79.3,2.0,6.0,0.0,8.0,3.2857142857142856,3.5714285714285716,2.0586634591635486,4,0,29,0,0,977,0.0
2026-07-18,SKU-0003,6.0,12532.5,2088.75,0,False,False,False,29,7,Summer,0,,Small Appliances,Air Purifiers,2023-11-13,1253.37,2088.75,15.2,45.0,19.0,79.3,1.0,4.0,10.0,4.0,2.5714285714285716,3.3214285714285716,1.8126539343499282,5,1,29,0,0,978,0.0
2026-07-19,SKU-0003,4.0,8355.0,2088.75,0,False,False,False,29,7,Summer,0,,Small Appliances,Air Purifiers,2023-11-13,1253.37,2088.75,15.2,45.0,19.0,79.3,6.0,1.0,8.0,1.0,2.857142857142857,3.392857142857143,2.1930626551751318,6,1,29,0,0,979,0.0
2026-07-20,SKU-0003,2.0,4177.5,2088.75,0,False,False,False,30,7,Summer,0,,Small Appliances,Air Purifiers,2023-11-13,1253.37,2088.75,37.2,81.0,19.0,79.3,4.0,2.0,8.0,5.0,3.2857142857142856,3.5,2.0586634591635486,0,0,30,0,0,980,0.0
2026-07-21,SKU-0003,0.0,0.0,2088.75,0,False,False,False,30,7,Summer,0,,Small Appliances,Air Purifiers,2023-11-13,1253.37,2088.75,37.2,81.0,19.0,79.3,2.0,6.0,12.0,5.0,3.2857142857142856,3.392857142857143,2.0586634591635486,1,0,30,0,0,981,0.0
2026-07-22,SKU-0003,4.0,8355.0,2088.75,0,False,False,False,30,7,Summer,0,,Small Appliances,Air Purifiers,2023-11-13,1253.37,2088.75,37.2,81.0,19.0,79.3,0.0,2.0,5.0,4.0,2.4285714285714284,3.2142857142857144,1.9880595947760067,2,0,30,0,0,982,0.0
2026-07-23,SKU-0003,7.0,14621.25,2088.75,0,False,False,False,30,7,Summer,0,,Small Appliances,Air Purifiers,2023-11-13,1253.37,2088.75,37.2,81.0,19.0,79.3,4.0,2.0,2.0,2.0,2.7142857142857144,3.2142857142857144,2.058663459163548,3,0,30,0,0,983,0.0
2026-07-24,SKU-0003,3.0,6266.25,2088.75,0,False,False,False,30,7,Summer,0,,Small Appliances,Air Purifiers,2023-11-13,1253.37,2088.75,37.2,81.0,19.0,79.3,7.0,1.0,6.0,2.0,3.4285714285714284,3.392857142857143,2.572750982712398,4,0,30,0,0,984,0.0
2026-07-25,SKU-0003,4.0,8355.0,2088.75,0,False,False,False,30,7,Summer,0,,Small Appliances,Air Purifiers,2023-11-13,1253.37,2088.75,37.2,81.0,19.0,79.3,3.0,6.0,4.0,1.0,3.7142857142857144,3.4285714285714284,2.360387377408328,5,1,30,0,0,985,0.0
2026-07-26,SKU-0003,2.0,4177.5,2088.75,0,False,False,False,30,7,Summer,0,,Small Appliances,Air Purifiers,2023-11-13,1253.37,2088.75,37.2,81.0,19.0,79.3,4.0,4.0,1.0,0.0,3.4285714285714284,3.5357142857142856,2.149196970742238,6,1,30,0,0,986,0.0
2026-07-27,SKU-0003,3.5,8355.0,2088.75,0,False,True,False,31,7,Summer,0,,Small Appliances,Air Purifiers,2023-11-13,1253.37,2088.75,13.2,81.0,19.0,79.3,2.0,2.0,2.0,0.0,3.142857142857143,3.607142857142857,2.193062655175132,0,0,31,0,0,987,0.0
2026-07-28,SKU-0003,2.0,4177.5,2088.75,0,False,False,False,31,7,Summer,0,,Small Appliances,Air Purifiers,2023-11-13,1253.37,2088.75,13.2,81.0,19.0,79.3,3.5,0.0,6.0,0.0,3.357142857142857,3.732142857142857,2.1353041491843268,1,0,31,0,0,988,0.0
2026-07-29,SKU-0003,4.0,8355.0,2088.75,0,False,False,False,31,7,Summer,0,,Small Appliances,Air Purifiers,2023-11-13,1253.37,2088.75,13.2,81.0,19.0,79.3,2.0,4.0,2.0,0.0,3.642857142857143,3.8035714285714284,1.7008401285415204,2,0,31,0,0,989,0.0
2026-07-30,SKU-0003,4.0,8355.0,2088.75,0,False,False,False,31,7,Summer,0,,Small Appliances,Air Purifiers,2023-11-13,1253.37,2088.75,13.2,81.0,19.0,79.3,4.0,7.0,2.0,0.0,3.642857142857143,3.9464285714285716,1.7008401285415204,3,0,31,0,0,990,0.0
2026-07-31,SKU-0003,3.1936490592373445,6670.73,2088.75,0,False,False,False,31,7,Summer,0,,Small Appliances,Air Purifiers,2023-11-13,1253.37,2088.75,13.2,81.0,19.0,79.3,4.0,3.0,1.0,0.0,3.2142857142857144,4.089285714285714,0.9063269671749614,4,0,31,0,0,991,0.0
2026-08-01,SKU-0003,0.0,0.0,2088.75,0,False,False,False,31,8,Summer,0,,Small Appliances,Air Purifiers,2023-11-13,1253.37,2088.75,13.2,81.0,19.0,79.3,3.1936490592373445,4.0,6.0,10.0,3.241949865605335,4.203344609258477,0.9016394138714198,5,1,31,0,0,992,0.0
2026-08-02,SKU-0003,0.0,0.0,2088.75,0,False,False,False,31,8,Summer,0,,Small Appliances,Air Purifiers,2023-11-13,1253.37,2088.75,13.2,81.0,19.0,79.3,0.0,2.0,4.0,8.0,2.6705212941767633,3.8462017521156193,1.4449686521978466,6,1,31,0,0,993,0.0
2026-08-03,SKU-0003,0.0,0.0,2088.75,0,False,False,False,32,8,Summer,0,,Small Appliances,Air Purifiers,2023-11-13,1253.37,2088.75,0.0,81.0,19.0,79.3,0.0,3.5,2.0,8.0,2.3848070084624777,3.5604874664013337,1.7624917512944207,0,0,32,0,0,994,0.0
2026-08-04,SKU-0003,0.0,0.0,2088.75,0,False,False,False,32,8,Summer,0,,Small Appliances,Air Purifiers,2023-11-13,1253.37,2088.75,0.0,81.0,19.0,79.3,0.0,2.0,0.0,12.0,1.8848070084624777,3.274773180687048,1.8855552718639046,1,0,32,0,0,995,0.0
2026-08-05,SKU-0003,0.0,0.0,2088.75,0,False,False,False,32,8,Summer,0,,Small Appliances,Air Purifiers,2023-11-13,1253.37,2088.75,0.0,81.0,19.0,79.3,0.0,4.0,4.0,5.0,1.5990927227481921,2.8462017521156193,2.0124492358791692,2,0,32,0,0,996,0.0
2026-08-06,SKU-0003,0.0,0.0,2088.75,0,False,False,False,32,8,Summer,0,,Small Appliances,Air Purifiers,2023-11-13,1253.37,2088.75,0.0,81.0,19.0,79.3,0.0,4.0,7.0,2.0,1.0276641513196207,2.667630323544191,1.7704396374071965,3,0,32,0,0,997,0.0
2026-08-07,SKU-0003,0.0,0.0,2088.75,0,False,False,False,32,8,Summer,0,,Small Appliances,Air Purifiers,2023-11-13,1253.37,2088.75,0.0,81.0,19.0,79.3,0.0,3.1936490592373445,3.0,6.0,0.45623557989104924,2.5962017521156193,1.2070858836510503,4,0,32,0,0,998,0.0
2026-08-08,SKU-0003,4.0,8355.0,2088.75,0,False,False,False,32,8,Summer,0,,Small Appliances,Air Purifiers,2023-11-13,1253.37,2088.75,0.0,81.0,19.0,79.3,0.0,0.0,4.0,4.0,0.0,2.3819160378299054,0.0,5,1,32,0,0,999,0.0
2026-08-09,SKU-0003,2.0,4177.5,2088.75,0,False,False,False,32,8,Summer,0,,Small Appliances,Air Purifiers,2023-11-13,1253.37,2088.75,0.0,81.0,19.0,79.3,4.0,0.0,2.0,1.0,0.5714285714285714,2.3819160378299054,1.511857892036909,6,1,32,0,0,1000,0.0
2026-08-10,SKU-0003,0.0,0.0,2088.75,0,False,False,False,33,8,Summer,0,,Small Appliances,Air Purifiers,2023-11-13,1253.37,2088.75,75.0,0.0,19.0,79.3,2.0,0.0,3.5,2.0,0.8571428571428571,2.417630323544191,1.5735915849388864,0,0,33,0,0,1001,0.0
2026-08-11,SKU-0003,6.0,12532.5,2088.75,0,False,False,False,33,8,Summer,0,,Small Appliances,Air Purifiers,2023-11-13,1253.37,2088.75,75.0,0.0,19.0,79.3,0.0,0.0,2.0,6.0,0.8571428571428571,2.3462017521156193,1.5735915849388864,1,0,33,0,0,1002,0.0
2026-08-12,SKU-0003,0.0,0.0,2088.75,0,False,False,False,33,8,Summer,0,,Small Appliances,Air Purifiers,2023-11-13,1253.37,2088.75,75.0,0.0,19.0,79.3,6.0,0.0,4.0,2.0,1.7142857142857142,2.3462017521156193,2.4299715851758235,2,0,33,0,0,1003,0.0
2026-08-13,SKU-0003,5.0,10443.75,2088.75,0,False,False,False,33,8,Summer,0,,Small Appliances,Air Purifiers,2023-11-13,1253.37,2088.75,75.0,0.0,19.0,79.3,0.0,0.0,4.0,2.0,1.7142857142857142,2.274773180687048,2.4299715851758235,3,0,33,0,0,1004,0.0
2026-08-14,SKU-0003,3.0,6266.25,2088.75,0,False,False,False,33,8,Summer,0,,Small Appliances,Air Purifiers,2023-11-13,1253.37,2088.75,75.0,0.0,19.0,79.3,5.0,0.0,3.1936490592373445,1.0,2.4285714285714284,2.3819160378299054,2.5727509827124,4,0,33,0,0,1005,0.0
2026-08-15,SKU-0003,5.0,10443.75,2088.75,0,False,False,False,33,8,Summer,1,,Small Appliances,Air Purifiers,2023-11-13,1253.37,2088.75,75.0,0.0,19.0,79.3,3.0,4.0,0.0,6.0,2.857142857142857,2.4533446092584765,2.3401261667248794,5,1,33,0,0,1006,0.0
2026-08-16,SKU-0003,2.0,4177.5,2088.75,0,False,False,False,33,8,Summer,0,,Small Appliances,Air Purifiers,2023-11-13,1253.37,2088.75,75.0,0.0,19.0,79.3,5.0,2.0,0.0,4.0,3.0,2.417630323544191,2.4494897427831783,6,1,33,0,0,1007,0.0
2024-08-16,SKU-0004,5.0,9097.0,1819.4,0,False,False,False,33,8,Summer,0,,Decor,Wall Art,2023-10-26,1126.32,1819.4,,,,,,,,,,,,4,0,33,0,0,295,0.0
2024-08-17,SKU-0004,2.0,3638.8,1819.4,0,False,False,False,33,8,Summer,0,,Decor,Wall Art,2023-10-26,1126.32,1819.4,,,,,5.0,,,,,,,5,1,33,0,0,296,0.0
2024-08-18,SKU-0004,7.0,12735.8,1819.4,0,False,False,False,33,8,Summer,0,,Decor,Wall Art,2023-10-26,1126.32,1819.4,,,,,2.0,,,,,,,6,1,33,0,0,297,0.0
2024-08-19,SKU-0004,6.0,10916.4,1819.4,0,False,False,False,34,8,Summer,0,,Decor,Wall Art,2023-10-26,1126.32,1819.4,141.5,0.0,8.0,81.5,7.0,,,,,,,0,0,34,0,0,298,0.0
2024-08-20,SKU-0004,6.0,10916.4,1819.4,0,False,False,False,34,8,Summer,0,,Decor,Wall Art,2023-10-26,1126.32,1819.4,141.5,0.0,8.0,81.5,6.0,,,,,,,1,0,34,0,0,299,0.0
2024-08-21,SKU-0004,6.0,10916.4,1819.4,0,False,False,False,34,8,Summer,0,,Decor,Wall Art,2023-10-26,1126.32,1819.4,141.5,0.0,8.0,81.5,6.0,,,,,,,2,0,34,0,0,300,0.0
2024-08-22,SKU-0004,11.0,20013.4,1819.4,0,False,False,False,34,8,Summer,0,,Decor,Wall Art,2023-10-26,1126.32,1819.4,141.5,0.0,8.0,81.5,6.0,,,,,,,3,0,34,0,0,301,0.0
2024-08-23,SKU-0004,7.0,12735.8,1819.4,0,False,False,False,34,8,Summer,0,,Decor,Wall Art,2023-10-26,1126.32,1819.4,141.5,0.0,8.0,81.5,11.0,5.0,,,6.142857142857143,,2.672612419124244,4,0,34,0,0,302,0.0
2024-08-24,SKU-0004,7.0,12735.8,1819.4,0,False,False,False,34,8,Summer,0,,Decor,Wall Art,2023-10-26,1126.32,1819.4,141.5,0.0,8.0,81.5,7.0,2.0,,,6.428571428571429,,2.63673679998231,5,1,34,0,0,303,0.0
2024-08-25,SKU-0004,6.0,10916.4,1819.4,0,False,False,False,34,8,Summer,0,,Decor,Wall Art,2023-10-26,1126.32,1819.4,141.5,0.0,8.0,81.5,7.0,7.0,,,7.142857142857143,,1.7728105208558371,6,1,34,0,0,304,0.0
2024-08-26,SKU-0004,7.0,12735.8,1819.4,0,False,False,False,35,8,Summer,0,,Decor,Wall Art,2023-10-26,1126.32,1819.4,91.5,0.0,8.0,81.5,6.0,6.0,,,7.0,,1.825741858350554,0,0,35,0,0,305,0.0
2024-08-27,SKU-0004,6.0,10916.4,1819.4,0,False,False,False,35,8,Summer,0,,Decor,Wall Art,2023-10-26,1126.32,1819.4,91.5,0.0,8.0,81.5,7.0,6.0,,,7.142857142857143,,1.7728105208558371,1,0,35,0,0,306,0.0
2024-08-28,SKU-0004,4.0,7277.6,1819.4,0,False,False,False,35,8,Summer,0,,Decor,Wall Art,2023-10-26,1126.32,1819.4,91.5,0.0,8.0,81.5,6.0,6.0,,,7.142857142857143,,1.7728105208558371,2,0,35,0,0,307,0.0
2024-08-29,SKU-0004,9.0,16374.6,1819.4,0,False,False,False,35,8,Summer,0,,Decor,Wall Art,2023-10-26,1126.32,1819.4,91.5,0.0,8.0,81.5,4.0,11.0,,,6.857142857142857,,2.115700942049816,3,0,35,0,0,308,0.0
2024-08-30,SKU-0004,3.0,5458.2,1819.4,0,False,False,False,35,8,Summer,0,,Decor,Wall Art,2023-10-26,1126.32,1819.4,91.5,0.0,8.0,81.5,9.0,7.0,5.0,,6.571428571428571,,1.5118578920369097,4,0,35,0,0,309,0.0
2024-08-31,SKU-0004,5.0,9097.0,1819.4,0,False,False,False,35,8,Summer,0,,Decor,Wall Art,2023-10-26,1126.32,1819.4,91.5,0.0,8.0,81.5,3.0,7.0,2.0,,6.0,,2.000000000000001,5,1,35,0,0,310,0.0
2024-09-01,SKU-0004,7.0,12735.8,1819.4,0,False,False,False,35,9,Autumn,0,,Decor,Wall Art,2023-10-26,1126.32,1819.4,91.5,0.0,8.0,81.5,5.0,6.0,7.0,,5.714285714285714,,1.9760470401187085,6,1,35,0,0,311,0.0
2024-09-02,SKU-0004,2.0,3638.8,1819.4,0,False,False,False,36,9,Autumn,0,,Decor,Wall Art,2023-10-26,1126.32,1819.4,55.5,99.0,8.0,81.5,7.0,7.0,6.0,,5.857142857142857,,2.0354009783964306,0,0,36,0,0,312,0.0
2024-09-03,SKU-0004,11.0,20013.4,1819.4,0,False,False,False,36,9,Autumn,0,,Decor,Wall Art,2023-10-26,1126.32,1819.4,55.5,99.0,8.0,81.5,2.0,6.0,6.0,,5.142857142857143,,2.41029537806548,1,0,36,0,0,313,0.0
2024-09-04,SKU-0004,6.0,10916.4,1819.4,0,False,False,False,36,9,Autumn,0,,Decor,Wall Art,2023-10-26,1126.32,1819.4,55.5,99.0,8.0,81.5,11.0,4.0,6.0,,5.857142857142857,,3.2877840272018806,2,0,36,0,0,314,0.0
2024-09-05,SKU-0004,4.0,7277.6,1819.4,0,False,False,False,36,9,Autumn,0,,Decor,Wall Art,2023-10-26,1126.32,1819.4,55.5,99.0,8.0,81.5,6.0,9.0,11.0,,6.142857142857143,,3.184785258515423,3,0,36,0,0,315,0.0
2024-09-06,SKU-0004,6.0,10916.4,1819.4,0,False,False,False,36,9,Autumn,0,,Decor,Wall Art,2023-10-26,1126.32,1819.4,55.5,99.0,8.0,81.5,4.0,3.0,7.0,,5.428571428571429,,2.9920529661723836,4,0,36,0,0,316,0.0
2024-09-07,SKU-0004,8.0,14555.2,1819.4,0,False,False,False,36,9,Autumn,0,,Decor,Wall Art,2023-10-26,1126.32,1819.4,55.5,99.0,8.0,81.5,6.0,5.0,7.0,,5.857142857142857,,2.794552524023089,5,1,36,0,0,317,0.0
2024-09-08,SKU-0004,10.0,18194.0,1819.4,0,False,False,False,36,9,Autumn,0,,Decor,Wall Art,2023-10-26,1126.32,1819.4,55.5,99.0,8.0,81.5,8.0,7.0,6.0,,6.285714285714286,,2.8702082220799325,6,1,36,0,0,318,0.0
2024-09-09,SKU-0004,7.0,12735.8,1819.4,0,False,False,False,37,9,Autumn,0,,Decor,Wall Art,2023-10-26,1126.32,1819.4,3.5,99.0,8.0,81.5,10.0,2.0,7.0,,6.714285714285714,,3.1997023671109237,0,0,37,0,0,319,0.0
2024-09-10,SKU-0004,9.0,16374.6,1819.4,0,False,False,False,37,9,Autumn,0,,Decor,Wall Art,2023-10-26,1126.32,1819.4,3.5,99.0,8.0,81.5,7.0,11.0,6.0,,7.428571428571429,,2.4397501823713355,1,0,37,0,0,320,0.0
2024-09-11,SKU-0004,4.0,7277.6,1819.4,0,False,False,False,37,9,Autumn,0,,Decor,Wall Art,2023-10-26,1126.32,1819.4,3.5,99.0,8.0,81.5,9.0,6.0,4.0,,7.142857142857143,,2.0354009783964324,2,0,37,0,0,321,0.0
2024-09-12,SKU-0004,7.0,12735.8,1819.4,0,False,False,False,37,9,Autumn,0,,Decor,Wall Art,2023-10-26,1126.32,1819.4,3.5,99.0,8.0,81.5,4.0,4.0,9.0,,6.857142857142857,,2.340126166724881,3,0,37,0,0,322,0.0
2024-09-13,SKU-0004,8.0,14555.2,1819.4,0,False,False,False,37,9,Autumn,0,,Decor,Wall Art,2023-10-26,1126.32,1819.4,3.5,99.0,8.0,81.5,7.0,6.0,3.0,5.0,7.285714285714286,6.357142857142857,1.9760470401187102,4,0,37,0,0,323,0.0
2024-09-14,SKU-0004,9.0,16374.6,1819.4,0,False,False,False,37,9,Autumn,0,,Decor,Wall Art,2023-10-26,1126.32,1819.4,3.5,99.0,8.0,81.5,8.0,8.0,5.0,2.0,7.571428571428571,6.464285714285714,1.9023794624226869,5,1,37,0,0,324,0.0
2024-09-15,SKU-0004,9.0,16374.6,1819.4,0,False,False,False,37,9,Autumn,0,,Decor,Wall Art,2023-10-26,1126.32,1819.4,3.5,99.0,8.0,81.5,9.0,10.0,7.0,7.0,7.714285714285714,6.714285714285714,1.9760470401187107,6,1,37,0,0,325,0.0
2024-09-16,SKU-0004,6.0,10916.4,1819.4,0,False,False,False,38,9,Autumn,0,,Decor,Wall Art,2023-10-26,1126.32,1819.4,50.5,104.0,8.0,81.5,9.0,7.0,2.0,6.0,7.571428571428571,6.785714285714286,1.8126539343499346,0,0,38,0,0,326,0.0
2024-09-17,SKU-0004,12.0,21832.8,1819.4,0,False,False,False,38,9,Autumn,0,,Decor,Wall Art,2023-10-26,1126.32,1819.4,50.5,104.0,8.0,81.5,6.0,9.0,11.0,6.0,7.428571428571429,6.785714285714286,1.9023794624226864,1,0,38,0,0,327,0.0
2024-09-18,SKU-0004,5.0,9097.0,1819.4,0,False,False,False,38,9,Autumn,0,,Decor,Wall Art,2023-10-26,1126.32,1819.4,50.5,104.0,8.0,81.5,12.0,4.0,6.0,6.0,7.857142857142857,7.0,2.5448360411214095,2,0,38,0,0,328,0.0
2024-09-19,SKU-0004,3.0,5458.2,1819.4,0,False,False,False,38,9,Autumn,0,,Decor,Wall Art,2023-10-26,1126.32,1819.4,50.5,104.0,8.0,81.5,5.0,7.0,4.0,11.0,8.0,6.964285714285714,2.309401076758506,3,0,38,0,0,329,0.0
2024-09-20,SKU-0004,3.0,5458.2,1819.4,0,False,False,False,38,9,Autumn,0,,Decor,Wall Art,2023-10-26,1126.32,1819.4,50.5,104.0,8.0,81.5,3.0,8.0,6.0,7.0,7.428571428571429,6.678571428571429,2.9920529661723845,4,0,38,0,0,330,0.0
2024-09-21,SKU-0004,9.0,16374.6,1819.4,0,False,False,False,38,9,Autumn,0,,Decor,Wall Art,2023-10-26,1126.32,1819.4,50.5,104.0,8.0,81.5,3.0,9.0,8.0,7.0,6.714285714285714,6.535714285714286,3.401680257083046,5,1,38,0,0,331,0.0
2024-09-22,SKU-0004,3.0,5458.2,1819.4,0,False,False,False,38,9,Autumn,0,,Decor,Wall Art,2023-10-26,1126.32,1819.4,50.5,104.0,8.0,81.5,9.0,9.0,10.0,6.0,6.714285714285714,6.607142857142857,3.401680257083046,6,1,38,0,0,332,0.0
2024-09-23,SKU-0004,5.0,9097.0,1819.4,0,False,False,False,39,9,Autumn,0,,Decor,Wall Art,2023-10-26,1126.32,1819.4,10.5,104.0,8.0,81.5,3.0,6.0,7.0,7.0,5.857142857142857,6.5,3.4846602621858485,0,0,39,0,0,333,0.0
2024-09-24,SKU-0004,5.0,9097.0,1819.4,0,False,False,False,39,9,Autumn,0,,Decor,Wall Art,2023-10-26,1126.32,1819.4,10.5,104.0,8.0,81.5,5.0,12.0,9.0,6.0,5.714285714285714,6.428571428571429,3.4982989063393712,1,0,39,0,0,334,0.0
2024-09-25,SKU-0004,7.0,12735.8,1819.4,0,False,False,False,39,9,Autumn,0,,Decor,Wall Art,2023-10-26,1126.32,1819.4,10.5,104.0,8.0,81.5,5.0,5.0,4.0,4.0,4.714285714285714,6.392857142857143,2.1380899352993943,2,0,39,0,0,335,0.0
2024-09-26,SKU-0004,9.0,16374.6,1819.4,0,False,False,False,39,9,Autumn,0,,Decor,Wall Art,2023-10-26,1126.32,1819.4,10.5,104.0,8.0,81.5,7.0,3.0,7.0,9.0,5.0,6.5,2.3094010767585025,3,0,39,0,0,336,0.0
2024-09-27,SKU-0004,5.0,9097.0,1819.4,0,False,False,False,39,9,Autumn,0,,Decor,Wall Art,2023-10-26,1126.32,1819.4,10.5,104.0,8.0,81.5,9.0,3.0,8.0,3.0,5.857142857142857,6.5,2.5448360411214077,4,0,39,0,0,337,0.0
2024-09-28,SKU-0004,7.0,12735.8,1819.4,0,False,False,False,39,9,Autumn,0,,Decor,Wall Art,2023-10-26,1126.32,1819.4,10.5,104.0,8.0,81.5,5.0,9.0,9.0,5.0,6.142857142857143,6.571428571428571,2.2677868380553643,5,1,39,0,0,338,0.0
2024-09-29,SKU-0004,6.0,10916.4,1819.4,0,False,False,False,39,9,Autumn,0,,Decor,Wall Art,2023-10-26,1126.32,1819.4,10.5,104.0,8.0,81.5,7.0,3.0,9.0,7.0,5.857142857142857,6.642857142857143,1.9518001458970673,6,1,39,0,0,339,0.0
2024-09-30,SKU-0004,2.0,3638.8,1819.4,0,False,False,False,40,9,Autumn,0,,Decor,Wall Art,2023-10-26,1126.32,1819.4,73.5,81.0,8.0,81.5,6.0,5.0,6.0,2.0,6.285714285714286,6.607142857142857,1.4960264830861931,0,0,40,0,0,340,0.0
2024-10-01,SKU-0004,11.0,20013.4,1819.4,0,False,False,False,40,10,Autumn,0,,Decor,Wall Art,2023-10-26,1126.32,1819.4,73.5,81.0,8.0,81.5,2.0,5.0,12.0,11.0,5.857142857142857,6.607142857142857,2.193062655175135,1,0,40,0,0,341,0.0
2024-10-02,SKU-0004,3.0,5458.2,1819.4,0,False,False,False,40,10,Autumn,1,,Decor,Wall Art,2023-10-26,1126.32,1819.4,73.5,81.0,8.0,81.5,11.0,7.0,5.0,6.0,6.714285714285714,6.607142857142857,2.8702082220799325,2,0,40,0,0,342,0.0
2024-10-03,SKU-0004,2.0,3638.8,1819.4,0,False,False,False,40,10,Autumn,0,,Decor,Wall Art,2023-10-26,1126.32,1819.4,73.5,81.0,8.0,81.5,3.0,9.0,3.0,4.0,6.142857142857143,6.5,3.1847852585154226,3,0,40,0,0,343,0.0
2024-10-04,SKU-0004,3.0,5458.2,1819.4,0,False,False,False,40,10,Autumn,0,,Decor,Wall Art,2023-10-26,1126.32,1819.4,73.5,81.0,8.0,81.5,2.0,5.0,3.0,6.0,5.142857142857143,6.428571428571429,3.2366943748507477,4,0,40,0,0,344,0.0
2024-10-05,SKU-0004,10.0,18194.0,1819.4,0,False,False,False,40,10,Autumn,0,,Decor,Wall Art,2023-10-26,1126.32,1819.4,73.5,81.0,8.0,81.5,3.0,7.0,9.0,8.0,4.857142857142857,6.321428571428571,3.3380918415851197,5,1,40,0,0,345,0.0
2024-10-06,SKU-0004,9.0,16374.6,1819.4,0,False,False,False,40,10,Autumn,0,,Decor,Wall Art,2023-10-26,1126.32,1819.4,73.5,81.0,8.0,81.5,10.0,6.0,3.0,10.0,5.285714285714286,6.392857142857143,3.8172540616821102,6,1,40,0,0,346,0.0
2024-10-07,SKU-0004,2.0,3638.8,1819.4,0,False,False,False,41,10,Autumn,0,,Decor,Wall Art,2023-10-26,1126.32,1819.4,33.5,81.0,8.0,81.5,9.0,2.0,5.0,7.0,5.714285714285714,6.357142857142857,4.0708019567928595,0,0,41,0,0,347,0.0
2024-10-08,SKU-0004,5.0,9097.0,1819.4,0,False,False,False,41,10,Autumn,0,,Decor,Wall Art,2023-10-26,1126.32,1819.4,33.5,81.0,8.0,81.5,2.0,11.0,5.0,9.0,5.714285714285714,6.178571428571429,4.0708019567928595,1,0,41,0,0,348,0.0
2024-10-09,SKU-0004,9.0,16374.6,1819.4,0,False,False,False,41,10,Autumn,0,,Decor,Wall Art,2023-10-26,1126.32,1819.4,33.5,81.0,8.0,81.5,5.0,3.0,7.0,4.0,4.857142857142857,6.035714285714286,3.33809184158512,2,0,41,0,0,349,0.0
2024-10-10,SKU-0004,7.0,12735.8,1819.4,0,False,False,False,41,10,Autumn,0,,Decor,Wall Art,2023-10-26,1126.32,1819.4,33.5,81.0,8.0,81.5,9.0,2.0,9.0,7.0,5.714285714285714,6.214285714285714,3.545621041711674,3,0,41,0,0,350,0.0
2024-10-11,SKU-0004,8.0,14555.2,1819.4,0,False,False,False,41,10,Autumn,0,,Decor,Wall Art,2023-10-26,1126.32,1819.4,33.5,81.0,8.0,81.5,7.0,3.0,5.0,8.0,6.428571428571429,6.214285714285714,3.154739442867027,4,0,41,0,0,351,0.0
2024-10-12,SKU-0004,9.0,16374.6,1819.4,0,False,False,False,41,10,Autumn,0,,Decor,Wall Art,2023-10-26,1126.32,1819.4,33.5,81.0,8.0,81.5,8.0,10.0,7.0,9.0,7.142857142857143,6.214285714285714,2.7945525240230897,5,1,41,0,0,352,0.0
2024-10-13,SKU-0004,9.0,16374.6,1819.4,0,False,False,False,41,10,Autumn,0,,Decor,Wall Art,2023-10-26,1126.32,1819.4,33.5,81.0,8.0,81.5,9.0,9.0,6.0,9.0,7.0,6.214285714285714,2.6457513110645925,6,1,41,0,0,353,0.0
2024-10-14,SKU-0004,12.0,21832.8,1819.4,0,False,False,False,42,10,Autumn,0,,Decor,Wall Art,2023-10-26,1126.32,1819.4,55.5,99.0,8.0,81.5,9.0,2.0,2.0,6.0,7.0,6.214285714285714,2.6457513110645925,0,0,42,0,0,354,0.0
2024-10-15,SKU-0004,4.0,7277.6,1819.4,0,False,False,False,42,10,Autumn,0,,Decor,Wall Art,2023-10-26,1126.32,1819.4,55.5,99.0,8.0,81.5,12.0,5.0,11.0,12.0,8.428571428571429,6.428571428571429,2.1491969707422434,1,0,42,0,0,355,0.0
2024-10-16,SKU-0004,11.0,20013.4,1819.4,0,False,False,False,42,10,Autumn,0,,Decor,Wall Art,2023-10-26,1126.32,1819.4,55.5,99.0,8.0,81.5,4.0,9.0,3.0,5.0,8.285714285714286,6.142857142857143,2.429971585175827,2,0,42,0,0,356,0.0
2024-10-17,SKU-0004,2.0,3638.8,1819.4,0,False,False,False,42,10,Autumn,0,,Decor,Wall Art,2023-10-26,1126.32,1819.4,55.5,99.0,8.0,81.5,11.0,7.0,2.0,3.0,8.571428571428571,6.357142857142857,2.6367367999823133,3,0,42,0,0,357,0.0
2024-10-18,SKU-0004,5.0,9097.0,1819.4,0,False,False,False,42,10,Autumn,0,,Decor,Wall Art,2023-10-26,1126.32,1819.4,55.5,99.0,8.0,81.5,2.0,8.0,3.0,3.0,7.857142857142857,6.321428571428571,3.625307868699865,4,0,42,0,0,358,0.0
2024-10-19,SKU-0004,10.0,18194.0,1819.4,0,False,False,False,42,10,Autumn,0,,Decor,Wall Art,2023-10-26,1126.32,1819.4,55.5,99.0,8.0,81.5,5.0,9.0,10.0,9.0,7.428571428571429,6.392857142857143,3.7796447300922744,5,1,42,0,0,359,0.0
2024-10-20,SKU-0004,14.0,25471.6,1819.4,0,False,False,False,42,10,Autumn,0,,Decor,Wall Art,2023-10-26,1126.32,1819.4,55.5,99.0,8.0,81.5,10.0,9.0,9.0,3.0,7.571428571428571,6.428571428571429,3.866830866792724,6,1,42,0,0,360,0.0
2024-10-21,SKU-0004,6.0,10916.4,1819.4,0,False,False,False,43,10,Autumn,0,,Decor,Wall Art,2023-10-26,1126.32,1819.4,3.5,99.0,8.0,81.5,14.0,12.0,2.0,5.0,8.285714285714286,6.821428571428571,4.572172558506724,0,0,43,0,0,361,0.0
2024-10-22,SKU-0004,5.0,9097.0,1819.4,0,False,False,False,43,10,Autumn,0,,Decor,Wall Art,2023-10-26,1126.32,1819.4,3.5,99.0,8.0,81.5,6.0,4.0,5.0,5.0,7.428571428571429,6.857142857142857,4.314979445958883,1,0,43,0,0,362,0.0
2024-10-23,SKU-0004,6.0,10916.4,1819.4,0,False,False,False,43,10,Autumn,0,,Decor,Wall Art,2023-10-26,1126.32,1819.4,3.5,99.0,8.0,81.5,5.0,11.0,9.0,7.0,7.571428571428571,6.857142857142857,4.197504927816957,2,0,43,0,0,363,0.0
2024-10-24,SKU-0004,7.0,12735.8,1819.4,0,False,False,False,43,10,Autumn,0,,Decor,Wall Art,2023-10-26,1126.32,1819.4,3.5,99.0,8.0,81.5,6.0,2.0,7.0,9.0,6.857142857142857,6.821428571428571,3.9339789623472177,3,0,43,0,0,364,0.0
2024-10-25,SKU-0004,8.0,14555.2,1819.4,0,False,False,False,43,10,Autumn,0,,Decor,Wall Art,2023-10-26,1126.32,1819.4,3.5,99.0,8.0,81.5,7.0,5.0,8.0,5.0,7.571428571428571,6.75,3.3094381626464893,4,0,43,0,0,365,0.0
2024-10-26,SKU-0004,12.0,21832.8,1819.4,0,False,False,False,43,10,Autumn,0,,Decor,Wall Art,2023-10-26,1126.32,1819.4,3.5,99.0,8.0,81.5,8.0,10.0,9.0,7.0,8.0,6.857142857142857,3.109126351029608,5,1,43,0,0,366,0.0
2024-10-27,SKU-0004,6.0,10916.4,1819.4,0,False,False,False,43,10,Autumn,0,,Decor,Wall Art,2023-10-26,1126.32,1819.4,3.5,99.0,8.0,81.5,12.0,14.0,9.0,6.0,8.285714285714286,7.035714285714286,3.401680257083048,6,1,43,0,0,367,0.0
2024-10-28,SKU-0004,3.0,5458.2,1819.4,0,False,False,False,44,10,Autumn,0,,Decor,Wall Art,2023-10-26,1126.32,1819.4,55.5,99.0,8.0,81.5,6.0,6.0,12.0,2.0,7.142857142857143,7.035714285714286,2.340126166724882,0,0,44,0,0,368,0.0
2024-10-29,SKU-0004,5.0,9097.0,1819.4,0,False,False,False,44,10,Autumn,0,,Decor,Wall Art,2023-10-26,1126.32,1819.4,55.5,99.0,8.0,81.5,3.0,5.0,4.0,11.0,6.714285714285714,7.071428571428571,2.8115408417381946,1,0,44,0,0,369,0.0
2024-10-30,SKU-0004,3.0,5458.2,1819.4,0,False,False,False,44,10,Autumn,0,,Decor,Wall Art,2023-10-26,1126.32,1819.4,55.5,99.0,8.0,81.5,5.0,6.0,11.0,3.0,6.714285714285714,6.857142857142857,2.8115408417381946,2,0,44,0,0,370,0.0
2024-10-31,SKU-0004,9.0,16374.6,1819.4,0,False,False,False,44,10,Autumn,0,,Decor,Wall Art,2023-10-26,1126.32,1819.4,55.5,99.0,8.0,81.5,3.0,7.0,2.0,2.0,6.285714285714286,6.857142857142857,3.147183169877774,3,0,44,0,0,371,0.0
2024-11-01,SKU-0004,6.0,10916.4,1819.4,0,False,False,False,44,11,Autumn,0,,Decor,Wall Art,2023-10-26,1126.32,1819.4,55.5,99.0,8.0,81.5,9.0,8.0,5.0,3.0,6.571428571428571,7.107142857142857,3.309438162646488,4,0,44,0,0,372,0.0
2024-11-02,SKU-0004,8.0,14555.2,1819.4,0,False,False,False,44,11,Autumn,0,,Decor,Wall Art,2023-10-26,1126.32,1819.4,55.5,99.0,8.0,81.5,6.0,12.0,10.0,10.0,6.285714285714286,7.214285714285714,3.2513733362117274,5,1,44,0,0,373,0.0
2024-11-03,SKU-0004,7.0,12735.8,1819.4,0,False,False,False,44,11,Autumn,0,,Decor,Wall Art,2023-10-26,1126.32,1819.4,55.5,99.0,8.0,81.5,8.0,6.0,14.0,9.0,5.714285714285714,7.142857142857143,2.2886885410853184,6,1,44,0,0,374,0.0
2024-11-04,SKU-0004,8.0,14555.2,1819.4,0,False,False,False,45,11,Autumn,0,,Decor,Wall Art,2023-10-26,1126.32,1819.4,9.5,99.0,8.0,81.5,7.0,3.0,6.0,2.0,5.857142857142857,7.071428571428571,2.3401261667248803,0,0,45,0,0,375,0.0
2024-11-05,SKU-0004,7.0,12735.8,1819.4,0,False,False,False,45,11,Autumn,0,,Decor,Wall Art,2023-10-26,1126.32,1819.4,9.5,99.0,8.0,81.5,8.0,5.0,5.0,5.0,6.571428571428571,7.285714285714286,2.0701966780270653,1,0,45,0,0,376,0.0
2024-11-06,SKU-0004,5.0,9097.0,1819.4,0,False,False,False,45,11,Autumn,0,,Decor,Wall Art,2023-10-26,1126.32,1819.4,9.5,99.0,8.0,81.5,7.0,3.0,6.0,9.0,6.857142857142857,7.357142857142857,1.9518001458970693,2,0,45,0,0,377,0.0
2024-11-07,SKU-0004,13.0,23652.2,1819.4,0,False,False,False,45,11,Autumn,0,,Decor,Wall Art,2023-10-26,1126.32,1819.4,9.5,99.0,8.0,81.5,5.0,9.0,7.0,7.0,7.142857142857143,7.214285714285714,1.3451854182691036,3,0,45,0,0,378,0.0
2024-11-08,SKU-0004,6.0,10916.4,1819.4,0,False,False,False,45,11,Autumn,0,,Decor,Wall Art,2023-10-26,1126.32,1819.4,9.5,99.0,8.0,81.5,13.0,6.0,8.0,8.0,7.714285714285714,7.428571428571429,2.5634797778466263,4,0,45,0,0,379,0.0
2024-11-09,SKU-0004,9.0,16374.6,1819.4,0,False,False,False,45,11,Autumn,0,,Decor,Wall Art,2023-10-26,1126.32,1819.4,9.5,99.0,8.0,81.5,6.0,8.0,12.0,9.0,7.714285714285714,7.357142857142857,2.5634797778466263,5,1,45,0,0,380,0.0
2024-11-10,SKU-0004,9.0,16374.6,1819.4,0,False,False,False,45,11,Autumn,0,,Decor,Wall Art,2023-10-26,1126.32,1819.4,9.5,99.0,8.0,81.5,9.0,7.0,6.0,9.0,7.857142857142857,7.357142857142857,2.609506430251481,6,1,45,0,0,381,0.0
2024-11-11,SKU-0004,6.0,10916.4,1819.4,0,False,False,False,46,11,Autumn,0,,Decor,Wall Art,2023-10-26,1126.32,1819.4,53.5,101.0,8.0,81.5,9.0,8.0,3.0,12.0,8.142857142857142,7.357142857142857,2.609506430251481,0,0,46,0,0,382,0.0
2024-11-12,SKU-0004,11.0,20013.4,1819.4,0,False,False,False,46,11,Autumn,0,,Decor,Wall Art,2023-10-26,1126.32,1819.4,53.5,101.0,8.0,81.5,6.0,7.0,5.0,4.0,7.857142857142857,7.142857142857143,2.734262327610592,1,0,46,0,0,383,0.0
2024-11-13,SKU-0004,8.0,14555.2,1819.4,0,False,False,False,46,11,Autumn,0,,Decor,Wall Art,2023-10-26,1126.32,1819.4,53.5,101.0,8.0,81.5,11.0,5.0,3.0,11.0,8.428571428571429,7.392857142857143,2.935821455580642,2,0,46,0,0,384,0.0
2024-11-14,SKU-0004,8.0,14555.2,1819.4,0,False,False,False,46,11,Autumn,0,,Decor,Wall Art,2023-10-26,1126.32,1819.4,53.5,101.0,8.0,81.5,8.0,13.0,9.0,2.0,8.857142857142858,7.285714285714286,2.5448360411214117,3,0,46,0,0,385,0.0
2024-11-15,SKU-0004,11.0,20013.4,1819.4,0,False,False,False,46,11,Autumn,0,,Decor,Wall Art,2023-10-26,1126.32,1819.4,53.5,101.0,8.0,81.5,8.0,6.0,6.0,5.0,8.142857142857142,7.5,1.772810520855842,4,0,46,0,0,386,0.0
2024-11-16,SKU-0004,10.0,18194.0,1819.4,0,False,False,False,46,11,Autumn,0,,Decor,Wall Art,2023-10-26,1126.32,1819.4,53.5,101.0,8.0,81.5,11.0,9.0,8.0,10.0,8.857142857142858,7.714285714285714,1.7728105208558433,5,1,46,0,0,387,0.0
2024-11-17,SKU-0004,5.528802256092433,10059.1,1819.4,0,False,False,False,46,11,Autumn,0,,Decor,Wall Art,2023-10-26,1126.32,1819.4,53.5,101.0,8.0,81.5,10.0,9.0,7.0,14.0,9.0,7.714285714285714,1.8257418583505602,6,1,46,0,0,388,0.0
2024-11-18,SKU-0004,0.0,0.0,1819.4,0,False,False,False,47,11,Autumn,0,,Decor,Wall Art,2023-10-26,1126.32,1819.4,0.0,101.0,8.0,81.5,5.528802256092433,6.0,8.0,6.0,8.504114608013206,7.4117429377175865,2.2482547869924883,0,0,47,0,0,389,0.0
2024-11-19,SKU-0004,11.0,20013.4,1819.4,0,False,False,False,47,11,Autumn,0,,Decor,Wall Art,2023-10-26,1126.32,1819.4,0.0,101.0,8.0,81.5,0.0,11.0,7.0,5.0,7.646971750870348,7.197457223431873,3.8994532881056787,1,0,47,0,0,390,0.0
2024-11-20,SKU-0004,15.0,22378.62,1491.91,1,False,False,False,47,11,Autumn,0,Diwali Sale,Decor,Wall Art,2023-10-26,1126.32,1819.4,0.0,101.0,8.0,81.5,11.0,8.0,5.0,6.0,7.646971750870348,7.4117429377175865,3.8994532881056787,2,0,47,1,1,391,0.17999890073650648
2024-11-21,SKU-0004,7.0,10443.36,1491.91,1,False,False,False,47,11,Autumn,0,Diwali Sale,Decor,Wall Art,2023-10-26,1126.32,1819.4,0.0,101.0,8.0,81.5,15.0,8.0,13.0,7.0,8.646971750870348,7.733171509146159,4.798902846216071,3,0,47,1,1,392,0.17999890073650648
2024-11-22,SKU-0004,17.0,25362.44,1491.91,1,False,False,False,47,11,Autumn,0,Diwali Sale,Decor,Wall Art,2023-10-26,1126.32,1819.4,0.0,101.0,8.0,81.5,7.0,11.0,6.0,8.0,8.504114608013206,7.733171509146159,4.836112376751389,4,0,47,1,1,393,0.17999890073650648
2024-11-23,SKU-0004,13.0,19394.8,1491.91,1,False,False,False,47,11,Autumn,0,Diwali Sale,Decor,Wall Art,2023-10-26,1126.32,1819.4,0.0,101.0,8.0,81.5,17.0,10.0,9.0,12.0,9.361257465156061,8.05460008057473,5.789871401628771,5,1,47,1,1,394,0.17999890073650648
2024-11-24,SKU-0004,14.0,20886.71,1491.91,1,False,False,False,47,11,Autumn,0,Diwali Sale,Decor,Wall Art,2023-10-26,1126.32,1819.4,0.0,101.0,8.0,81.5,13.0,5.528802256092433,9.0,6.0,9.78982889372749,8.090314366289016,5.953744004234389,6,1,47,1,1,395,0.17999890073650648
2024-11-25,SKU-0004,12.0,17902.9,1491.91,1,False,False,False,48,11,Autumn,0,Diwali Sale,Decor,Wall Art,2023-10-26,1126.32,1819.4,12.0,142.5,8.0,81.5,14.0,0.0,6.0,3.0,11.0,8.376028652003301,5.802298395176406,0,0,48,1,1,396,0.17999890073650648
2024-11-26,SKU-0004,12.0,17902.9,1491.91,1,False,False,False,48,11,Autumn,0,Diwali Sale,Decor,Wall Art,2023-10-26,1126.32,1819.4,12.0,142.5,8.0,81.5,12.0,11.0,11.0,5.0,12.714285714285714,8.697457223431872,3.1997023671109277,1,0,48,1,1,397,0.17999890073650648
2024-11-27,SKU-0004,0.0,0.0,1491.91,1,False,False,False,48,11,Autumn,0,Diwali Sale,Decor,Wall Art,2023-10-26,1126.32,1819.4,12.0,142.5,8.0,81.5,12.0,15.0,8.0,3.0,12.857142857142858,8.947457223431872,3.1320159337915006,2,0,48,1,1,398,0.17999890073650648
2024-11-28,SKU-0004,0.0,0.0,1491.91,1,False,False,False,48,11,Autumn,0,Diwali Sale,Decor,Wall Art,2023-10-26,1126.32,1819.4,12.0,142.5,8.0,81.5,0.0,7.0,8.0,9.0,10.714285714285714,8.840314366289016,5.589105048046179,3,0,48,1,1,399,0.17999890073650648
2024-11-29,SKU-0004,0.0,0.0,1491.908,1,False,False,True,48,11,Autumn,0,Diwali Sale,Decor,Wall Art,2023-10-26,1126.32,1819.4,12.0,142.5,8.0,81.5,0.0,17.0,11.0,6.0,9.714285714285714,8.518885794860443,6.84870512613603,4,0,48,1,1,400,0.18000000000000005
2024-11-30,SKU-0004,0.0,0.0,1491.91,1,False,False,False,48,11,Autumn,0,Diwali Sale,Decor,Wall Art,2023-10-26,1126.32,1819.4,12.0,142.5,8.0,81.5,0.0,13.0,10.0,8.0,7.285714285714286,8.30460008057473,6.84870512613603,5,1,48,1,1,401,0.17999890073650648
2024-12-01,SKU-0004,0.0,0.0,1819.4,0,False,False,False,48,12,Winter,0,,Decor,Wall Art,2023-10-26,1126.32,1819.4,12.0,142.5,8.0,81.5,0.0,14.0,5.528802256092433,7.0,5.428571428571429,8.018885794860443,6.803360514166092,6,1,48,0,0,402,0.0
2024-12-02,SKU-0004,0.0,0.0,1819.4,0,False,False,False,49,12,Winter,0,,Decor,Wall Art,2023-10-26,1126.32,1819.4,0.0,142.5,8.0,81.5,0.0,12.0,0.0,8.0,3.4285714285714284,7.768885794860444,5.855400437691201,0,0,49,0,0,403,0.0
2024-12-03,SKU-0004,13.0,23652.2,1819.4,0,False,False,True,49,12,Winter,0,,Decor,Wall Art,2023-10-26,1126.32,1819.4,0.0,142.5,8.0,81.5,0.0,12.0,11.0,7.0,1.7142857142857142,7.483171509146159,4.53557367611073,1,0,49,0,0,404,0.0
2024-12-04,SKU-0004,9.0,16374.6,1819.4,0,False,False,False,49,12,Winter,0,,Decor,Wall Art,2023-10-26,1126.32,1819.4,0.0,142.5,8.0,81.5,13.0,0.0,15.0,5.0,1.8571428571428572,7.697457223431873,4.913538149119954,2,0,49,0,0,405,0.0
2024-12-05,SKU-0004,10.0,18194.0,1819.4,0,False,False,False,49,12,Winter,0,,Decor,Wall Art,2023-10-26,1126.32,1819.4,0.0,142.5,8.0,81.5,9.0,0.0,7.0,13.0,3.142857142857143,7.840314366289015,5.490251100164468,3,0,49,0,0,406,0.0
2024-12-06,SKU-0004,5.0,9097.0,1819.4,0,False,False,False,49,12,Winter,0,,Decor,Wall Art,2023-10-26,1126.32,1819.4,0.0,142.5,8.0,81.5,10.0,0.0,17.0,6.0,4.571428571428571,7.733171509146159,5.8268671644701975,4,0,49,0,0,407,0.0
2024-12-07,SKU-0004,7.0,12735.8,1819.4,0,False,False,False,49,12,Winter,0,,Decor,Wall Art,2023-10-26,1126.32,1819.4,0.0,142.5,8.0,81.5,5.0,0.0,13.0,9.0,5.285714285714286,7.697457223431873,5.468524655221178,5,1,49,0,0,408,0.0
2024-12-08,SKU-0004,9.0,16374.6,1819.4,0,False,False,False,49,12,Winter,0,,Decor,Wall Art,2023-10-26,1126.32,1819.4,0.0,142.5,8.0,81.5,7.0,0.0,14.0,9.0,6.285714285714286,7.626028652003301,4.956957592256421,6,1,49,0,0,409,0.0
2024-12-09,SKU-0004,8.0,14555.2,1819.4,0,False,False,False,50,12,Winter,0,,Decor,Wall Art,2023-10-26,1126.32,1819.4,81.5,73.0,8.0,81.5,9.0,0.0,12.0,6.0,7.571428571428571,7.626028652003301,4.1576092031015,0,0,50,0,0,410,0.0
2024-12-10,SKU-0004,6.0,10916.4,1819.4,0,False,False,False,50,12,Winter,0,,Decor,Wall Art,2023-10-26,1126.32,1819.4,81.5,73.0,8.0,81.5,8.0,13.0,12.0,11.0,8.714285714285714,7.697457223431873,2.497617912751115,1,0,50,0,0,411,0.0
2024-12-11,SKU-0004,11.0,20013.4,1819.4,0,False,False,False,50,12,Winter,0,,Decor,Wall Art,2023-10-26,1126.32,1819.4,81.5,73.0,8.0,81.5,6.0,9.0,0.0,8.0,7.714285714285714,7.518885794860444,1.7994708216848754,2,0,50,0,0,412,0.0
2024-12-12,SKU-0004,5.0,9097.0,1819.4,0,False,False,False,50,12,Winter,0,,Decor,Wall Art,2023-10-26,1126.32,1819.4,81.5,73.0,8.0,81.5,11.0,10.0,0.0,8.0,8.0,7.626028652003301,2.160246899469287,3,0,50,0,0,413,0.0
2024-12-13,SKU-0004,9.0,16374.6,1819.4,0,False,False,False,50,12,Winter,0,,Decor,Wall Art,2023-10-26,1126.32,1819.4,81.5,73.0,8.0,81.5,5.0,5.0,0.0,11.0,7.285714285714286,7.518885794860444,2.214669705568284,4,0,50,0,0,414,0.0
2024-12-14,SKU-0004,7.0,12735.8,1819.4,0,False,False,False,50,12,Winter,0,,Decor,Wall Art,2023-10-26,1126.32,1819.4,81.5,73.0,8.0,81.5,9.0,7.0,0.0,10.0,7.857142857142857,7.447457223431873,2.03540097839643,5,1,50,0,0,415,0.0
2024-12-15,SKU-0004,10.0,18194.0,1819.4,0,False,False,False,50,12,Winter,0,,Decor,Wall Art,2023-10-26,1126.32,1819.4,81.5,73.0,8.0,81.5,7.0,9.0,0.0,5.528802256092433,7.857142857142857,7.340314366289015,2.03540097839643,6,1,50,0,0,416,0.0
2024-12-16,SKU-0004,5.0,9097.0,1819.4,0,False,False,False,51,12,Winter,0,,Decor,Wall Art,2023-10-26,1126.32,1819.4,28.5,73.0,8.0,81.5,10.0,8.0,0.0,0.0,8.0,7.5,2.160246899469287,0,0,51,0,0,417,0.0
2024-12-17,SKU-0004,7.0,12735.8,1819.4,0,False,False,False,51,12,Winter,0,,Decor,Wall Art,2023-10-26,1126.32,1819.4,28.5,73.0,8.0,81.5,5.0,6.0,13.0,11.0,7.571428571428571,7.678571428571429,2.4397501823713337,1,0,51,0,0,418,0.0
2024-12-18,SKU-0004,6.0,10916.4,1819.4,0,False,False,False,51,12,Winter,0,,Decor,Wall Art,2023-10-26,1126.32,1819.4,28.5,73.0,8.0,81.5,7.0,11.0,9.0,15.0,7.714285714285714,7.535714285714286,2.3603873774083297,2,0,51,0,0,419,0.0
2024-12-19,SKU-0004,9.0,16374.6,1819.4,0,False,False,False,51,12,Winter,0,,Decor,Wall Art,2023-10-26,1126.32,1819.4,28.5,73.0,8.0,81.5,6.0,5.0,10.0,7.0,7.0,7.214285714285714,1.914854215512677,3,0,51,0,0,420,0.0
2024-12-20,SKU-0004,13.0,19394.8,1491.91,1,False,False,False,51,12,Winter,0,Year End Clearance,Decor,Wall Art,2023-10-26,1126.32,1819.4,28.5,73.0,8.0,81.5,9.0,9.0,5.0,17.0,7.571428571428571,7.285714285714286,1.8126539343499322,4,0,51,1,1,421,0.17999890073650648
2024-12-21,SKU-0004,11.0,16410.99,1491.91,1,False,False,False,51,12,Winter,0,Year End Clearance,Decor,Wall Art,2023-10-26,1126.32,1819.4,28.5,73.0,8.0,81.5,13.0,7.0,7.0,13.0,8.142857142857142,7.142857142857143,2.734262327610589,5,1,51,1,1,422,0.17999890073650648
2024-12-22,SKU-0004,14.0,20886.71,1491.91,1,False,False,False,51,12,Winter,0,Year End Clearance,Decor,Wall Art,2023-10-26,1126.32,1819.4,28.5,73.0,8.0,81.5,11.0,10.0,9.0,14.0,8.714285714285714,7.071428571428571,2.8702082220799303,6,1,51,1,1,423,0.17999890073650648
2024-12-23,SKU-0004,16.0,23870.53,1491.91,1,False,False,False,52,12,Winter,0,Year End Clearance,Decor,Wall Art,2023-10-26,1126.32,1819.4,25.5,129.0,8.0,81.5,14.0,5.0,8.0,12.0,9.285714285714286,7.071428571428571,3.4982989063393704,0,0,52,1,1,424,0.17999890073650648
2024-12-24,SKU-0004,14.0,20886.71,1491.91,1,False,False,False,52,12,Winter,0,Year End Clearance,Decor,Wall Art,2023-10-26,1126.32,1819.4,25.5,129.0,8.0,81.5,16.0,7.0,6.0,12.0,10.857142857142858,7.214285714285714,3.716116764786031,1,0,52,1,1,425,0.17999890073650648
2024-12-25,SKU-0004,11.528802256092431,17199.91,1491.91,1,False,False,False,52,12,Winter,1,Year End Clearance,Decor,Wall Art,2023-10-26,1126.32,1819.4,25.5,129.0,8.0,81.5,14.0,6.0,11.0,0.0,11.857142857142858,7.285714285714286,3.436498771936895,2,0,52,1,1,426,0.17999890073650648
2024-12-26,SKU-0004,0.0,0.0,1491.91,1,False,False,False,52,12,Winter,0,Year End Clearance,Decor,Wall Art,2023-10-26,1126.32,1819.4,25.5,129.0,8.0,81.5,11.528802256092431,9.0,5.0,0.0,12.646971750870348,7.697457223431873,2.3199145167043596,3,0,52,1,1,427,0.17999890073650648
2024-12-27,SKU-0004,0.0,0.0,1491.91,1,False,False,False,52,12,Winter,0,Year End Clearance,Decor,Wall Art,2023-10-26,1126.32,1819.4,25.5,129.0,8.0,81.5,0.0,13.0,9.0,0.0,11.361257465156061,7.697457223431873,5.2815099345599315,4,0,52,1,1,428,0.17999890073650648
2024-12-28,SKU-0004,0.0,0.0,1491.91,1,False,False,False,52,12,Winter,0,Year End Clearance,Decor,Wall Art,2023-10-26,1126.32,1819.4,25.5,129.0,8.0,81.5,0.0,11.0,7.0,0.0,9.504114608013206,7.697457223431873,6.703430963374055,5,1,52,1,1,429,0.17999890073650648
2024-12-29,SKU-0004,0.0,0.0,1491.91,1,False,False,False,52,12,Winter,0,Year End Clearance,Decor,Wall Art,2023-10-26,1126.32,1819.4,25.5,129.0,8.0,81.5,0.0,14.0,10.0,0.0,7.9326860365846334,7.697457223431873,7.53238261524763,6,1,52,1,1,430,0.17999890073650648
2024-12-30,SKU-0004,0.0,0.0,1491.91,1,False,False,False,1,12,Winter,0,Year End Clearance,Decor,Wall Art,2023-10-26,1126.32,1819.4,0.0,129.0,8.0,81.5,0.0,16.0,5.0,0.0,5.9326860365846334,7.697457223431873,7.511501583119918,0,0,1,1,1,431,0.17999890073650648
2024-12-31,SKU-0004,14.0,20886.71,1491.91,1,False,False,False,1,12,Winter,0,Year End Clearance,Decor,Wall Art,2023-10-26,1126.32,1819.4,0.0,129.0,8.0,81.5,0.0,14.0,7.0,13.0,3.6469717508703474,7.697457223431873,6.269110261147615,1,0,1,1,1,432,0.17999890073650648
2025-01-01,SKU-0004,9.0,16374.6,1819.4,0,False,False,False,1,1,Winter,1,,Decor,Wall Art,2023-10-26,1126.32,1819.4,0.0,129.0,8.0,81.5,14.0,11.528802256092431,6.0,9.0,3.6469717508703474,7.733171509146159,6.269110261147615,2,0,1,0,0,433,0.0
2025-01-02,SKU-0004,7.0,12735.8,1819.4,0,False,False,False,1,1,Winter,0,,Decor,Wall Art,2023-10-26,1126.32,1819.4,0.0,129.0,8.0,81.5,9.0,0.0,9.0,10.0,3.2857142857142856,7.733171509146159,5.794085654478074,3,0,1,0,0,434,0.0
2025-01-03,SKU-0004,4.0,7277.6,1819.4,0,False,False,False,1,1,Winter,0,,Decor,Wall Art,2023-10-26,1126.32,1819.4,0.0,129.0,8.0,81.5,7.0,0.0,13.0,5.0,4.285714285714286,7.626028652003301,5.736267244886865,4,0,1,0,0,435,0.0
2025-01-04,SKU-0004,5.0,9097.0,1819.4,0,False,False,False,1,1,Winter,0,,Decor,Wall Art,2023-10-26,1126.32,1819.4,0.0,129.0,8.0,81.5,4.0,0.0,11.0,7.0,4.857142857142857,7.590314366289015,5.429197958832457,5,1,1,0,0,436,0.0
2025-01-05,SKU-0004,9.0,16374.6,1819.4,0,False,False,False,1,1,Winter,0,,Decor,Wall Art,2023-10-26,1126.32,1819.4,0.0,129.0,8.0,81.5,5.0,0.0,14.0,9.0,5.571428571428571,7.518885794860444,4.995235825502235,6,1,1,0,0,437,0.0
2025-01-06,SKU-0004,9.0,16374.6,1819.4,0,False,False,False,2,1,Winter,0,,Decor,Wall Art,2023-10-26,1126.32,1819.4,72.0,82.5,8.0,81.5,9.0,0.0,16.0,8.0,6.857142857142857,7.518885794860444,4.450789122113498,0,0,2,0,0,438,0.0
2025-01-07,SKU-0004,8.0,14555.2,1819.4,0,False,False,False,2,1,Winter,0,,Decor,Wall Art,2023-10-26,1126.32,1819.4,72.0,82.5,8.0,81.5,9.0,14.0,14.0,6.0,8.142857142857142,7.55460008057473,3.287784027201883,1,0,2,0,0,439,0.0
2025-01-08,SKU-0004,13.0,23652.2,1819.4,0,False,False,False,2,1,Winter,0,,Decor,Wall Art,2023-10-26,1126.32,1819.4,72.0,82.5,8.0,81.5,8.0,9.0,11.528802256092431,11.0,7.285714285714286,7.626028652003301,2.058663459163558,2,0,2,0,0,440,0.0
2025-01-09,SKU-0004,12.0,21832.8,1819.4,0,False,False,False,2,1,Winter,0,,Decor,Wall Art,2023-10-26,1126.32,1819.4,72.0,82.5,8.0,81.5,13.0,7.0,0.0,5.0,7.857142857142857,7.697457223431873,2.9680841985233224,3,0,2,0,0,441,0.0
2025-01-10,SKU-0004,11.0,20013.4,1819.4,0,False,False,False,2,1,Winter,0,,Decor,Wall Art,2023-10-26,1126.32,1819.4,72.0,82.5,8.0,81.5,12.0,4.0,0.0,9.0,8.571428571428571,7.947457223431873,3.3094381626464893,4,0,2,0,0,442,0.0
2025-01-11,SKU-0004,7.0,12735.8,1819.4,0,False,False,False,2,1,Winter,0,,Decor,Wall Art,2023-10-26,1126.32,1819.4,72.0,82.5,8.0,81.5,11.0,5.0,0.0,7.0,9.571428571428571,8.018885794860443,2.6992062325273145,5,1,2,0,0,443,0.0
2025-01-12,SKU-0004,10.0,18194.0,1819.4,0,False,False,False,2,1,Winter,0,,Decor,Wall Art,2023-10-26,1126.32,1819.4,72.0,82.5,8.0,81.5,7.0,9.0,0.0,10.0,9.857142857142858,8.018885794860443,2.1930626551751367,6,1,2,0,0,444,0.0
2025-01-13,SKU-0004,8.0,14555.2,1819.4,0,False,False,False,3,1,Winter,0,,Decor,Wall Art,2023-10-26,1126.32,1819.4,3.0,82.5,8.0,81.5,10.0,9.0,0.0,5.0,10.0,8.018885794860443,2.1602468994692887,0,0,3,0,0,445,0.0
2025-01-14,SKU-0004,12.0,21832.8,1819.4,0,False,False,False,3,1,Winter,0,,Decor,Wall Art,2023-10-26,1126.32,1819.4,3.0,82.5,8.0,81.5,8.0,8.0,14.0,7.0,9.857142857142858,8.126028652003301,2.2677868380553656,1,0,3,0,0,446,0.0
2025-01-15,SKU-0004,7.0,12735.8,1819.4,0,False,False,False,3,1,Winter,0,,Decor,Wall Art,2023-10-26,1126.32,1819.4,3.0,82.5,8.0,81.5,12.0,13.0,9.0,6.0,10.428571428571429,8.30460008057473,2.2253945610567483,2,0,3,0,0,447,0.0
2025-01-16,SKU-0004,14.0,25471.6,1819.4,0,False,False,False,3,1,Winter,0,,Decor,Wall Art,2023-10-26,1126.32,1819.4,3.0,82.5,8.0,81.5,7.0,12.0,7.0,9.0,9.571428571428571,8.340314366289016,2.225394561056751,3,0,3,0,0,448,0.0
2025-01-17,SKU-0004,8.0,14555.2,1819.4,0,False,False,False,3,1,Winter,0,,Decor,Wall Art,2023-10-26,1126.32,1819.4,3.0,82.5,8.0,81.5,14.0,11.0,4.0,13.0,9.857142857142858,8.518885794860443,2.6726124191242464,4,0,3,0,0,449,0.0
2025-01-18,SKU-0004,8.0,14555.2,1819.4,0,False,False,False,3,1,Winter,0,,Decor,Wall Art,2023-10-26,1126.32,1819.4,3.0,82.5,8.0,81.5,8.0,7.0,5.0,11.0,9.428571428571429,8.340314366289016,2.699206232527316,5,1,3,0,0,450,0.0
2025-01-19,SKU-0004,8.0,14555.2,1819.4,0,False,False,False,3,1,Winter,0,,Decor,Wall Art,2023-10-26,1126.32,1819.4,3.0,82.5,8.0,81.5,8.0,10.0,9.0,14.0,9.571428571428571,8.233171509146159,2.5727509827124035,6,1,3,0,0,451,0.0
2025-01-20,SKU-0004,7.0,12735.8,1819.4,0,False,False,False,4,1,Winter,0,,Decor,Wall Art,2023-10-26,1126.32,1819.4,21.5,133.0,8.0,81.5,8.0,8.0,9.0,16.0,9.285714285714286,8.018885794860443,2.6276913640612225,0,0,4,0,0,452,0.0
2025-01-21,SKU-0004,9.0,16374.6,1819.4,0,False,False,False,4,1,Winter,0,,Decor,Wall Art,2023-10-26,1126.32,1819.4,21.5,133.0,8.0,81.5,7.0,12.0,8.0,14.0,9.142857142857142,7.697457223431873,2.734262327610594,1,0,4,0,0,453,0.0
2025-01-22,SKU-0004,7.0,12735.8,1819.4,0,False,False,False,4,1,Winter,0,,Decor,Wall Art,2023-10-26,1126.32,1819.4,21.5,133.0,8.0,81.5,9.0,7.0,13.0,11.528802256092431,8.714285714285714,7.518885794860444,2.4299715851758306,2,0,4,0,0,454,0.0
2025-01-23,SKU-0004,5.528802256092433,10059.1,1819.4,0,False,False,False,4,1,Winter,0,,Decor,Wall Art,2023-10-26,1126.32,1819.4,21.5,133.0,8.0,81.5,7.0,14.0,12.0,0.0,8.714285714285714,7.357142857142857,2.4299715851758306,3,0,4,0,0,455,0.0
2025-01-24,SKU-0004,0.0,0.0,1819.4,0,False,False,False,4,1,Winter,0,,Decor,Wall Art,2023-10-26,1126.32,1819.4,21.5,133.0,8.0,81.5,5.528802256092433,8.0,11.0,0.0,7.504114608013205,7.55460008057473,1.1094669918173103,4,0,4,0,0,456,0.0
2025-01-25,SKU-0004,0.0,0.0,1819.4,0,False,False,False,4,1,Winter,0,,Decor,Wall Art,2023-10-26,1126.32,1819.4,21.5,133.0,8.0,81.5,0.0,8.0,7.0,0.0,6.361257465156062,7.55460008057473,3.0085566478780477,5,1,4,0,0,457,0.0
2025-01-26,SKU-0004,0.0,0.0,1819.4,0,False,False,False,4,1,Winter,1,,Decor,Wall Art,2023-10-26,1126.32,1819.4,21.5,133.0,8.0,81.5,0.0,8.0,10.0,0.0,5.218400322298919,7.55460008057473,3.7181030315782255,6,1,4,0,0,458,0.0
2025-01-27,SKU-0004,0.0,0.0,1819.4,0,False,False,False,5,1,Winter,0,,Decor,Wall Art,2023-10-26,1126.32,1819.4,0.0,133.0,8.0,81.5,0.0,7.0,8.0,0.0,4.075543179441776,7.55460008057473,3.9432915382649734,0,0,5,0,0,459,0.0
2025-01-28,SKU-0004,4.0,7277.6,1819.4,0,False,False,False,5,1,Winter,0,,Decor,Wall Art,2023-10-26,1126.32,1819.4,0.0,133.0,8.0,81.5,0.0,9.0,12.0,14.0,3.0755431794417762,7.55460008057473,3.9655788448156764,1,0,5,0,0,460,0.0
2025-01-29,SKU-0004,3.0,5458.2,1819.4,0,False,False,False,5,1,Winter,0,,Decor,Wall Art,2023-10-26,1126.32,1819.4,0.0,133.0,8.0,81.5,4.0,7.0,7.0,9.0,2.361257465156062,7.197457223431873,3.0697148800740184,2,0,5,0,0,461,0.0
2025-01-30,SKU-0004,5.0,9097.0,1819.4,0,False,False,False,5,1,Winter,0,,Decor,Wall Art,2023-10-26,1126.32,1819.4,0.0,133.0,8.0,81.5,3.0,5.528802256092433,14.0,7.0,1.7898288937274904,6.983171509146159,2.3502922550618157,3,0,5,0,0,462,0.0
2025-01-31,SKU-0004,4.0,7277.6,1819.4,0,False,False,False,5,1,Winter,0,,Decor,Wall Art,2023-10-26,1126.32,1819.4,0.0,133.0,8.0,81.5,5.0,0.0,8.0,4.0,1.7142857142857142,6.9117429377175865,2.214669705568319,4,0,5,0,0,463,0.0
2025-02-01,SKU-0004,6.0,10916.4,1819.4,0,False,False,False,5,2,Winter,0,,Decor,Wall Art,2023-10-26,1126.32,1819.4,0.0,133.0,8.0,81.5,4.0,0.0,8.0,5.0,2.2857142857142856,6.9117429377175865,2.214669705568317,5,1,5,0,0,464,0.0
2025-02-02,SKU-0004,13.0,23652.2,1819.4,0,False,False,False,5,2,Winter,0,,Decor,Wall Art,2023-10-26,1126.32,1819.4,0.0,133.0,8.0,81.5,6.0,0.0,8.0,9.0,3.142857142857143,6.947457223431873,2.3401261667249083,6,1,5,0,0,465,0.0
2025-02-03,SKU-0004,3.0,5458.2,1819.4,0,False,False,False,6,2,Winter,0,,Decor,Wall Art,2023-10-26,1126.32,1819.4,95.0,0.0,8.0,81.5,13.0,0.0,7.0,9.0,5.0,7.090314366289015,4.000000000000012,0,0,6,0,0,466,0.0
2025-02-04,SKU-0004,6.0,10916.4,1819.4,0,False,False,False,6,2,Winter,0,,Decor,Wall Art,2023-10-26,1126.32,1819.4,95.0,0.0,8.0,81.5,3.0,4.0,9.0,8.0,5.428571428571429,6.876028652003301,3.5050983275386702,1,0,6,0,0,467,0.0
2025-02-05,SKU-0004,5.0,9097.0,1819.4,0,False,False,False,6,2,Winter,0,,Decor,Wall Art,2023-10-26,1126.32,1819.4,95.0,0.0,8.0,81.5,6.0,3.0,7.0,13.0,5.714285714285714,6.80460008057473,3.4503277967117847,2,0,6,0,0,468,0.0
2025-02-06,SKU-0004,3.0,5458.2,1819.4,0,False,False,False,6,2,Winter,0,,Decor,Wall Art,2023-10-26,1126.32,1819.4,95.0,0.0,8.0,81.5,5.0,5.0,5.528802256092433,12.0,6.0,6.518885794860444,3.2659863237109175,3,0,6,0,0,469,0.0
2025-02-07,SKU-0004,5.5,7277.6,1819.4,0,False,True,False,6,2,Winter,0,,Decor,Wall Art,2023-10-26,1126.32,1819.4,95.0,0.0,8.0,81.5,3.0,4.0,0.0,11.0,5.714285714285714,6.197457223431873,3.4503277967117847,4,0,6,0,0,470,0.0
2025-02-08,SKU-0004,7.0,12735.8,1819.4,0,False,False,False,6,2,Winter,0,,Decor,Wall Art,2023-10-26,1126.32,1819.4,95.0,0.0,8.0,81.5,5.5,6.0,0.0,7.0,5.928571428571429,6.001028652003301,3.3718018356729846,5,1,6,0,0,471,0.0
2025-02-09,SKU-0004,7.0,12735.8,1819.4,0,False,False,False,6,2,Winter,0,,Decor,Wall Art,2023-10-26,1126.32,1819.4,95.0,0.0,8.0,81.5,7.0,13.0,0.0,10.0,6.071428571428571,6.001028652003301,3.3964266937053673,6,1,6,0,0,472,0.0
2025-02-10,SKU-0004,5.0,9097.0,1819.4,0,False,False,False,7,2,Winter,0,,Decor,Wall Art,2023-10-26,1126.32,1819.4,58.0,96.5,8.0,81.5,7.0,3.0,0.0,8.0,5.214285714285714,5.893885794860444,1.679710859472151,0,0,7,0,0,473,0.0
2025-02-11,SKU-0004,5.0,9097.0,1819.4,0,False,False,False,7,2,Winter,0,,Decor,Wall Art,2023-10-26,1126.32,1819.4,58.0,96.5,8.0,81.5,5.0,6.0,4.0,12.0,5.5,5.7867429377175865,1.3844373104863805,1,0,7,0,0,474,0.0
2025-02-12,SKU-0004,6.0,10916.4,1819.4,0,False,False,False,7,2,Winter,0,,Decor,Wall Art,2023-10-26,1126.32,1819.4,58.0,96.5,8.0,81.5,5.0,5.0,3.0,7.0,5.357142857142857,5.5367429377175865,1.375811448875623,2,0,7,0,0,475,0.0
2025-02-13,SKU-0004,8.0,14555.2,1819.4,0,False,False,False,7,2,Winter,0,,Decor,Wall Art,2023-10-26,1126.32,1819.4,58.0,96.5,8.0,81.5,6.0,3.0,5.0,14.0,5.5,5.501028652003301,1.3844373104863805,3,0,7,0,0,476,0.0
2025-02-14,SKU-0004,4.0,7277.6,1819.4,0,False,False,False,7,2,Winter,0,,Decor,Wall Art,2023-10-26,1126.32,1819.4,58.0,96.5,8.0,81.5,8.0,5.5,4.0,8.0,6.214285714285714,5.2867429377175865,1.1495340671022567,4,0,7,0,0,477,0.0
2025-02-15,SKU-0004,8.0,14555.2,1819.4,0,False,False,False,7,2,Winter,0,,Decor,Wall Art,2023-10-26,1126.32,1819.4,58.0,96.5,8.0,81.5,4.0,7.0,6.0,8.0,6.0,5.143885794860444,1.414213562373126,5,1,7,0,0,478,0.0
2025-02-16,SKU-0004,4.0,7277.6,1819.4,0,False,False,False,7,2,Winter,0,,Decor,Wall Art,2023-10-26,1126.32,1819.4,58.0,96.5,8.0,81.5,8.0,7.0,13.0,8.0,6.142857142857143,5.143885794860444,1.5735915849389133,6,1,7,0,0,479,0.0
2025-02-17,SKU-0004,4.0,7277.6,1819.4,0,False,False,False,8,2,Winter,0,,Decor,Wall Art,2023-10-26,1126.32,1819.4,19.0,96.5,8.0,81.5,4.0,5.0,3.0,7.0,5.714285714285714,5.001028652003301,1.7043362064927206,0,0,8,0,0,480,0.0
2025-02-18,SKU-0004,4.0,7277.6,1819.4,0,False,False,False,8,2,Winter,0,,Decor,Wall Art,2023-10-26,1126.32,1819.4,19.0,96.5,8.0,81.5,4.0,5.0,6.0,9.0,5.571428571428571,4.893885794860444,1.8126539343499577,1,0,8,0,0,481,0.0
2025-02-19,SKU-0004,4.0,7277.6,1819.4,0,False,False,False,8,2,Winter,0,,Decor,Wall Art,2023-10-26,1126.32,1819.4,19.0,96.5,8.0,81.5,4.0,6.0,5.0,7.0,5.428571428571429,4.715314366289015,1.9023794624227095,2,0,8,0,0,482,0.0
2025-02-20,SKU-0004,7.0,12735.8,1819.4,0,False,False,False,8,2,Winter,0,,Decor,Wall Art,2023-10-26,1126.32,1819.4,19.0,96.5,8.0,81.5,4.0,8.0,3.0,5.528802256092433,5.142857142857143,4.608171509146159,1.9518001458970928,3,0,8,0,0,483,0.0
2025-02-21,SKU-0004,15.0,27291.0,1819.4,0,False,False,False,8,2,Winter,0,,Decor,Wall Art,2023-10-26,1126.32,1819.4,19.0,96.5,8.0,81.5,7.0,4.0,5.5,0.0,5.0,4.660714285714286,1.732050807568908,4,0,8,0,0,484,0.0
2025-02-22,SKU-0004,6.0,10916.4,1819.4,0,False,False,False,8,2,Winter,0,,Decor,Wall Art,2023-10-26,1126.32,1819.4,19.0,96.5,8.0,81.5,15.0,8.0,7.0,0.0,6.571428571428571,5.196428571428571,4.07664661444277,5,1,8,0,0,485,0.0
2025-02-23,SKU-0004,4.0,7277.6,1819.4,0,False,False,False,8,2,Winter,0,,Decor,Wall Art,2023-10-26,1126.32,1819.4,19.0,96.5,8.0,81.5,6.0,4.0,7.0,0.0,6.285714285714286,5.410714285714286,4.029651999626682,6,1,8,0,0,486,0.0
2025-02-24,SKU-0004,6.0,10916.4,1819.4,0,False,False,False,9,2,Winter,0,,Decor,Wall Art,2023-10-26,1126.32,1819.4,69.5,85.0,8.0,81.5,4.0,4.0,5.0,0.0,6.285714285714286,5.553571428571429,4.029651999626682,0,0,9,0,0,487,0.0
2025-02-25,SKU-0004,7.0,12735.8,1819.4,0,False,False,False,9,2,Winter,0,,Decor,Wall Art,2023-10-26,1126.32,1819.4,69.5,85.0,8.0,81.5,6.0,4.0,5.0,4.0,6.571428571428571,5.767857142857143,3.909694909544012,1,0,9,0,0,488,0.0
2025-02-26,SKU-0004,5.0,9097.0,1819.4,0,False,False,False,9,2,Winter,0,,Decor,Wall Art,2023-10-26,1126.32,1819.4,69.5,85.0,8.0,81.5,7.0,4.0,6.0,3.0,7.0,5.875,3.74165738677395,2,0,9,0,0,489,0.0
2025-02-27,SKU-0004,5.0,9097.0,1819.4,0,False,False,False,9,2,Winter,0,,Decor,Wall Art,2023-10-26,1126.32,1819.4,69.5,85.0,8.0,81.5,5.0,7.0,8.0,5.0,7.142857142857143,5.946428571428571,3.6253078686998714,3,0,9,0,0,490,0.0
2025-02-28,SKU-0004,4.0,7277.6,1819.4,0,False,False,False,9,2,Winter,0,,Decor,Wall Art,2023-10-26,1126.32,1819.4,69.5,85.0,8.0,81.5,5.0,15.0,4.0,4.0,6.857142857142857,5.946428571428571,3.7161167647860416,4,0,9,0,0,491,0.0
2025-03-01,SKU-0004,11.0,16410.99,1491.91,1,False,False,False,9,3,Spring,0,Spring Sale,Decor,Wall Art,2023-10-26,1126.32,1819.4,69.5,85.0,8.0,81.5,4.0,6.0,8.0,6.0,5.285714285714286,5.946428571428571,1.1126972805284145,5,1,9,1,1,492,0.17999890073650648
2025-03-02,SKU-0004,19.0,28346.25,1491.91,1,False,False,False,9,3,Spring,0,Spring Sale,Decor,Wall Art,2023-10-26,1126.32,1819.4,69.5,85.0,8.0,81.5,11.0,4.0,4.0,13.0,6.0,6.125,2.4494897427831943,6,1,9,1,1,493,0.17999890073650648
2025-03-03,SKU-0004,12.0,17902.9,1491.91,1,False,False,False,10,3,Spring,0,Spring Sale,Decor,Wall Art,2023-10-26,1126.32,1819.4,6.5,85.0,8.0,81.5,19.0,6.0,4.0,3.0,8.142857142857142,6.339285714285714,5.3049841793220445,0,0,10,1,1,494,0.17999890073650648
2025-03-04,SKU-0004,6.0,8951.45,1491.91,1,False,False,False,10,3,Spring,0,Spring Sale,Decor,Wall Art,2023-10-26,1126.32,1819.4,6.5,85.0,8.0,81.5,12.0,7.0,4.0,6.0,9.0,6.660714285714286,5.385164807134507,1,0,10,1,1,495,0.17999890073650648
2025-03-05,SKU-0004,10.0,14919.08,1491.91,1,False,False,False,10,3,Spring,0,Spring Sale,Decor,Wall Art,2023-10-26,1126.32,1819.4,6.5,85.0,8.0,81.5,6.0,5.0,4.0,5.0,8.857142857142858,6.660714285714286,5.45980986935661,2,0,10,1,1,496,0.17999890073650648
2025-03-06,SKU-0004,12.0,17902.9,1491.91,1,False,False,False,10,3,Spring,0,Spring Sale,Decor,Wall Art,2023-10-26,1126.32,1819.4,6.5,85.0,8.0,81.5,10.0,5.0,7.0,3.0,9.571428571428571,6.839285714285714,5.1915682555833715,3,0,10,1,1,497,0.17999890073650648
2025-03-07,SKU-0004,11.0,16410.99,1491.91,1,False,False,False,10,3,Spring,0,Spring Sale,Decor,Wall Art,2023-10-26,1126.32,1819.4,6.5,85.0,8.0,81.5,12.0,4.0,15.0,5.5,10.571428571428571,7.160714285714286,4.825527358301296,4,0,10,1,1,498,0.17999890073650648
2025-03-08,SKU-0004,8.0,11935.26,1491.91,1,False,False,False,10,3,Spring,0,Spring Sale,Decor,Wall Art,2023-10-26,1126.32,1819.4,6.5,85.0,8.0,81.5,11.0,11.0,6.0,7.0,11.571428571428571,7.357142857142857,3.8668308667927196,5,1,10,1,1,499,0.17999890073650648
2025-03-09,SKU-0004,9.0,13427.17,1491.91,1,False,False,False,10,3,Spring,0,Spring Sale,Decor,Wall Art,2023-10-26,1126.32,1819.4,6.5,85.0,8.0,81.5,8.0,19.0,4.0,7.0,11.142857142857142,7.392857142857143,4.099941927579438,6,1,10,1,1,500,0.17999890073650648
2025-03-10,SKU-0004,13.0,19394.8,1491.91,1,False,False,False,11,3,Spring,0,Spring Sale,Decor,Wall Art,2023-10-26,1126.32,1819.4,22.5,132.0,8.0,81.5,9.0,12.0,6.0,5.0,9.714285714285714,7.464285714285714,2.214669705568286,0,0,11,1,1,501,0.17999890073650648
2025-03-11,SKU-0004,9.0,16374.6,1819.4,0,False,False,False,11,3,Spring,0,,Decor,Wall Art,2023-10-26,1126.32,1819.4,22.5,132.0,8.0,81.5,13.0,6.0,7.0,5.0,9.857142857142858,7.75,2.4102953780654808,1,0,11,0,0,502,0.0
2025-03-12,SKU-0004,6.0,10916.4,1819.4,0,False,False,False,11,3,Spring,0,,Decor,Wall Art,2023-10-26,1126.32,1819.4,22.5,132.0,8.0,81.5,9.0,10.0,5.0,6.0,10.285714285714286,7.892857142857143,1.799470821684876,2,0,11,0,0,503,0.0
2025-03-13,SKU-0004,7.528802256092433,13697.9,1819.4,0,False,False,False,11,3,Spring,0,,Decor,Wall Art,2023-10-26,1126.32,1819.4,22.5,132.0,8.0,81.5,6.0,12.0,5.0,8.0,9.714285714285714,7.892857142857143,2.4299715851758266,3,0,11,0,0,504,0.0
2025-03-14,SKU-0004,0.0,0.0,1819.4,0,False,False,False,11,3,Spring,0,,Decor,Wall Art,2023-10-26,1126.32,1819.4,22.5,132.0,8.0,81.5,7.528802256092433,11.0,4.0,4.0,9.075543179441777,7.876028652003301,2.313888336327607,4,0,11,0,0,505,0.0
2025-03-15,SKU-0004,0.0,0.0,1819.4,0,False,False,False,11,3,Spring,0,,Decor,Wall Art,2023-10-26,1126.32,1819.4,22.5,132.0,8.0,81.5,0.0,8.0,11.0,8.0,7.504114608013205,7.733171509146159,3.94758810456804,5,1,11,0,0,506,0.0
2025-03-16,SKU-0004,0.0,0.0,1819.4,0,False,False,False,11,3,Spring,0,,Decor,Wall Art,2023-10-26,1126.32,1819.4,22.5,132.0,8.0,81.5,0.0,9.0,19.0,4.0,6.361257465156062,7.447457223431873,4.8377626999353875,6,1,11,0,0,507,0.0
2025-03-17,SKU-0004,0.0,0.0,1819.4,0,False,False,False,12,3,Spring,0,,Decor,Wall Art,2023-10-26,1126.32,1819.4,0.0,132.0,8.0,81.5,0.0,13.0,12.0,4.0,5.075543179441776,7.30460008057473,5.201840915270564,0,0,12,0,0,508,0.0
2025-03-18,SKU-0004,7.0,12735.8,1819.4,0,False,False,False,12,3,Spring,0,,Decor,Wall Art,2023-10-26,1126.32,1819.4,0.0,132.0,8.0,81.5,0.0,9.0,6.0,4.0,3.218400322298919,7.1617429377175865,4.106420967406341,1,0,12,0,0,509,0.0
2025-03-19,SKU-0004,3.0,5458.2,1819.4,0,False,False,False,12,3,Spring,0,,Decor,Wall Art,2023-10-26,1126.32,1819.4,0.0,132.0,8.0,81.5,7.0,6.0,10.0,4.0,2.9326860365846334,7.268885794860444,3.685067427856504,2,0,12,0,0,510,0.0
2025-03-20,SKU-0004,3.0,5458.2,1819.4,0,False,False,False,12,3,Spring,0,,Decor,Wall Art,2023-10-26,1126.32,1819.4,0.0,132.0,8.0,81.5,3.0,7.528802256092433,12.0,7.0,2.5041146080132046,7.233171509146159,3.4348394824427935,3,0,12,0,0,511,0.0
2025-03-21,SKU-0004,9.0,16374.6,1819.4,0,False,False,False,12,3,Spring,0,,Decor,Wall Art,2023-10-26,1126.32,1819.4,0.0,132.0,8.0,81.5,3.0,0.0,11.0,15.0,1.8571428571428572,7.090314366289015,2.6726124191242655,4,0,12,0,0,512,0.0
2025-03-22,SKU-0004,2.0,3638.8,1819.4,0,False,False,False,12,3,Spring,0,,Decor,Wall Art,2023-10-26,1126.32,1819.4,0.0,132.0,8.0,81.5,9.0,0.0,8.0,6.0,3.142857142857143,6.876028652003301,3.6253078686998768,5,1,12,0,0,513,0.0
2025-03-23,SKU-0004,6.0,10916.4,1819.4,0,False,False,False,12,3,Spring,0,,Decor,Wall Art,2023-10-26,1126.32,1819.4,0.0,132.0,8.0,81.5,2.0,0.0,9.0,4.0,3.4285714285714284,6.733171509146159,3.4086724129854007,6,1,12,0,0,514,0.0
2025-03-24,SKU-0004,6.0,10916.4,1819.4,0,False,False,False,13,3,Spring,0,,Decor,Wall Art,2023-10-26,1126.32,1819.4,96.0,0.0,8.0,81.5,6.0,0.0,13.0,6.0,4.285714285714286,6.80460008057473,3.147183169877786,0,0,13,0,0,515,0.0
2025-03-25,SKU-0004,2.0,3638.8,1819.4,0,False,False,False,13,3,Spring,0,,Decor,Wall Art,2023-10-26,1126.32,1819.4,96.0,0.0,8.0,81.5,6.0,7.0,9.0,7.0,5.142857142857143,6.80460008057473,2.544836041121422,1,0,13,0,0,516,0.0
2025-03-26,SKU-0004,3.0,5458.2,1819.4,0,False,False,False,13,3,Spring,0,,Decor,Wall Art,2023-10-26,1126.32,1819.4,96.0,0.0,8.0,81.5,2.0,3.0,6.0,5.0,4.428571428571429,6.626028652003301,2.636736799982326,2,0,13,0,0,517,0.0
2025-03-27,SKU-0004,4.0,7277.6,1819.4,0,False,False,False,13,3,Spring,0,,Decor,Wall Art,2023-10-26,1126.32,1819.4,96.0,0.0,8.0,81.5,3.0,3.0,7.528802256092433,5.0,4.428571428571429,6.55460008057473,2.636736799982326,3,0,13,0,0,518,0.0
2025-03-28,SKU-0004,6.0,10916.4,1819.4,0,False,False,False,13,3,Spring,0,,Decor,Wall Art,2023-10-26,1126.32,1819.4,96.0,0.0,8.0,81.5,4.0,9.0,0.0,4.0,4.571428571428571,6.518885794860444,2.572750982712416,4,0,13,0,0,519,0.0
2025-03-29,SKU-0004,7.0,12735.8,1819.4,0,False,False,False,13,3,Spring,0,,Decor,Wall Art,2023-10-26,1126.32,1819.4,96.0,0.0,8.0,81.5,6.0,2.0,0.0,11.0,4.142857142857143,6.590314366289015,1.8644544714716327,5,1,13,0,0,520,0.0
2025-03-30,SKU-0004,7.0,12735.8,1819.4,0,False,False,False,13,3,Spring,0,,Decor,Wall Art,2023-10-26,1126.32,1819.4,96.0,0.0,8.0,81.5,7.0,6.0,0.0,19.0,4.857142857142857,6.447457223431873,1.8644544714716302,6,1,13,0,0,521,0.0
2025-03-31,SKU-0004,7.0,12735.8,1819.4,0,False,False,False,14,3,Spring,0,,Decor,Wall Art,2023-10-26,1126.32,1819.4,60.0,94.5,8.0,81.5,7.0,6.0,0.0,12.0,5.0,6.018885794860444,2.0000000000000195,0,0,14,0,0,522,0.0
2025-04-01,SKU-0004,3.0,5458.2,1819.4,0,False,False,False,14,4,Spring,0,,Decor,Wall Art,2023-10-26,1126.32,1819.4,60.0,94.5,8.0,81.5,7.0,2.0,7.0,6.0,5.142857142857143,5.840314366289015,2.1157009420498336,1,0,14,0,0,523,0.0
2025-04-02,SKU-0004,5.0,9097.0,1819.4,0,False,False,False,14,4,Spring,0,,Decor,Wall Art,2023-10-26,1126.32,1819.4,60.0,94.5,8.0,81.5,3.0,3.0,3.0,10.0,5.285714285714286,5.733171509146159,1.8898223650461559,2,0,14,0,0,524,0.0
2025-04-03,SKU-0004,8.0,14555.2,1819.4,0,False,False,False,14,4,Spring,0,,Decor,Wall Art,2023-10-26,1126.32,1819.4,60.0,94.5,8.0,81.5,5.0,4.0,3.0,12.0,5.571428571428571,5.55460008057473,1.6183471874253963,3,0,14,0,0,525,0.0
2025-04-04,SKU-0004,7.0,12735.8,1819.4,0,False,False,False,14,4,Spring,0,,Decor,Wall Art,2023-10-26,1126.32,1819.4,60.0,94.5,8.0,81.5,8.0,6.0,9.0,11.0,6.142857142857143,5.4117429377175865,1.6761634196950703,4,0,14,0,0,526,0.0
2025-04-05,SKU-0004,7.0,12735.8,1819.4,0,False,False,False,14,4,Spring,0,,Decor,Wall Art,2023-10-26,1126.32,1819.4,60.0,94.5,8.0,81.5,7.0,7.0,2.0,8.0,6.285714285714286,5.268885794860444,1.7043362064927117,5,1,14,0,0,527,0.0
2025-04-06,SKU-0004,9.0,16374.6,1819.4,0,False,False,False,14,4,Spring,0,,Decor,Wall Art,2023-10-26,1126.32,1819.4,60.0,94.5,8.0,81.5,7.0,7.0,6.0,9.0,6.285714285714286,5.233171509146159,1.7043362064927117,6,1,14,0,0,528,0.0
2025-04-07,SKU-0004,9.0,16374.6,1819.4,0,False,False,False,15,4,Spring,0,,Decor,Wall Art,2023-10-26,1126.32,1819.4,12.0,94.5,8.0,81.5,9.0,7.0,6.0,13.0,6.571428571428571,5.233171509146159,1.9880595947760242,0,0,15,0,0,529,0.0
2025-04-08,SKU-0004,3.0,5458.2,1819.4,0,False,False,False,15,4,Spring,0,,Decor,Wall Art,2023-10-26,1126.32,1819.4,12.0,94.5,8.0,81.5,9.0,3.0,2.0,9.0,6.857142857142857,5.090314366289015,2.1930626551751464,1,0,15,0,0,530,0.0
2025-04-09,SKU-0004,6.0,10916.4,1819.4,0,False,False,False,15,4,Spring,0,,Decor,Wall Art,2023-10-26,1126.32,1819.4,12.0,94.5,8.0,81.5,3.0,5.0,3.0,6.0,6.857142857142857,4.876028652003301,2.1930626551751464,2,0,15,0,0,531,0.0
2025-04-10,SKU-0004,4.0,7277.6,1819.4,0,False,False,False,15,4,Spring,0,,Decor,Wall Art,2023-10-26,1126.32,1819.4,12.0,94.5,8.0,81.5,6.0,8.0,4.0,7.528802256092433,7.0,4.876028652003301,2.081665999466145,3,0,15,0,0,532,0.0
2025-04-11,SKU-0004,5.0,9097.0,1819.4,0,False,False,False,15,4,Spring,0,,Decor,Wall Art,2023-10-26,1126.32,1819.4,12.0,94.5,8.0,81.5,4.0,7.0,6.0,0.0,6.428571428571429,4.75,2.299068134204453,4,0,15,0,0,533,0.0
2025-04-12,SKU-0004,1.0,1819.4,1819.4,0,False,False,False,15,4,Spring,0,,Decor,Wall Art,2023-10-26,1126.32,1819.4,12.0,94.5,8.0,81.5,5.0,7.0,7.0,0.0,6.142857142857143,4.928571428571429,2.3401261667248923,5,1,15,0,0,534,0.0
2025-04-13,SKU-0004,6.0,10916.4,1819.4,0,False,False,False,15,4,Spring,0,,Decor,Wall Art,2023-10-26,1126.32,1819.4,12.0,94.5,8.0,81.5,1.0,9.0,7.0,0.0,5.285714285714286,4.964285714285714,2.98408476836064,6,1,15,0,0,535,0.0
2025-04-14,SKU-0004,7.0,12735.8,1819.4,0,False,False,False,16,4,Spring,0,,Decor,Wall Art,2023-10-26,1126.32,1819.4,74.5,80.0,8.0,81.5,6.0,9.0,7.0,0.0,4.857142857142857,5.178571428571429,2.544836041121422,0,0,16,0,0,536,0.0
2025-04-15,SKU-0004,7.0,12735.8,1819.4,0,False,False,False,16,4,Spring,0,,Decor,Wall Art,2023-10-26,1126.32,1819.4,74.5,80.0,8.0,81.5,7.0,3.0,3.0,7.0,4.571428571428571,5.428571428571429,2.0701966780270813,1,0,16,0,0,537,0.0
2025-04-16,SKU-0004,8.0,14555.2,1819.4,0,False,False,False,16,4,Spring,0,,Decor,Wall Art,2023-10-26,1126.32,1819.4,74.5,80.0,8.0,81.5,7.0,6.0,5.0,3.0,5.142857142857143,5.428571428571429,2.1157009420498327,2,0,16,0,0,538,0.0
2025-04-17,SKU-0004,7.0,12735.8,1819.4,0,False,False,False,16,4,Spring,0,,Decor,Wall Art,2023-10-26,1126.32,1819.4,74.5,80.0,8.0,81.5,8.0,4.0,8.0,3.0,5.428571428571429,5.607142857142857,2.3704530408864226,3,0,16,0,0,539,0.0
2025-04-18,SKU-0004,7.0,12735.8,1819.4,0,False,False,False,16,4,Spring,0,,Decor,Wall Art,2023-10-26,1126.32,1819.4,74.5,80.0,8.0,81.5,7.0,5.0,7.0,9.0,5.857142857142857,5.75,2.340126166724893,4,0,16,0,0,540,0.0
2025-04-19,SKU-0004,13.0,23652.2,1819.4,0,False,False,False,16,4,Spring,0,,Decor,Wall Art,2023-10-26,1126.32,1819.4,74.5,80.0,8.0,81.5,7.0,1.0,7.0,2.0,6.142857142857143,5.678571428571429,2.3401261667248923,5,1,16,0,0,541,0.0
2025-04-20,SKU-0004,2.0,3638.8,1819.4,0,False,False,False,16,4,Spring,0,,Decor,Wall Art,2023-10-26,1126.32,1819.4,74.5,80.0,8.0,81.5,13.0,6.0,9.0,6.0,7.857142857142857,6.071428571428571,2.340126166724889,6,1,16,0,0,542,0.0
2025-04-21,SKU-0004,10.0,18194.0,1819.4,0,False,False,False,17,4,Spring,0,,Decor,Wall Art,2023-10-26,1126.32,1819.4,20.5,80.0,8.0,81.5,2.0,7.0,9.0,6.0,7.285714285714286,5.928571428571429,3.1997023671109304,0,0,17,0,0,543,0.0
2025-04-22,SKU-0004,6.0,10916.4,1819.4,0,False,False,False,17,4,Spring,0,,Decor,Wall Art,2023-10-26,1126.32,1819.4,20.5,80.0,8.0,81.5,10.0,7.0,3.0,2.0,7.714285714285714,6.071428571428571,3.35232683939011,1,0,17,0,0,544,0.0
2025-04-23,SKU-0004,9.0,16374.6,1819.4,0,False,False,False,17,4,Spring,0,,Decor,Wall Art,2023-10-26,1126.32,1819.4,20.5,80.0,8.0,81.5,6.0,8.0,6.0,3.0,7.571428571428571,6.214285714285714,3.408672412985394,2,0,17,0,0,545,0.0
2025-04-24,SKU-0004,3.0,5458.2,1819.4,0,False,False,False,17,4,Spring,0,,Decor,Wall Art,2023-10-26,1126.32,1819.4,20.5,80.0,8.0,81.5,9.0,7.0,4.0,4.0,7.714285714285714,6.428571428571429,3.450327796711778,3,0,17,0,0,546,0.0
2025-04-25,SKU-0004,4.0,7277.6,1819.4,0,False,False,False,17,4,Spring,0,,Decor,Wall Art,2023-10-26,1126.32,1819.4,20.5,80.0,8.0,81.5,3.0,7.0,5.0,6.0,7.142857142857143,6.392857142857143,3.891382420536074,4,0,17,0,0,547,0.0
2025-04-26,SKU-0004,10.0,18194.0,1819.4,0,False,False,False,17,4,Spring,0,,Decor,Wall Art,2023-10-26,1126.32,1819.4,20.5,80.0,8.0,81.5,4.0,13.0,1.0,7.0,6.714285714285714,6.321428571428571,4.070801956792867,5,1,17,0,0,548,0.0
2025-04-27,SKU-0004,2.0,3638.8,1819.4,0,False,False,False,17,4,Spring,0,,Decor,Wall Art,2023-10-26,1126.32,1819.4,20.5,80.0,8.0,81.5,10.0,2.0,6.0,7.0,6.285714285714286,6.428571428571429,3.4016802570830538,6,1,17,0,0,549,0.0
2025-04-28,SKU-0004,6.0,10916.4,1819.4,0,False,False,False,18,4,Spring,0,,Decor,Wall Art,2023-10-26,1126.32,1819.4,60.5,94.0,8.0,81.5,2.0,10.0,7.0,7.0,6.285714285714286,6.25,3.4016802570830538,0,0,18,0,0,550,0.0
2025-04-29,SKU-0004,12.0,21832.8,1819.4,0,False,False,False,18,4,Spring,0,,Decor,Wall Art,2023-10-26,1126.32,1819.4,60.5,94.0,8.0,81.5,6.0,6.0,7.0,3.0,5.714285714285714,6.214285714285714,2.9840847683606393,1,0,18,0,0,551,0.0
2025-04-30,SKU-0004,4.0,7277.6,1819.4,0,False,False,False,18,4,Spring,0,,Decor,Wall Art,2023-10-26,1126.32,1819.4,60.5,94.0,8.0,81.5,12.0,9.0,8.0,5.0,6.571428571428571,6.535714285714286,3.8234863173611173,2,0,18,0,0,552,0.0
2025-05-01,SKU-0004,9.0,16374.6,1819.4,0,False,False,False,18,5,Spring,0,,Decor,Wall Art,2023-10-26,1126.32,1819.4,60.5,94.0,8.0,81.5,4.0,3.0,7.0,8.0,5.857142857142857,6.5,3.760699023168061,3,0,18,0,0,553,0.0
2025-05-02,SKU-0004,3.0,5458.2,1819.4,0,False,False,False,18,5,Spring,0,,Decor,Wall Art,2023-10-26,1126.32,1819.4,60.5,94.0,8.0,81.5,9.0,4.0,7.0,7.0,6.714285714285714,6.535714285714286,3.6839419880650444,4,0,18,0,0,554,0.0
2025-05-03,SKU-0004,4.0,7277.6,1819.4,0,False,False,False,18,5,Spring,0,,Decor,Wall Art,2023-10-26,1126.32,1819.4,60.5,94.0,8.0,81.5,3.0,10.0,13.0,7.0,6.571428571428571,6.392857142857143,3.8234863173611173,5,1,18,0,0,555,0.0
2025-05-04,SKU-0004,4.0,7277.6,1819.4,0,False,False,False,18,5,Spring,0,,Decor,Wall Art,2023-10-26,1126.32,1819.4,60.5,94.0,8.0,81.5,4.0,2.0,2.0,9.0,5.714285714285714,6.285714285714286,3.592319850008066,6,1,18,0,0,556,0.0
2025-05-05,SKU-0004,0.0,0.0,1819.4,0,False,False,False,19,5,Spring,0,,Decor,Wall Art,2023-10-26,1126.32,1819.4,24.5,94.0,8.0,81.5,4.0,6.0,10.0,9.0,6.0,6.107142857142857,3.3166247903554096,0,0,19,0,0,557,0.0
2025-05-06,SKU-0004,4.0,7277.6,1819.4,0,False,False,False,19,5,Spring,0,,Decor,Wall Art,2023-10-26,1126.32,1819.4,24.5,94.0,8.0,81.5,0.0,12.0,6.0,3.0,5.142857142857143,5.785714285714286,4.017817460121505,1,0,19,0,0,558,0.0
2025-05-07,SKU-0004,3.0,5458.2,1819.4,0,False,False,False,19,5,Spring,0,,Decor,Wall Art,2023-10-26,1126.32,1819.4,24.5,94.0,8.0,81.5,4.0,4.0,9.0,6.0,4.0,5.821428571428571,2.645751311064608,2,0,19,0,0,559,0.0
2025-05-08,SKU-0004,7.0,12735.8,1819.4,0,False,False,False,19,5,Spring,0,,Decor,Wall Art,2023-10-26,1126.32,1819.4,24.5,94.0,8.0,81.5,3.0,9.0,3.0,4.0,3.857142857142857,5.714285714285714,2.6726124191242615,3,0,19,0,0,560,0.0
2025-05-09,SKU-0004,6.0,10916.4,1819.4,0,False,False,False,19,5,Spring,0,,Decor,Wall Art,2023-10-26,1126.32,1819.4,24.5,94.0,8.0,81.5,7.0,3.0,4.0,5.0,3.5714285714285716,5.821428571428571,2.070196678027086,4,0,19,0,0,561,0.0
2025-05-10,SKU-0004,14.0,25471.6,1819.4,0,False,False,False,19,5,Spring,0,,Decor,Wall Art,2023-10-26,1126.32,1819.4,24.5,94.0,8.0,81.5,6.0,4.0,10.0,1.0,4.0,5.857142857142857,2.2360679774998102,5,1,19,0,0,562,0.0
2025-05-11,SKU-0004,5.0,9097.0,1819.4,0,False,False,False,19,5,Spring,0,,Decor,Wall Art,2023-10-26,1126.32,1819.4,24.5,94.0,8.0,81.5,14.0,4.0,2.0,6.0,5.428571428571429,6.321428571428571,4.391550328268408,6,1,19,0,0,563,0.0
2025-05-12,SKU-0004,6.0,10916.4,1819.4,0,False,False,False,20,5,Spring,0,,Decor,Wall Art,2023-10-26,1126.32,1819.4,73.5,81.0,8.0,81.5,5.0,0.0,6.0,7.0,5.571428571428571,6.285714285714286,4.353433237386445,0,0,20,0,0,564,0.0
2025-05-13,SKU-0004,2.0,3638.8,1819.4,0,False,False,False,20,5,Spring,0,,Decor,Wall Art,2023-10-26,1126.32,1819.4,73.5,81.0,8.0,81.5,6.0,4.0,12.0,7.0,6.428571428571429,6.25,3.598941643369758,1,0,20,0,0,565,0.0
2025-05-14,SKU-0004,7.0,12735.8,1819.4,0,False,False,False,20,5,Spring,0,,Decor,Wall Art,2023-10-26,1126.32,1819.4,73.5,81.0,8.0,81.5,2.0,3.0,4.0,8.0,6.142857142857143,6.071428571428571,3.891382420536076,2,0,20,0,0,566,0.0
2025-05-15,SKU-0004,9.0,16374.6,1819.4,0,False,False,False,20,5,Spring,0,,Decor,Wall Art,2023-10-26,1126.32,1819.4,73.5,81.0,8.0,81.5,7.0,7.0,9.0,7.0,6.714285714285714,6.035714285714286,3.6384193323605913,3,0,20,0,0,567,0.0
2025-05-16,SKU-0004,4.0,7277.6,1819.4,0,False,False,False,20,5,Spring,0,,Decor,Wall Art,2023-10-26,1126.32,1819.4,73.5,81.0,8.0,81.5,9.0,6.0,3.0,7.0,7.0,6.107142857142857,3.7416573867739484,4,0,20,0,0,568,0.0
2025-05-17,SKU-0004,11.0,20013.4,1819.4,0,False,False,False,20,5,Spring,0,,Decor,Wall Art,2023-10-26,1126.32,1819.4,73.5,81.0,8.0,81.5,4.0,14.0,4.0,13.0,6.714285714285714,6.0,3.9036002917941395,5,1,20,0,0,569,0.0
2025-05-18,SKU-0004,3.0,5458.2,1819.4,0,False,False,False,20,5,Spring,0,,Decor,Wall Art,2023-10-26,1126.32,1819.4,73.5,81.0,8.0,81.5,11.0,5.0,4.0,2.0,6.285714285714286,5.928571428571429,3.039423504234857,6,1,20,0,0,570,0.0
2025-05-19,SKU-0004,2.0,3638.8,1819.4,0,False,False,False,21,5,Spring,0,,Decor,Wall Art,2023-10-26,1126.32,1819.4,35.5,81.0,8.0,81.5,3.0,6.0,0.0,10.0,6.0,5.964285714285714,3.2659863237109144,0,0,21,0,0,571,0.0
2025-05-20,SKU-0004,4.0,7277.6,1819.4,0,False,False,False,21,5,Spring,0,,Decor,Wall Art,2023-10-26,1126.32,1819.4,35.5,81.0,8.0,81.5,2.0,2.0,4.0,6.0,5.428571428571429,5.678571428571429,3.5989416433697596,1,0,21,0,0,572,0.0
2025-05-21,SKU-0004,8.0,14555.2,1819.4,0,False,False,False,21,5,Spring,0,,Decor,Wall Art,2023-10-26,1126.32,1819.4,35.5,81.0,8.0,81.5,4.0,7.0,3.0,9.0,5.714285714285714,5.607142857142857,3.352326839390114,2,0,21,0,0,573,0.0
2025-05-22,SKU-0004,3.0,5458.2,1819.4,0,False,False,False,21,5,Spring,0,,Decor,Wall Art,2023-10-26,1126.32,1819.4,35.5,81.0,8.0,81.5,8.0,9.0,7.0,3.0,5.857142857142857,5.571428571428571,3.4364987719369084,3,0,21,0,0,574,0.0
2025-05-23,SKU-0004,3.0,5458.2,1819.4,0,False,False,False,21,5,Spring,0,,Decor,Wall Art,2023-10-26,1126.32,1819.4,35.5,81.0,8.0,81.5,3.0,4.0,6.0,4.0,5.0,5.571428571428571,3.2659863237109166,4,0,21,0,0,575,0.0
2025-05-24,SKU-0004,6.0,10916.4,1819.4,0,False,False,False,21,5,Spring,0,,Decor,Wall Art,2023-10-26,1126.32,1819.4,35.5,81.0,8.0,81.5,3.0,11.0,14.0,10.0,4.857142857142857,5.535714285714286,3.338091841585133,5,1,21,0,0,576,0.0
2025-05-25,SKU-0004,12.0,21832.8,1819.4,0,False,False,False,21,5,Spring,0,,Decor,Wall Art,2023-10-26,1126.32,1819.4,35.5,81.0,8.0,81.5,6.0,3.0,5.0,2.0,4.142857142857143,5.392857142857143,2.115700942049838,6,1,21,0,0,577,0.0
2025-05-26,SKU-0004,10.0,18194.0,1819.4,0,False,False,False,22,5,Spring,0,,Decor,Wall Art,2023-10-26,1126.32,1819.4,70.5,84.0,8.0,81.5,12.0,2.0,6.0,6.0,5.428571428571429,5.75,3.5523298860111088,0,0,22,0,0,578,0.0
2025-05-27,SKU-0004,12.0,21832.8,1819.4,0,False,False,False,22,5,Spring,0,,Decor,Wall Art,2023-10-26,1126.32,1819.4,70.5,84.0,8.0,81.5,10.0,4.0,2.0,12.0,6.571428571428571,5.892857142857143,3.552329886011106,1,0,22,0,0,579,0.0
2025-05-28,SKU-0004,4.0,7277.6,1819.4,0,False,False,False,22,5,Spring,0,,Decor,Wall Art,2023-10-26,1126.32,1819.4,70.5,84.0,8.0,81.5,12.0,8.0,7.0,4.0,7.714285714285714,5.892857142857143,3.8606685826113005,2,0,22,0,0,580,0.0
2025-05-29,SKU-0004,7.0,12735.8,1819.4,0,False,False,False,22,5,Spring,0,,Decor,Wall Art,2023-10-26,1126.32,1819.4,70.5,84.0,8.0,81.5,4.0,3.0,9.0,9.0,7.142857142857143,5.892857142857143,4.099941927579446,3,0,22,0,0,581,0.0
2025-05-30,SKU-0004,8.0,14555.2,1819.4,0,False,False,False,22,5,Spring,0,,Decor,Wall Art,2023-10-26,1126.32,1819.4,70.5,84.0,8.0,81.5,7.0,3.0,4.0,3.0,7.714285714285714,5.821428571428571,3.6839419880650426,4,0,22,0,0,582,0.0
2025-05-31,SKU-0004,6.0,10916.4,1819.4,0,False,False,False,22,5,Spring,0,,Decor,Wall Art,2023-10-26,1126.32,1819.4,70.5,84.0,8.0,81.5,8.0,6.0,11.0,4.0,8.428571428571429,6.0,3.0472470011002257,5,1,22,0,0,583,0.0
2025-06-01,SKU-0004,6.0,10916.4,1819.4,0,False,False,False,22,6,Summer,0,,Decor,Wall Art,2023-10-26,1126.32,1819.4,70.5,84.0,8.0,81.5,6.0,12.0,3.0,4.0,8.428571428571429,6.071428571428571,3.0472470011002257,6,1,22,0,0,584,0.0
2025-06-02,SKU-0004,5.0,9097.0,1819.4,0,False,False,False,23,6,Summer,0,,Decor,Wall Art,2023-10-26,1126.32,1819.4,22.5,84.0,8.0,81.5,6.0,10.0,2.0,0.0,7.571428571428571,6.142857142857143,2.6992062325273203,0,0,23,0,0,585,0.0
2025-06-03,SKU-0004,4.0,7277.6,1819.4,0,False,False,False,23,6,Summer,0,,Decor,Wall Art,2023-10-26,1126.32,1819.4,22.5,84.0,8.0,81.5,5.0,12.0,4.0,4.0,6.857142857142857,6.321428571428571,2.609506430251488,1,0,23,0,0,586,0.0
2025-06-04,SKU-0004,7.0,12735.8,1819.4,0,False,False,False,23,6,Summer,0,,Decor,Wall Art,2023-10-26,1126.32,1819.4,22.5,84.0,8.0,81.5,4.0,4.0,8.0,3.0,5.714285714285714,6.321428571428571,1.4960264830862147,2,0,23,0,0,587,0.0
2025-06-05,SKU-0004,6.0,10916.4,1819.4,0,False,False,False,23,6,Summer,0,,Decor,Wall Art,2023-10-26,1126.32,1819.4,22.5,84.0,8.0,81.5,7.0,7.0,3.0,7.0,6.142857142857143,6.464285714285714,1.3451854182691223,3,0,23,0,0,588,0.0
2025-06-06,SKU-0004,4.0,7277.6,1819.4,0,False,False,False,23,6,Summer,0,,Decor,Wall Art,2023-10-26,1126.32,1819.4,22.5,84.0,8.0,81.5,6.0,8.0,3.0,6.0,6.0,6.428571428571429,1.2909944487358311,4,0,23,0,0,589,0.0
2025-06-07,SKU-0004,7.0,12735.8,1819.4,0,False,False,False,23,6,Summer,0,,Decor,Wall Art,2023-10-26,1126.32,1819.4,22.5,84.0,8.0,81.5,4.0,6.0,6.0,14.0,5.428571428571429,6.357142857142857,1.1338934190277143,5,1,23,0,0,590,0.0
2025-06-08,SKU-0004,6.0,10916.4,1819.4,0,False,False,False,23,6,Summer,0,,Decor,Wall Art,2023-10-26,1126.32,1819.4,22.5,84.0,8.0,81.5,7.0,6.0,12.0,5.0,5.571428571428571,6.107142857142857,1.2724180205607318,6,1,23,0,0,591,0.0
2025-06-09,SKU-0004,3.0,5458.2,1819.4,0,False,False,False,24,6,Summer,0,,Decor,Wall Art,2023-10-26,1126.32,1819.4,69.5,85.0,8.0,81.5,6.0,5.0,10.0,6.0,5.571428571428571,6.142857142857143,1.2724180205607318,0,0,24,0,0,592,0.0
2025-06-10,SKU-0004,7.0,12735.8,1819.4,0,False,False,False,24,6,Summer,0,,Decor,Wall Art,2023-10-26,1126.32,1819.4,69.5,85.0,8.0,81.5,3.0,4.0,12.0,2.0,5.285714285714286,6.035714285714286,1.6035674514745701,1,0,24,0,0,593,0.0
2025-06-11,SKU-0004,6.0,10916.4,1819.4,0,False,False,False,24,6,Summer,0,,Decor,Wall Art,2023-10-26,1126.32,1819.4,69.5,85.0,8.0,81.5,7.0,7.0,4.0,7.0,5.714285714285714,6.214285714285714,1.6035674514745681,2,0,24,0,0,594,0.0
2025-06-12,SKU-0004,5.0,9097.0,1819.4,0,False,False,False,24,6,Summer,0,,Decor,Wall Art,2023-10-26,1126.32,1819.4,69.5,85.0,8.0,81.5,6.0,6.0,7.0,9.0,5.571428571428571,6.178571428571429,1.5118578920369328,3,0,24,0,0,595,0.0
2025-06-13,SKU-0004,5.0,9097.0,1819.4,0,False,False,False,24,6,Summer,0,,Decor,Wall Art,2023-10-26,1126.32,1819.4,69.5,85.0,8.0,81.5,5.0,4.0,8.0,4.0,5.428571428571429,6.035714285714286,1.5118578920369337,4,0,24,0,0,596,0.0
2025-06-14,SKU-0004,10.0,18194.0,1819.4,0,False,False,False,24,6,Summer,0,,Decor,Wall Art,2023-10-26,1126.32,1819.4,69.5,85.0,8.0,81.5,5.0,7.0,6.0,11.0,5.571428571428571,6.071428571428571,1.3972762620115697,5,1,24,0,0,597,0.0
2025-06-15,SKU-0004,6.0,10916.4,1819.4,0,False,False,False,24,6,Summer,0,,Decor,Wall Art,2023-10-26,1126.32,1819.4,69.5,85.0,8.0,81.5,10.0,6.0,6.0,3.0,6.0,6.035714285714286,2.160246899469302,6,1,24,0,0,598,0.0
2025-06-16,SKU-0004,2.0,3638.8,1819.4,0,False,False,False,25,6,Summer,0,,Decor,Wall Art,2023-10-26,1126.32,1819.4,28.5,85.0,8.0,81.5,6.0,3.0,5.0,2.0,6.0,6.142857142857143,2.160246899469302,0,0,25,0,0,599,0.0
2025-06-17,SKU-0004,9.0,16374.6,1819.4,0,False,False,False,25,6,Summer,0,,Decor,Wall Art,2023-10-26,1126.32,1819.4,28.5,85.0,8.0,81.5,2.0,7.0,4.0,4.0,5.857142857142857,6.142857142857143,2.4102953780654928,1,0,25,0,0,600,0.0
2025-06-18,SKU-0004,5.0,9097.0,1819.4,0,False,False,False,25,6,Summer,0,,Decor,Wall Art,2023-10-26,1126.32,1819.4,28.5,85.0,8.0,81.5,9.0,6.0,7.0,8.0,6.142857142857143,6.321428571428571,2.6726124191242557,2,0,25,0,0,601,0.0
2025-06-19,SKU-0004,5.0,9097.0,1819.4,0,False,False,False,25,6,Summer,0,,Decor,Wall Art,2023-10-26,1126.32,1819.4,28.5,85.0,8.0,81.5,5.0,5.0,6.0,3.0,6.0,6.214285714285714,2.7080128015453324,3,0,25,0,0,602,0.0
2025-06-20,SKU-0004,5.0,9097.0,1819.4,0,False,False,False,25,6,Summer,0,,Decor,Wall Art,2023-10-26,1126.32,1819.4,28.5,85.0,8.0,81.5,5.0,5.0,4.0,3.0,6.0,6.285714285714286,2.7080128015453324,4,0,25,0,0,603,0.0
2025-06-21,SKU-0004,7.0,12735.8,1819.4,0,False,False,False,25,6,Summer,0,,Decor,Wall Art,2023-10-26,1126.32,1819.4,28.5,85.0,8.0,81.5,5.0,10.0,7.0,6.0,6.0,6.357142857142857,2.7080128015453324,5,1,25,0,0,604,0.0
2025-06-22,SKU-0004,8.0,14555.2,1819.4,0,False,False,False,25,6,Summer,0,,Decor,Wall Art,2023-10-26,1126.32,1819.4,28.5,85.0,8.0,81.5,7.0,6.0,6.0,12.0,5.571428571428571,6.392857142857143,2.1491969707422562,6,1,25,0,0,605,0.0
2025-06-23,SKU-0004,8.0,14555.2,1819.4,0,False,False,False,26,6,Summer,0,,Decor,Wall Art,2023-10-26,1126.32,1819.4,66.5,88.0,8.0,81.5,8.0,2.0,3.0,10.0,5.857142857142857,6.25,2.3401261667248936,0,0,26,0,0,606,0.0
2025-06-24,SKU-0004,4.0,7277.6,1819.4,0,False,False,False,26,6,Summer,0,,Decor,Wall Art,2023-10-26,1126.32,1819.4,66.5,88.0,8.0,81.5,8.0,9.0,7.0,12.0,6.714285714285714,6.178571428571429,1.7043362064927108,1,0,26,0,0,607,0.0
2025-06-25,SKU-0004,10.0,18194.0,1819.4,0,False,False,False,26,6,Summer,0,,Decor,Wall Art,2023-10-26,1126.32,1819.4,66.5,88.0,8.0,81.5,4.0,5.0,6.0,4.0,6.0,5.892857142857143,1.6329931618554725,2,0,26,0,0,608,0.0
2025-06-26,SKU-0004,4.0,7277.6,1819.4,0,False,False,False,26,6,Summer,0,,Decor,Wall Art,2023-10-26,1126.32,1819.4,66.5,88.0,8.0,81.5,10.0,5.0,5.0,7.0,6.714285714285714,6.107142857142857,2.138089935299409,3,0,26,0,0,609,0.0
2025-06-27,SKU-0004,6.0,10916.4,1819.4,0,False,False,False,26,6,Summer,0,,Decor,Wall Art,2023-10-26,1126.32,1819.4,66.5,88.0,8.0,81.5,4.0,5.0,5.0,8.0,6.571428571428571,6.0,2.2990681342044534,4,0,26,0,0,610,0.0
2025-06-28,SKU-0004,6.0,10916.4,1819.4,0,False,False,False,26,6,Summer,0,,Decor,Wall Art,2023-10-26,1126.32,1819.4,66.5,88.0,8.0,81.5,6.0,7.0,10.0,6.0,6.714285714285714,5.928571428571429,2.214669705568296,5,1,26,0,0,611,0.0
2025-06-29,SKU-0004,5.0,9097.0,1819.4,0,False,False,False,26,6,Summer,0,,Decor,Wall Art,2023-10-26,1126.32,1819.4,66.5,88.0,8.0,81.5,6.0,8.0,6.0,6.0,6.571428571428571,5.928571428571429,2.2253945610567607,6,1,26,0,0,612,0.0
2025-06-30,SKU-0004,9.0,16374.6,1819.4,0,False,False,False,27,6,Summer,0,,Decor,Wall Art,2023-10-26,1126.32,1819.4,22.5,88.0,8.0,81.5,5.0,8.0,2.0,5.0,6.142857142857143,5.892857142857143,2.193062655175149,0,0,27,0,0,613,0.0
2025-07-01,SKU-0004,8.0,11935.26,1491.91,1,False,False,False,27,7,Summer,0,Monsoon Sale,Decor,Wall Art,2023-10-26,1126.32,1819.4,22.5,88.0,8.0,81.5,9.0,4.0,9.0,4.0,6.285714285714286,6.035714285714286,2.360387377408343,1,0,27,1,1,614,0.17999890073650648
2025-07-02,SKU-0004,14.0,20886.71,1491.91,1,False,False,False,27,7,Summer,0,Monsoon Sale,Decor,Wall Art,2023-10-26,1126.32,1819.4,22.5,88.0,8.0,81.5,8.0,10.0,5.0,7.0,6.857142857142857,6.178571428571429,2.1930626551751473,2,0,27,1,1,615,0.17999890073650648
2025-07-03,SKU-0004,6.0,8951.45,1491.91,1,False,False,False,27,7,Summer,0,Monsoon Sale,Decor,Wall Art,2023-10-26,1126.32,1819.4,22.5,88.0,8.0,81.5,14.0,4.0,5.0,6.0,7.428571428571429,6.428571428571429,3.3594217189442492,3,0,27,1,1,616,0.17999890073650648
2025-07-04,SKU-0004,7.0,10443.36,1491.91,1,False,False,False,27,7,Summer,0,Monsoon Sale,Decor,Wall Art,2023-10-26,1126.32,1819.4,22.5,88.0,8.0,81.5,6.0,6.0,5.0,4.0,7.714285714285714,6.428571428571429,3.093772546815395,4,0,27,1,1,617,0.17999890073650648
2025-07-05,SKU-0004,10.0,14919.08,1491.91,1,False,False,False,27,7,Summer,0,Monsoon Sale,Decor,Wall Art,2023-10-26,1126.32,1819.4,22.5,88.0,8.0,81.5,7.0,6.0,7.0,7.0,7.857142857142857,6.535714285714286,3.0237157840738247,5,1,27,1,1,618,0.17999890073650648
2025-07-06,SKU-0004,8.0,11935.26,1491.91,1,False,False,False,27,7,Summer,0,Monsoon Sale,Decor,Wall Art,2023-10-26,1126.32,1819.4,22.5,88.0,8.0,81.5,10.0,5.0,8.0,6.0,8.428571428571429,6.642857142857143,2.992052966172388,6,1,27,1,1,619,0.17999890073650648
2025-07-07,SKU-0004,12.0,17902.9,1491.91,1,False,False,False,28,7,Summer,0,Monsoon Sale,Decor,Wall Art,2023-10-26,1126.32,1819.4,45.5,109.0,8.0,81.5,8.0,9.0,8.0,3.0,8.857142857142858,6.714285714285714,2.609506430251483,0,0,28,1,1,620,0.17999890073650648
2025-07-08,SKU-0004,9.0,13427.17,1491.91,1,False,False,False,28,7,Summer,0,Monsoon Sale,Decor,Wall Art,2023-10-26,1126.32,1819.4,45.5,109.0,8.0,81.5,12.0,8.0,4.0,7.0,9.285714285714286,7.035714285714286,2.8702082220799348,1,0,28,1,1,621,0.17999890073650648
2025-07-09,SKU-0004,9.0,13427.17,1491.91,1,False,False,False,28,7,Summer,0,Monsoon Sale,Decor,Wall Art,2023-10-26,1126.32,1819.4,45.5,109.0,8.0,81.5,9.0,14.0,10.0,6.0,9.428571428571429,7.107142857142857,2.8199966227605615,2,0,28,1,1,622,0.17999890073650648
2025-07-10,SKU-0004,12.0,17902.9,1491.91,1,False,False,False,28,7,Summer,0,Monsoon Sale,Decor,Wall Art,2023-10-26,1126.32,1819.4,45.5,109.0,8.0,81.5,9.0,6.0,4.0,5.0,8.714285714285714,7.214285714285714,1.9760470401187142,3,0,28,1,1,623,0.17999890073650648
2025-07-11,SKU-0004,3.0,5458.2,1819.4,0,False,False,False,28,7,Summer,0,,Decor,Wall Art,2023-10-26,1126.32,1819.4,45.5,109.0,8.0,81.5,12.0,7.0,6.0,5.0,9.571428571428571,7.464285714285714,1.9023794624226884,4,0,28,0,0,624,0.0
2025-07-12,SKU-0004,10.0,18194.0,1819.4,0,False,False,False,28,7,Summer,0,,Decor,Wall Art,2023-10-26,1126.32,1819.4,45.5,109.0,8.0,81.5,3.0,10.0,6.0,10.0,9.0,7.392857142857143,3.055050463303897,5,1,28,0,0,625,0.0
2025-07-13,SKU-0004,2.5288022560924333,4600.9,1819.4,0,False,False,False,28,7,Summer,0,,Decor,Wall Art,2023-10-26,1126.32,1819.4,45.5,109.0,8.0,81.5,10.0,8.0,5.0,6.0,9.0,7.392857142857143,3.055050463303897,6,1,28,0,0,626,0.0
2025-07-14,SKU-0004,0.0,0.0,1819.4,0,False,False,False,29,7,Summer,0,,Decor,Wall Art,2023-10-26,1126.32,1819.4,0.0,109.0,8.0,81.5,2.5288022560924333,12.0,9.0,2.0,8.218400322298919,7.268885794860444,3.9285305532619854,0,0,29,0,0,627,0.0
2025-07-15,SKU-0004,3.0,5458.2,1819.4,0,False,False,False,29,7,Summer,0,,Decor,Wall Art,2023-10-26,1126.32,1819.4,0.0,109.0,8.0,81.5,0.0,9.0,8.0,9.0,6.504114608013205,7.197457223431873,4.569286833690482,1,0,29,0,0,628,0.0
2025-07-16,SKU-0004,7.0,12735.8,1819.4,0,False,False,False,29,7,Summer,0,,Decor,Wall Art,2023-10-26,1126.32,1819.4,0.0,109.0,8.0,81.5,3.0,9.0,14.0,5.0,5.646971750870348,6.983171509146159,4.585789847716612,2,0,29,0,0,629,0.0
2025-07-17,SKU-0004,3.0,5458.2,1819.4,0,False,False,False,29,7,Summer,0,,Decor,Wall Art,2023-10-26,1126.32,1819.4,0.0,109.0,8.0,81.5,7.0,12.0,6.0,5.0,5.361257465156062,7.05460008057473,4.400630060884792,3,0,29,0,0,630,0.0
2025-07-18,SKU-0004,5.0,9097.0,1819.4,0,False,False,False,29,7,Summer,0,,Decor,Wall Art,2023-10-26,1126.32,1819.4,0.0,109.0,8.0,81.5,3.0,3.0,7.0,5.0,4.075543179441776,6.983171509146159,3.319750879156395,4,0,29,0,0,631,0.0
2025-07-19,SKU-0004,9.0,16374.6,1819.4,0,False,False,False,29,7,Summer,0,,Decor,Wall Art,2023-10-26,1126.32,1819.4,0.0,109.0,8.0,81.5,5.0,10.0,10.0,7.0,4.361257465156062,6.983171509146159,3.2977485781656717,5,1,29,0,0,632,0.0
2025-07-20,SKU-0004,11.0,20013.4,1819.4,0,False,False,False,29,7,Summer,0,,Decor,Wall Art,2023-10-26,1126.32,1819.4,0.0,109.0,8.0,81.5,9.0,2.5288022560924333,8.0,8.0,4.218400322298919,7.05460008057473,3.0229822994359186,6,1,29,0,0,633,0.0
2025-07-21,SKU-0004,3.0,5458.2,1819.4,0,False,False,False,30,7,Summer,0,,Decor,Wall Art,2023-10-26,1126.32,1819.4,68.0,86.5,8.0,81.5,11.0,0.0,12.0,8.0,5.428571428571429,7.1617429377175865,3.8234863173611173,0,0,30,0,0,634,0.0
2025-07-22,SKU-0004,10.0,18194.0,1819.4,0,False,False,False,30,7,Summer,0,,Decor,Wall Art,2023-10-26,1126.32,1819.4,68.0,86.5,8.0,81.5,3.0,3.0,9.0,4.0,5.857142857142857,6.983171509146159,3.2366943748507566,1,0,30,0,0,635,0.0
2025-07-23,SKU-0004,9.0,16374.6,1819.4,0,False,False,False,30,7,Summer,0,,Decor,Wall Art,2023-10-26,1126.32,1819.4,68.0,86.5,8.0,81.5,10.0,7.0,9.0,10.0,6.857142857142857,7.197457223431873,3.287784027201886,2,0,30,0,0,636,0.0
2025-07-24,SKU-0004,5.0,9097.0,1819.4,0,False,False,False,30,7,Summer,0,,Decor,Wall Art,2023-10-26,1126.32,1819.4,68.0,86.5,8.0,81.5,9.0,3.0,12.0,4.0,7.142857142857143,7.1617429377175865,3.387652649872846,3,0,30,0,0,637,0.0
2025-07-25,SKU-0004,5.0,9097.0,1819.4,0,False,False,False,30,7,Summer,0,,Decor,Wall Art,2023-10-26,1126.32,1819.4,68.0,86.5,8.0,81.5,5.0,5.0,3.0,6.0,7.428571428571429,7.197457223431873,3.0472470011002257,4,0,30,0,0,638,0.0
2025-07-26,SKU-0004,7.0,12735.8,1819.4,0,False,False,False,30,7,Summer,0,,Decor,Wall Art,2023-10-26,1126.32,1819.4,68.0,86.5,8.0,81.5,5.0,9.0,10.0,6.0,7.428571428571429,7.1617429377175865,3.0472470011002257,5,1,30,0,0,639,0.0
2025-07-27,SKU-0004,8.0,14555.2,1819.4,0,False,False,False,30,7,Summer,0,,Decor,Wall Art,2023-10-26,1126.32,1819.4,68.0,86.5,8.0,81.5,7.0,11.0,2.5288022560924333,5.0,7.142857142857143,7.197457223431873,2.9680841985233246,6,1,30,0,0,640,0.0
2025-07-28,SKU-0004,8.0,14555.2,1819.4,0,False,False,False,31,7,Summer,0,,Decor,Wall Art,2023-10-26,1126.32,1819.4,16.0,86.5,8.0,81.5,8.0,3.0,0.0,9.0,6.714285714285714,7.30460008057473,2.497617912751124,0,0,31,0,0,641,0.0
2025-07-29,SKU-0004,8.0,14555.2,1819.4,0,False,False,False,31,7,Summer,0,,Decor,Wall Art,2023-10-26,1126.32,1819.4,16.0,86.5,8.0,81.5,8.0,10.0,3.0,8.0,7.428571428571429,7.268885794860444,1.902379462422693,1,0,31,0,0,642,0.0
2025-07-30,SKU-0004,3.0,5458.2,1819.4,0,False,False,False,31,7,Summer,0,,Decor,Wall Art,2023-10-26,1126.32,1819.4,16.0,86.5,8.0,81.5,8.0,9.0,7.0,14.0,7.142857142857143,7.268885794860444,1.5735915849388986,2,0,31,0,0,643,0.0
2025-07-31,SKU-0004,4.0,7277.6,1819.4,0,False,False,False,31,7,Summer,0,,Decor,Wall Art,2023-10-26,1126.32,1819.4,16.0,86.5,8.0,81.5,3.0,5.0,3.0,6.0,6.285714285714286,6.876028652003301,1.9760470401187198,3,0,31,0,0,644,0.0
2025-08-01,SKU-0004,7.0,12735.8,1819.4,0,False,False,False,31,8,Summer,0,,Decor,Wall Art,2023-10-26,1126.32,1819.4,16.0,86.5,8.0,81.5,4.0,5.0,5.0,7.0,6.142857142857143,6.80460008057473,2.1157009420498274,4,0,31,0,0,645,0.0
2025-08-02,SKU-0004,7.0,12735.8,1819.4,0,False,False,False,31,8,Summer,0,,Decor,Wall Art,2023-10-26,1126.32,1819.4,16.0,86.5,8.0,81.5,7.0,7.0,9.0,10.0,6.428571428571429,6.80460008057473,2.070196678027074,5,1,31,0,0,646,0.0
2025-08-03,SKU-0004,7.0,12735.8,1819.4,0,False,False,False,31,8,Summer,0,,Decor,Wall Art,2023-10-26,1126.32,1819.4,16.0,86.5,8.0,81.5,7.0,8.0,11.0,8.0,6.428571428571429,6.697457223431873,2.070196678027074,6,1,31,0,0,647,0.0
2025-08-04,SKU-0004,14.0,25471.6,1819.4,0,False,False,False,32,8,Summer,0,,Decor,Wall Art,2023-10-26,1126.32,1819.4,52.5,102.0,8.0,81.5,7.0,8.0,3.0,12.0,6.285714285714286,6.6617429377175865,1.9760470401187198,0,0,32,0,0,648,0.0
2025-08-05,SKU-0004,5.0,9097.0,1819.4,0,False,False,False,32,8,Summer,0,,Decor,Wall Art,2023-10-26,1126.32,1819.4,52.5,102.0,8.0,81.5,14.0,8.0,10.0,9.0,7.142857142857143,6.733171509146159,3.5321651258386146,1,0,32,0,0,649,0.0
2025-08-06,SKU-0004,5.0,9097.0,1819.4,0,False,False,False,32,8,Summer,0,,Decor,Wall Art,2023-10-26,1126.32,1819.4,52.5,102.0,8.0,81.5,5.0,3.0,9.0,9.0,6.714285714285714,6.590314366289015,3.5923198500080624,2,0,32,0,0,650,0.0
2025-08-07,SKU-0004,6.0,10916.4,1819.4,0,False,False,False,32,8,Summer,0,,Decor,Wall Art,2023-10-26,1126.32,1819.4,52.5,102.0,8.0,81.5,5.0,4.0,5.0,12.0,7.0,6.447457223431873,3.316624790355406,3,0,32,0,0,651,0.0
2025-08-08,SKU-0004,5.0,9097.0,1819.4,0,False,False,False,32,8,Summer,0,,Decor,Wall Art,2023-10-26,1126.32,1819.4,52.5,102.0,8.0,81.5,6.0,7.0,5.0,3.0,7.285714285714286,6.233171509146159,3.0937725468153943,4,0,32,0,0,652,0.0
2025-08-09,SKU-0004,9.0,16374.6,1819.4,0,False,False,False,32,8,Summer,0,,Decor,Wall Art,2023-10-26,1126.32,1819.4,52.5,102.0,8.0,81.5,5.0,7.0,7.0,10.0,7.0,6.30460008057473,3.2145502536643247,5,1,32,0,0,653,0.0
2025-08-10,SKU-0004,9.0,16374.6,1819.4,0,False,False,False,32,8,Summer,0,,Decor,Wall Art,2023-10-26,1126.32,1819.4,52.5,102.0,8.0,81.5,9.0,7.0,8.0,2.5288022560924333,7.285714285714286,6.268885794860444,3.302235894778255,6,1,32,0,0,654,0.0
2025-08-11,SKU-0004,4.0,7277.6,1819.4,0,False,False,False,33,8,Summer,0,,Decor,Wall Art,2023-10-26,1126.32,1819.4,9.5,102.0,8.0,81.5,9.0,14.0,8.0,0.0,7.571428571428571,6.5,3.359421718944247,0,0,33,0,0,655,0.0
2025-08-12,SKU-0004,5.0,9097.0,1819.4,0,False,False,False,33,8,Summer,0,,Decor,Wall Art,2023-10-26,1126.32,1819.4,9.5,102.0,8.0,81.5,4.0,5.0,8.0,3.0,6.142857142857143,6.642857142857143,2.0354009783964417,1,0,33,0,0,656,0.0
2025-08-13,SKU-0004,10.0,18194.0,1819.4,0,False,False,False,33,8,Summer,0,,Decor,Wall Art,2023-10-26,1126.32,1819.4,9.5,102.0,8.0,81.5,5.0,5.0,3.0,7.0,6.142857142857143,6.714285714285714,2.0354009783964417,2,0,33,0,0,657,0.0
2025-08-14,SKU-0004,5.0,9097.0,1819.4,0,False,False,False,33,8,Summer,0,,Decor,Wall Art,2023-10-26,1126.32,1819.4,9.5,102.0,8.0,81.5,10.0,6.0,4.0,3.0,6.857142857142857,6.821428571428571,2.4102953780654874,3,0,33,0,0,658,0.0
2025-08-15,SKU-0004,8.0,14555.2,1819.4,0,False,False,False,33,8,Summer,1,,Decor,Wall Art,2023-10-26,1126.32,1819.4,9.5,102.0,8.0,81.5,5.0,5.0,7.0,5.0,6.714285714285714,6.892857142857143,2.4976179127511235,4,0,33,0,0,659,0.0
2025-08-16,SKU-0004,5.0,9097.0,1819.4,0,False,False,False,33,8,Summer,0,,Decor,Wall Art,2023-10-26,1126.32,1819.4,9.5,102.0,8.0,81.5,8.0,9.0,7.0,9.0,7.142857142857143,7.0,2.4102953780654865,5,1,33,0,0,660,0.0
2025-08-17,SKU-0004,5.0,9097.0,1819.4,0,False,False,False,33,8,Summer,0,,Decor,Wall Art,2023-10-26,1126.32,1819.4,9.5,102.0,8.0,81.5,5.0,9.0,7.0,11.0,6.571428571428571,6.857142857142857,2.3704530408864173,6,1,33,0,0,661,0.0
2025-08-18,SKU-0004,6.0,10916.4,1819.4,0,False,False,False,34,8,Summer,0,,Decor,Wall Art,2023-10-26,1126.32,1819.4,67.5,87.0,8.0,81.5,5.0,4.0,14.0,3.0,6.0,6.642857142857143,2.1602468994692985,0,0,34,0,0,662,0.0
2025-08-19,SKU-0004,6.0,10916.4,1819.4,0,False,False,False,34,8,Summer,0,,Decor,Wall Art,2023-10-26,1126.32,1819.4,67.5,87.0,8.0,81.5,6.0,5.0,5.0,10.0,6.285714285714286,6.75,1.9760470401187198,1,0,34,0,0,663,0.0
2025-08-20,SKU-0004,3.0,5458.2,1819.4,0,False,False,False,34,8,Summer,0,,Decor,Wall Art,2023-10-26,1126.32,1819.4,67.5,87.0,8.0,81.5,6.0,10.0,5.0,9.0,6.428571428571429,6.607142857142857,1.9023794624226962,2,0,34,0,0,664,0.0
2025-08-21,SKU-0004,7.0,12735.8,1819.4,0,False,False,False,34,8,Summer,0,,Decor,Wall Art,2023-10-26,1126.32,1819.4,67.5,87.0,8.0,81.5,3.0,5.0,6.0,5.0,5.428571428571429,6.392857142857143,1.511857892036928,3,0,34,0,0,665,0.0
2025-08-22,SKU-0004,7.0,12735.8,1819.4,0,False,False,False,34,8,Summer,0,,Decor,Wall Art,2023-10-26,1126.32,1819.4,67.5,87.0,8.0,81.5,7.0,8.0,5.0,5.0,5.714285714285714,6.464285714285714,1.6035674514745635,4,0,34,0,0,666,0.0
2025-08-23,SKU-0004,7.0,12735.8,1819.4,0,False,False,False,34,8,Summer,0,,Decor,Wall Art,2023-10-26,1126.32,1819.4,67.5,87.0,8.0,81.5,7.0,5.0,9.0,7.0,5.571428571428571,6.535714285714286,1.3972762620115642,5,1,34,0,0,667,0.0
2025-08-24,SKU-0004,6.0,10916.4,1819.4,0,False,False,False,34,8,Summer,0,,Decor,Wall Art,2023-10-26,1126.32,1819.4,67.5,87.0,8.0,81.5,7.0,5.0,9.0,8.0,5.857142857142857,6.535714285714286,1.4638501094228182,6,1,34,0,0,668,0.0
2025-08-25,SKU-0004,8.0,14555.2,1819.4,0,False,False,False,35,8,Summer,0,,Decor,Wall Art,2023-10-26,1126.32,1819.4,23.5,87.0,8.0,81.5,6.0,6.0,4.0,8.0,6.0,6.464285714285714,1.4142135623731138,0,0,35,0,0,669,0.0
2025-08-26,SKU-0004,9.0,16374.6,1819.4,0,False,False,False,35,8,Summer,0,,Decor,Wall Art,2023-10-26,1126.32,1819.4,23.5,87.0,8.0,81.5,8.0,6.0,5.0,8.0,6.285714285714286,6.464285714285714,1.603567451474562,1,0,35,0,0,670,0.0
2025-08-27,SKU-0004,6.0,10916.4,1819.4,0,False,False,False,35,8,Summer,0,,Decor,Wall Art,2023-10-26,1126.32,1819.4,23.5,87.0,8.0,81.5,9.0,3.0,10.0,3.0,6.714285714285714,6.5,1.8898223650461485,2,0,35,0,0,671,0.0
2025-08-28,SKU-0004,12.0,21832.8,1819.4,0,False,False,False,35,8,Summer,0,,Decor,Wall Art,2023-10-26,1126.32,1819.4,23.5,87.0,8.0,81.5,6.0,7.0,5.0,4.0,7.142857142857143,6.607142857142857,1.0690449676497178,3,0,35,0,0,672,0.0
2025-08-29,SKU-0004,11.0,20013.4,1819.4,0,False,False,False,35,8,Summer,0,,Decor,Wall Art,2023-10-26,1126.32,1819.4,23.5,87.0,8.0,81.5,12.0,7.0,8.0,7.0,7.857142857142857,6.892857142857143,2.115700942049824,4,0,35,0,0,673,0.0
2025-08-30,SKU-0004,11.0,20013.4,1819.4,0,False,False,False,35,8,Summer,0,,Decor,Wall Art,2023-10-26,1126.32,1819.4,23.5,87.0,8.0,81.5,11.0,7.0,5.0,7.0,8.428571428571429,7.035714285714286,2.3704530408864146,5,1,35,0,0,674,0.0
2025-08-31,SKU-0004,10.0,18194.0,1819.4,0,False,False,False,35,8,Summer,0,,Decor,Wall Art,2023-10-26,1126.32,1819.4,23.5,87.0,8.0,81.5,11.0,6.0,5.0,7.0,9.0,7.178571428571429,2.449489742783183,6,1,35,0,0,675,0.0
2025-09-01,SKU-0004,4.0,7277.6,1819.4,0,False,False,False,36,9,Autumn,0,,Decor,Wall Art,2023-10-26,1126.32,1819.4,47.5,107.0,8.0,81.5,10.0,8.0,6.0,14.0,9.571428571428571,7.285714285714286,2.070196678027068,0,0,36,0,0,676,0.0
2025-09-02,SKU-0004,6.0,10916.4,1819.4,0,False,False,False,36,9,Autumn,0,,Decor,Wall Art,2023-10-26,1126.32,1819.4,47.5,107.0,8.0,81.5,4.0,9.0,6.0,5.0,9.0,6.928571428571429,2.9439202887759532,1,0,36,0,0,677,0.0
2025-09-03,SKU-0004,5.0,9097.0,1819.4,0,False,False,False,36,9,Autumn,0,,Decor,Wall Art,2023-10-26,1126.32,1819.4,47.5,107.0,8.0,81.5,6.0,6.0,3.0,5.0,8.571428571428571,6.964285714285714,3.154739442867031,2,0,36,0,0,678,0.0
2025-09-04,SKU-0004,8.0,14555.2,1819.4,0,False,False,False,36,9,Autumn,0,,Decor,Wall Art,2023-10-26,1126.32,1819.4,47.5,107.0,8.0,81.5,5.0,12.0,7.0,6.0,8.428571428571429,6.964285714285714,3.309438162646491,3,0,36,0,0,679,0.0
2025-09-05,SKU-0004,6.0,10916.4,1819.4,0,False,False,False,36,9,Autumn,0,,Decor,Wall Art,2023-10-26,1126.32,1819.4,47.5,107.0,8.0,81.5,8.0,11.0,7.0,5.0,7.857142857142857,7.035714285714286,2.9113897843110106,4,0,36,0,0,680,0.0
2025-09-06,SKU-0004,7.0,12735.8,1819.4,0,False,False,False,36,9,Autumn,0,,Decor,Wall Art,2023-10-26,1126.32,1819.4,47.5,107.0,8.0,81.5,6.0,11.0,7.0,9.0,7.142857142857143,7.071428571428571,2.609506430251485,5,1,36,0,0,681,0.0
2025-09-07,SKU-0004,6.0,10916.4,1819.4,0,False,False,False,36,9,Autumn,0,,Decor,Wall Art,2023-10-26,1126.32,1819.4,47.5,107.0,8.0,81.5,7.0,10.0,6.0,9.0,6.571428571428571,7.0,1.9880595947760216,6,1,36,0,0,682,0.0
2025-09-08,SKU-0004,5.0,9097.0,1819.4,0,False,False,False,37,9,Autumn,0,,Decor,Wall Art,2023-10-26,1126.32,1819.4,4.5,107.0,8.0,81.5,6.0,4.0,8.0,4.0,6.0,6.892857142857143,1.2909944487358258,0,0,37,0,0,683,0.0
2025-09-09,SKU-0004,12.0,21832.8,1819.4,0,False,False,False,37,9,Autumn,0,,Decor,Wall Art,2023-10-26,1126.32,1819.4,4.5,107.0,8.0,81.5,5.0,6.0,9.0,5.0,6.142857142857143,6.928571428571429,1.0690449676497211,1,0,37,0,0,684,0.0
2025-09-10,SKU-0004,6.0,10916.4,1819.4,0,False,False,False,37,9,Autumn,0,,Decor,Wall Art,2023-10-26,1126.32,1819.4,4.5,107.0,8.0,81.5,12.0,5.0,6.0,10.0,7.0,7.178571428571429,2.4494897427831868,2,0,37,0,0,685,0.0
2025-09-11,SKU-0004,6.0,10916.4,1819.4,0,False,False,False,37,9,Autumn,0,,Decor,Wall Art,2023-10-26,1126.32,1819.4,4.5,107.0,8.0,81.5,6.0,8.0,12.0,5.0,7.142857142857143,7.035714285714286,2.340126166724888,3,0,37,0,0,686,0.0
2025-09-12,SKU-0004,5.0,9097.0,1819.4,0,False,False,False,37,9,Autumn,0,,Decor,Wall Art,2023-10-26,1126.32,1819.4,4.5,107.0,8.0,81.5,6.0,6.0,11.0,8.0,6.857142857142857,7.071428571428571,2.3401261667248887,4,0,37,0,0,687,0.0
2025-09-13,SKU-0004,8.0,14555.2,1819.4,0,False,False,False,37,9,Autumn,0,,Decor,Wall Art,2023-10-26,1126.32,1819.4,4.5,107.0,8.0,81.5,5.0,7.0,11.0,5.0,6.714285714285714,6.964285714285714,2.429971585175833,5,1,37,0,0,688,0.0
2025-09-14,SKU-0004,10.0,18194.0,1819.4,0,False,False,False,37,9,Autumn,0,,Decor,Wall Art,2023-10-26,1126.32,1819.4,4.5,107.0,8.0,81.5,8.0,6.0,10.0,5.0,6.857142857142857,7.071428571428571,2.478478796128219,6,1,37,0,0,689,0.0
2025-09-15,SKU-0004,7.0,12735.8,1819.4,0,False,False,False,38,9,Autumn,0,,Decor,Wall Art,2023-10-26,1126.32,1819.4,57.5,97.0,8.0,81.5,10.0,5.0,4.0,6.0,7.428571428571429,7.25,2.699206232527319,0,0,38,0,0,690,0.0
2025-09-16,SKU-0004,6.0,10916.4,1819.4,0,False,False,False,38,9,Autumn,0,,Decor,Wall Art,2023-10-26,1126.32,1819.4,57.5,97.0,8.0,81.5,7.0,12.0,6.0,6.0,7.714285714285714,7.285714285714286,2.4976179127511227,1,0,38,0,0,691,0.0
2025-09-17,SKU-0004,7.0,12735.8,1819.4,0,False,False,False,38,9,Autumn,0,,Decor,Wall Art,2023-10-26,1126.32,1819.4,57.5,97.0,8.0,81.5,6.0,6.0,5.0,3.0,6.857142857142857,7.285714285714286,1.6761634196950645,2,0,38,0,0,692,0.0
2025-09-18,SKU-0004,5.0,9097.0,1819.4,0,False,False,False,38,9,Autumn,0,,Decor,Wall Art,2023-10-26,1126.32,1819.4,57.5,97.0,8.0,81.5,7.0,6.0,8.0,7.0,7.0,7.428571428571429,1.632993161855465,3,0,38,0,0,693,0.0
2025-09-19,SKU-0004,3.0,5458.2,1819.4,0,False,False,False,38,9,Autumn,0,,Decor,Wall Art,2023-10-26,1126.32,1819.4,57.5,97.0,8.0,81.5,5.0,5.0,6.0,7.0,6.857142857142857,7.357142857142857,1.772810520855849,4,0,38,0,0,694,0.0
2025-09-20,SKU-0004,4.0,7277.6,1819.4,0,False,False,False,38,9,Autumn,0,,Decor,Wall Art,2023-10-26,1126.32,1819.4,57.5,97.0,8.0,81.5,3.0,8.0,7.0,7.0,6.571428571428571,7.214285714285714,2.2253945610567576,5,1,38,0,0,695,0.0
2025-09-21,SKU-0004,11.0,20013.4,1819.4,0,False,False,False,38,9,Autumn,0,,Decor,Wall Art,2023-10-26,1126.32,1819.4,57.5,97.0,8.0,81.5,4.0,10.0,6.0,6.0,6.0,7.107142857142857,2.3094010767585136,6,1,38,0,0,696,0.0
2025-09-22,SKU-0004,1.0,1819.4,1819.4,0,False,False,False,39,9,Autumn,0,,Decor,Wall Art,2023-10-26,1126.32,1819.4,20.5,97.0,8.0,81.5,11.0,7.0,5.0,8.0,6.142857142857143,7.285714285714286,2.6095064302514865,0,0,39,0,0,697,0.0
2025-09-23,SKU-0004,7.0,12735.8,1819.4,0,False,False,False,39,9,Autumn,0,,Decor,Wall Art,2023-10-26,1126.32,1819.4,20.5,97.0,8.0,81.5,1.0,6.0,12.0,9.0,5.285714285714286,7.035714285714286,3.199702367110931,1,0,39,0,0,698,0.0
2025-09-24,SKU-0004,9.0,16374.6,1819.4,0,False,False,False,39,9,Autumn,0,,Decor,Wall Art,2023-10-26,1126.32,1819.4,20.5,97.0,8.0,81.5,7.0,7.0,6.0,6.0,5.428571428571429,6.964285714285714,3.258688021128699,2,0,39,0,0,699,0.0
2025-09-25,SKU-0004,7.0,12735.8,1819.4,0,False,False,False,39,9,Autumn,0,,Decor,Wall Art,2023-10-26,1126.32,1819.4,20.5,97.0,8.0,81.5,9.0,5.0,6.0,12.0,5.714285714285714,7.071428571428571,3.498298906339379,3,0,39,0,0,700,0.0
2025-09-26,SKU-0004,6.0,10916.4,1819.4,0,False,False,False,39,9,Autumn,0,,Decor,Wall Art,2023-10-26,1126.32,1819.4,20.5,97.0,8.0,81.5,7.0,3.0,5.0,11.0,6.0,6.892857142857143,3.5118845842842537,4,0,39,0,0,701,0.0
2025-09-27,SKU-0004,5.0,9097.0,1819.4,0,False,False,False,39,9,Autumn,0,,Decor,Wall Art,2023-10-26,1126.32,1819.4,20.5,97.0,8.0,81.5,6.0,4.0,8.0,11.0,6.428571428571429,6.714285714285714,3.2586880211286977,5,1,39,0,0,702,0.0
2025-09-28,SKU-0004,9.0,16374.6,1819.4,0,False,False,False,39,9,Autumn,0,,Decor,Wall Art,2023-10-26,1126.32,1819.4,20.5,97.0,8.0,81.5,5.0,11.0,10.0,10.0,6.571428571428571,6.5,3.1547394428670334,6,1,39,0,0,703,0.0
2025-09-29,SKU-0004,5.0,9097.0,1819.4,0,False,False,False,40,9,Autumn,0,,Decor,Wall Art,2023-10-26,1126.32,1819.4,69.5,85.0,8.0,81.5,9.0,1.0,7.0,4.0,6.285714285714286,6.464285714285714,2.751622897751184,0,0,40,0,0,704,0.0
2025-09-30,SKU-0004,6.0,10916.4,1819.4,0,False,False,False,40,9,Autumn,0,,Decor,Wall Art,2023-10-26,1126.32,1819.4,69.5,85.0,8.0,81.5,5.0,7.0,6.0,6.0,6.857142857142857,6.5,1.6761634196950659,1,0,40,0,0,705,0.0
2025-10-01,SKU-0004,6.0,10916.4,1819.4,0,False,False,False,40,10,Autumn,0,,Decor,Wall Art,2023-10-26,1126.32,1819.4,69.5,85.0,8.0,81.5,6.0,9.0,7.0,5.0,6.714285714285714,6.5,1.7043362064927077,2,0,40,0,0,706,0.0
2025-10-02,SKU-0004,7.0,12735.8,1819.4,0,False,False,False,40,10,Autumn,1,,Decor,Wall Art,2023-10-26,1126.32,1819.4,69.5,85.0,8.0,81.5,6.0,7.0,5.0,8.0,6.285714285714286,6.535714285714286,1.3801311186847265,3,0,40,0,0,707,0.0
2025-10-03,SKU-0004,5.0,9097.0,1819.4,0,False,False,False,40,10,Autumn,0,,Decor,Wall Art,2023-10-26,1126.32,1819.4,69.5,85.0,8.0,81.5,7.0,6.0,3.0,6.0,6.285714285714286,6.5,1.3801311186847265,4,0,40,0,0,708,0.0
2025-10-04,SKU-0004,9.0,16374.6,1819.4,0,False,False,False,40,10,Autumn,0,,Decor,Wall Art,2023-10-26,1126.32,1819.4,69.5,85.0,8.0,81.5,5.0,5.0,4.0,7.0,6.142857142857143,6.464285714285714,1.4638501094228171,5,1,40,0,0,709,0.0
2025-10-05,SKU-0004,10.0,18194.0,1819.4,0,False,False,False,40,10,Autumn,0,,Decor,Wall Art,2023-10-26,1126.32,1819.4,69.5,85.0,8.0,81.5,9.0,9.0,11.0,6.0,6.714285714285714,6.535714285714286,1.7043362064927075,6,1,40,0,0,710,0.0
2025-10-06,SKU-0004,9.0,16374.6,1819.4,0,False,False,False,41,10,Autumn,0,,Decor,Wall Art,2023-10-26,1126.32,1819.4,17.5,85.0,8.0,81.5,10.0,5.0,1.0,5.0,6.857142857142857,6.678571428571429,1.9518001458970784,0,0,41,0,0,711,0.0
2025-10-07,SKU-0004,3.0,5458.2,1819.4,0,False,False,False,41,10,Autumn,0,,Decor,Wall Art,2023-10-26,1126.32,1819.4,17.5,85.0,8.0,81.5,9.0,6.0,7.0,12.0,7.428571428571429,6.821428571428571,1.9023794624226953,1,0,41,0,0,712,0.0
2025-10-08,SKU-0004,9.0,16374.6,1819.4,0,False,False,False,41,10,Autumn,0,,Decor,Wall Art,2023-10-26,1126.32,1819.4,17.5,85.0,8.0,81.5,3.0,6.0,9.0,6.0,7.0,6.5,2.516611478423593,2,0,41,0,0,713,0.0
2025-10-09,SKU-0004,4.0,7277.6,1819.4,0,False,False,False,41,10,Autumn,0,,Decor,Wall Art,2023-10-26,1126.32,1819.4,17.5,85.0,8.0,81.5,9.0,7.0,7.0,6.0,7.428571428571429,6.607142857142857,2.5727509827124084,3,0,41,0,0,714,0.0
2025-10-10,SKU-0004,8.0,14555.2,1819.4,0,False,False,False,41,10,Autumn,0,,Decor,Wall Art,2023-10-26,1126.32,1819.4,17.5,85.0,8.0,81.5,4.0,5.0,6.0,5.0,7.0,6.535714285714286,2.886751345948137,4,0,41,0,0,715,0.0
2025-10-11,SKU-0004,11.0,20013.4,1819.4,0,False,False,False,41,10,Autumn,0,,Decor,Wall Art,2023-10-26,1126.32,1819.4,17.5,85.0,8.0,81.5,8.0,9.0,5.0,8.0,7.428571428571429,6.642857142857143,2.7602622373694254,5,1,41,0,0,716,0.0
2025-10-12,SKU-0004,8.0,14555.2,1819.4,0,False,False,False,41,10,Autumn,0,,Decor,Wall Art,2023-10-26,1126.32,1819.4,17.5,85.0,8.0,81.5,11.0,10.0,9.0,10.0,7.714285714285714,6.75,3.0394235042348545,6,1,41,0,0,717,0.0
2025-10-13,SKU-0004,10.0,18194.0,1819.4,0,False,False,False,42,10,Autumn,0,,Decor,Wall Art,2023-10-26,1126.32,1819.4,49.5,105.0,8.0,81.5,8.0,9.0,5.0,7.0,7.428571428571429,6.678571428571429,2.878491668515706,0,0,42,0,0,718,0.0
2025-10-14,SKU-0004,5.0,9097.0,1819.4,0,False,False,False,42,10,Autumn,0,,Decor,Wall Art,2023-10-26,1126.32,1819.4,49.5,105.0,8.0,81.5,10.0,3.0,6.0,6.0,7.571428571428571,6.785714285714286,2.99205296617239,1,0,42,0,0,719,0.0
2025-10-15,SKU-0004,5.0,9097.0,1819.4,0,False,False,False,42,10,Autumn,0,,Decor,Wall Art,2023-10-26,1126.32,1819.4,49.5,105.0,8.0,81.5,5.0,9.0,6.0,7.0,7.857142857142857,6.75,2.5448360411214157,2,0,42,0,0,720,0.0
2025-10-16,SKU-0004,6.0,10916.4,1819.4,0,False,False,False,42,10,Autumn,0,,Decor,Wall Art,2023-10-26,1126.32,1819.4,49.5,105.0,8.0,81.5,5.0,4.0,7.0,5.0,7.285714285714286,6.678571428571429,2.6903708365382055,3,0,42,0,0,721,0.0
2025-10-17,SKU-0004,7.0,12735.8,1819.4,0,False,False,False,42,10,Autumn,0,,Decor,Wall Art,2023-10-26,1126.32,1819.4,49.5,105.0,8.0,81.5,6.0,8.0,5.0,3.0,7.571428571428571,6.714285714285714,2.3704530408864177,4,0,42,0,0,722,0.0
2025-10-18,SKU-0004,14.0,25471.6,1819.4,0,False,False,False,42,10,Autumn,0,,Decor,Wall Art,2023-10-26,1126.32,1819.4,49.5,105.0,8.0,81.5,7.0,11.0,9.0,4.0,7.428571428571429,6.857142857142857,2.3704530408864177,5,1,42,0,0,723,0.0
2025-10-19,SKU-0004,8.0,14555.2,1819.4,0,False,False,False,42,10,Autumn,0,,Decor,Wall Art,2023-10-26,1126.32,1819.4,49.5,105.0,8.0,81.5,14.0,8.0,10.0,11.0,7.857142857142857,7.214285714285714,3.236694374850755,6,1,42,0,0,724,0.0
2025-10-20,SKU-0004,4.528802256092433,8239.7,1819.4,0,False,False,False,43,10,Autumn,0,,Decor,Wall Art,2023-10-26,1126.32,1819.4,0.0,105.0,8.0,81.5,8.0,10.0,9.0,1.0,7.857142857142857,7.107142857142857,3.236694374850755,0,0,43,0,0,725,0.0
2025-10-21,SKU-0004,4.0,7277.6,1819.4,0,False,False,False,43,10,Autumn,0,,Decor,Wall Art,2023-10-26,1126.32,1819.4,0.0,105.0,8.0,81.5,4.528802256092433,5.0,3.0,7.0,7.075543179441776,7.233171509146159,3.293095577258904,1,0,43,0,0,726,0.0
2025-10-22,SKU-0004,3.0,5458.2,1819.4,0,False,False,False,43,10,Autumn,0,,Decor,Wall Art,2023-10-26,1126.32,1819.4,0.0,105.0,8.0,81.5,4.0,5.0,9.0,9.0,6.9326860365846334,7.126028652003301,3.4174820190163238,2,0,43,0,0,727,0.0
2025-10-23,SKU-0004,10.0,18194.0,1819.4,0,False,False,False,43,10,Autumn,0,,Decor,Wall Art,2023-10-26,1126.32,1819.4,0.0,105.0,8.0,81.5,3.0,6.0,4.0,7.0,6.646971750870348,6.9117429377175865,3.679547428618301,3,0,43,0,0,728,0.0
2025-10-24,SKU-0004,6.0,10916.4,1819.4,0,False,False,False,43,10,Autumn,0,,Decor,Wall Art,2023-10-26,1126.32,1819.4,0.0,105.0,8.0,81.5,10.0,7.0,8.0,6.0,7.218400322298919,7.018885794860444,3.8680944357661913,4,0,43,0,0,729,0.0
2025-10-25,SKU-0004,5.0,9097.0,1819.4,0,False,False,False,43,10,Autumn,0,,Decor,Wall Art,2023-10-26,1126.32,1819.4,0.0,105.0,8.0,81.5,6.0,14.0,11.0,5.0,7.075543179441776,7.018885794860444,3.8958711239330652,5,1,43,0,0,730,0.0
2025-10-26,SKU-0004,6.0,10916.4,1819.4,0,False,False,False,43,10,Autumn,0,,Decor,Wall Art,2023-10-26,1126.32,1819.4,0.0,105.0,8.0,81.5,5.0,8.0,8.0,9.0,5.78982889372749,7.018885794860444,2.444559249445468,6,1,43,0,0,731,0.0
2025-10-27,SKU-0004,7.0,12735.8,1819.4,0,False,False,False,44,10,Autumn,0,,Decor,Wall Art,2023-10-26,1126.32,1819.4,64.0,90.5,8.0,81.5,6.0,4.528802256092433,10.0,5.0,5.504114608013205,6.9117429377175865,2.252521052353627,0,0,44,0,0,732,0.0
2025-10-28,SKU-0004,7.0,12735.8,1819.4,0,False,False,False,44,10,Autumn,0,,Decor,Wall Art,2023-10-26,1126.32,1819.4,64.0,90.5,8.0,81.5,7.0,4.0,5.0,6.0,5.857142857142857,6.983171509146159,2.2677868380553745,1,0,44,0,0,733,0.0
2025-10-29,SKU-0004,8.0,14555.2,1819.4,0,False,False,False,44,10,Autumn,0,,Decor,Wall Art,2023-10-26,1126.32,1819.4,64.0,90.5,8.0,81.5,7.0,3.0,5.0,6.0,6.285714285714286,7.018885794860444,2.1380899352994067,2,0,44,0,0,734,0.0
2025-10-30,SKU-0004,6.0,10916.4,1819.4,0,False,False,False,44,10,Autumn,0,,Decor,Wall Art,2023-10-26,1126.32,1819.4,64.0,90.5,8.0,81.5,8.0,10.0,6.0,7.0,7.0,7.090314366289015,1.6329931618554672,3,0,44,0,0,735,0.0
2025-10-31,SKU-0004,4.0,7277.6,1819.4,0,False,False,False,44,10,Autumn,0,,Decor,Wall Art,2023-10-26,1126.32,1819.4,64.0,90.5,8.0,81.5,6.0,6.0,7.0,5.0,6.428571428571429,7.05460008057473,0.975900072948559,4,0,44,0,0,736,0.0
2025-11-01,SKU-0004,9.0,16374.6,1819.4,0,False,False,False,44,11,Autumn,0,,Decor,Wall Art,2023-10-26,1126.32,1819.4,64.0,90.5,8.0,81.5,4.0,5.0,14.0,9.0,6.142857142857143,7.018885794860444,1.3451854182691174,5,1,44,0,0,737,0.0
2025-11-02,SKU-0004,7.0,12735.8,1819.4,0,False,False,False,44,11,Autumn,0,,Decor,Wall Art,2023-10-26,1126.32,1819.4,64.0,90.5,8.0,81.5,9.0,6.0,8.0,10.0,6.714285714285714,7.018885794860444,1.6035674514745617,6,1,44,0,0,738,0.0
2025-11-03,SKU-0004,8.0,14555.2,1819.4,0,False,False,False,45,11,Autumn,0,,Decor,Wall Art,2023-10-26,1126.32,1819.4,15.0,90.5,8.0,81.5,7.0,7.0,4.528802256092433,9.0,6.857142857142857,6.9117429377175865,1.573591584938902,0,0,45,0,0,739,0.0
2025-11-04,SKU-0004,6.0,10916.4,1819.4,0,False,False,False,45,11,Autumn,0,,Decor,Wall Art,2023-10-26,1126.32,1819.4,15.0,90.5,8.0,81.5,8.0,7.0,4.0,3.0,7.0,6.876028652003301,1.632993161855467,1,0,45,0,0,740,0.0
2025-11-05,SKU-0004,4.0,7277.6,1819.4,0,False,False,False,45,11,Autumn,0,,Decor,Wall Art,2023-10-26,1126.32,1819.4,15.0,90.5,8.0,81.5,6.0,8.0,3.0,9.0,6.857142857142857,6.983171509146159,1.676163419695066,2,0,45,0,0,741,0.0
2025-11-06,SKU-0004,5.0,9097.0,1819.4,0,False,False,False,45,11,Autumn,0,,Decor,Wall Art,2023-10-26,1126.32,1819.4,15.0,90.5,8.0,81.5,4.0,6.0,10.0,4.0,6.285714285714286,6.80460008057473,1.8898223650461492,3,0,45,0,0,742,0.0
2025-11-07,SKU-0004,11.0,20013.4,1819.4,0,False,False,False,45,11,Autumn,0,,Decor,Wall Art,2023-10-26,1126.32,1819.4,15.0,90.5,8.0,81.5,5.0,4.0,6.0,8.0,6.142857142857143,6.840314366289015,1.9518001458970788,4,0,45,0,0,743,0.0
2025-11-08,SKU-0004,4.0,7277.6,1819.4,0,False,False,False,45,11,Autumn,0,,Decor,Wall Art,2023-10-26,1126.32,1819.4,15.0,90.5,8.0,81.5,11.0,9.0,5.0,11.0,7.142857142857143,6.947457223431873,2.410295378065489,5,1,45,0,0,744,0.0
2025-11-09,SKU-0004,8.0,14555.2,1819.4,0,False,False,False,45,11,Autumn,0,,Decor,Wall Art,2023-10-26,1126.32,1819.4,15.0,90.5,8.0,81.5,4.0,7.0,6.0,8.0,6.428571428571429,6.697457223431873,2.507132682112045,6,1,45,0,0,745,0.0
2025-11-10,SKU-0004,4.0,7277.6,1819.4,0,False,False,False,46,11,Autumn,0,,Decor,Wall Art,2023-10-26,1126.32,1819.4,63.5,91.0,8.0,81.5,8.0,8.0,7.0,10.0,6.571428571428571,6.697457223431873,2.5727509827124098,0,0,46,0,0,746,0.0
2025-11-11,SKU-0004,7.0,12735.8,1819.4,0,False,False,False,46,11,Autumn,0,,Decor,Wall Art,2023-10-26,1126.32,1819.4,63.5,91.0,8.0,81.5,4.0,6.0,7.0,5.0,6.0,6.483171509146159,2.6457513110646,1,0,46,0,0,747,0.0
2025-11-12,SKU-0004,5.0,9097.0,1819.4,0,False,False,False,46,11,Autumn,0,,Decor,Wall Art,2023-10-26,1126.32,1819.4,63.5,91.0,8.0,81.5,7.0,4.0,8.0,5.0,6.142857142857143,6.55460008057473,2.672612419124253,2,0,46,0,0,748,0.0
2025-11-13,SKU-0004,5.0,9097.0,1819.4,0,False,False,False,46,11,Autumn,0,,Decor,Wall Art,2023-10-26,1126.32,1819.4,63.5,91.0,8.0,81.5,5.0,5.0,6.0,6.0,6.285714285714286,6.55460008057473,2.563479777846633,3,0,46,0,0,749,0.0
2025-11-14,SKU-0004,2.0,3638.8,1819.4,0,False,False,False,46,11,Autumn,0,,Decor,Wall Art,2023-10-26,1126.32,1819.4,63.5,91.0,8.0,81.5,5.0,11.0,4.0,7.0,6.285714285714286,6.518885794860444,2.563479777846633,4,0,46,0,0,750,0.0
2025-11-15,SKU-0004,12.0,17902.9,1491.91,1,False,False,False,46,11,Autumn,0,Diwali Sale,Decor,Wall Art,2023-10-26,1126.32,1819.4,63.5,91.0,8.0,81.5,2.0,4.0,9.0,14.0,5.0,6.340314366289015,2.0000000000000115,5,1,46,1,1,751,0.17999890073650648
2025-11-16,SKU-0004,12.0,17902.9,1491.91,1,False,False,False,46,11,Autumn,0,Diwali Sale,Decor,Wall Art,2023-10-26,1126.32,1819.4,63.5,91.0,8.0,81.5,12.0,8.0,7.0,8.0,6.142857142857143,6.268885794860444,3.236694374850756,6,1,46,1,1,752,0.17999890073650648
2025-11-17,SKU-0004,11.0,16410.99,1491.91,1,False,False,False,47,11,Autumn,0,Diwali Sale,Decor,Wall Art,2023-10-26,1126.32,1819.4,9.5,91.0,8.0,81.5,12.0,4.0,8.0,4.528802256092433,6.714285714285714,6.4117429377175865,3.903600291794139,0,0,47,1,1,753,0.17999890073650648
2025-11-18,SKU-0004,15.0,22378.62,1491.91,1,False,False,False,47,11,Autumn,0,Diwali Sale,Decor,Wall Art,2023-10-26,1126.32,1819.4,9.5,91.0,8.0,81.5,11.0,7.0,6.0,4.0,7.714285714285714,6.642857142857143,3.9880774697543115,1,0,47,1,1,754,0.17999890073650648
2025-11-19,SKU-0004,15.0,22378.62,1491.91,1,False,False,False,47,11,Autumn,0,Diwali Sale,Decor,Wall Art,2023-10-26,1126.32,1819.4,9.5,91.0,8.0,81.5,15.0,5.0,4.0,3.0,8.857142857142858,7.035714285714286,4.810702354423643,2,0,47,1,1,755,0.17999890073650648
2025-11-20,SKU-0004,13.0,19394.8,1491.91,1,False,False,False,47,11,Autumn,0,Diwali Sale,Decor,Wall Art,2023-10-26,1126.32,1819.4,9.5,91.0,8.0,81.5,15.0,5.0,5.0,10.0,10.285714285714286,7.464285714285714,4.956957592256424,3,0,47,1,1,756,0.17999890073650648
2025-11-21,SKU-0004,10.0,14919.08,1491.91,1,False,False,False,47,11,Autumn,0,Diwali Sale,Decor,Wall Art,2023-10-26,1126.32,1819.4,9.5,91.0,8.0,81.5,13.0,2.0,11.0,6.0,11.428571428571429,7.571428571428571,4.429339411136571,4,0,47,1,1,757,0.17999890073650648
2025-11-22,SKU-0004,16.0,23870.53,1491.91,1,False,False,False,47,11,Autumn,0,Diwali Sale,Decor,Wall Art,2023-10-26,1126.32,1819.4,9.5,91.0,8.0,81.5,10.0,12.0,4.0,5.0,12.571428571428571,7.714285714285714,1.9023794624226937,5,1,47,1,1,758,0.17999890073650648
2025-11-23,SKU-0004,15.0,22378.62,1491.91,1,False,False,False,47,11,Autumn,0,Diwali Sale,Decor,Wall Art,2023-10-26,1126.32,1819.4,9.5,91.0,8.0,81.5,16.0,12.0,8.0,6.0,13.142857142857142,8.107142857142858,2.267786838055372,6,1,47,1,1,759,0.17999890073650648
2025-11-24,SKU-0004,14.0,20886.71,1491.91,1,False,False,False,48,11,Autumn,0,Diwali Sale,Decor,Wall Art,2023-10-26,1126.32,1819.4,2.5,152.0,8.0,81.5,15.0,11.0,4.0,7.0,13.571428571428571,8.428571428571429,2.2990681342044486,0,0,48,1,1,760,0.17999890073650648
2025-11-25,SKU-0004,2.5288022560924333,3772.74,1491.91,1,False,False,False,48,11,Autumn,0,Diwali Sale,Decor,Wall Art,2023-10-26,1126.32,1819.4,2.5,152.0,8.0,81.5,14.0,15.0,7.0,7.0,14.0,8.678571428571429,2.0000000000000098,1,0,48,1,1,761,0.17999890073650648
2025-11-26,SKU-0004,0.0,0.0,1491.91,1,False,False,False,48,11,Autumn,0,Diwali Sale,Decor,Wall Art,2023-10-26,1126.32,1819.4,2.5,152.0,8.0,81.5,2.5288022560924333,15.0,5.0,8.0,12.218400322298919,8.518885794860443,4.696979451355557,2,0,48,1,1,762,0.17999890073650648
2025-11-27,SKU-0004,0.0,0.0,1491.91,1,False,False,False,48,11,Autumn,0,Diwali Sale,Decor,Wall Art,2023-10-26,1126.32,1819.4,2.5,152.0,8.0,81.5,0.0,13.0,5.0,6.0,10.075543179441777,8.233171509146159,6.347950434652754,3,0,48,1,1,763,0.17999890073650648
2025-11-28,SKU-0004,0.0,0.0,1491.91,1,False,False,False,48,11,Autumn,0,Diwali Sale,Decor,Wall Art,2023-10-26,1126.32,1819.4,2.5,152.0,8.0,81.5,0.0,10.0,2.0,4.0,8.218400322298919,8.018885794860443,7.1949069237375305,4,0,48,1,1,764,0.17999890073650648
2025-11-29,SKU-0004,0.0,0.0,1491.91,1,False,False,False,48,11,Autumn,0,Diwali Sale,Decor,Wall Art,2023-10-26,1126.32,1819.4,2.5,152.0,8.0,81.5,0.0,16.0,12.0,9.0,6.78982889372749,7.876028652003301,7.7533047363445995,5,1,48,1,1,765,0.17999890073650648
2025-11-30,SKU-0004,0.0,0.0,1491.91,1,False,False,False,48,11,Autumn,0,Diwali Sale,Decor,Wall Art,2023-10-26,1126.32,1819.4,2.5,152.0,8.0,81.5,0.0,15.0,12.0,7.0,4.504114608013205,7.55460008057473,6.896684010396984,6,1,48,1,1,766,0.17999890073650648
2025-12-01,SKU-0004,0.0,0.0,1819.4,0,False,False,False,49,12,Winter,0,,Decor,Wall Art,2023-10-26,1126.32,1819.4,0.0,152.0,8.0,81.5,0.0,14.0,11.0,8.0,2.361257465156062,7.30460008057473,5.218014998271718,0,0,49,0,0,767,0.0
2025-12-02,SKU-0004,5.0,9097.0,1819.4,0,False,False,False,49,12,Winter,0,,Decor,Wall Art,2023-10-26,1126.32,1819.4,0.0,152.0,8.0,81.5,0.0,2.5288022560924333,15.0,6.0,0.3612574651560619,7.018885794860444,0.9557974120685152,1,0,49,0,0,768,0.0
2025-12-03,SKU-0004,9.0,16374.6,1819.4,0,False,False,False,49,12,Winter,0,,Decor,Wall Art,2023-10-26,1126.32,1819.4,0.0,152.0,8.0,81.5,5.0,0.0,15.0,4.0,0.7142857142857143,6.983171509146159,1.889822365046136,2,0,49,0,0,769,0.0
2025-12-04,SKU-0004,6.0,10916.4,1819.4,0,False,False,False,49,12,Winter,0,,Decor,Wall Art,2023-10-26,1126.32,1819.4,0.0,152.0,8.0,81.5,9.0,0.0,13.0,5.0,2.0,7.1617429377175865,3.605551275463989,3,0,49,0,0,770,0.0
2025-12-05,SKU-0004,12.0,21832.8,1819.4,0,False,False,False,49,12,Winter,0,,Decor,Wall Art,2023-10-26,1126.32,1819.4,0.0,152.0,8.0,81.5,6.0,0.0,10.0,11.0,2.857142857142857,7.197457223431873,3.760699023168052,4,0,49,0,0,771,0.0
2025-12-06,SKU-0004,12.0,21832.8,1819.4,0,False,False,False,49,12,Winter,0,,Decor,Wall Art,2023-10-26,1126.32,1819.4,0.0,152.0,8.0,81.5,12.0,0.0,16.0,4.0,4.571428571428571,7.233171509146159,4.825527358301296,5,1,49,0,0,772,0.0
2025-12-07,SKU-0004,4.0,7277.6,1819.4,0,False,False,False,49,12,Winter,0,,Decor,Wall Art,2023-10-26,1126.32,1819.4,0.0,152.0,8.0,81.5,12.0,0.0,15.0,8.0,6.285714285714286,7.518885794860444,5.056820005836531,6,1,49,0,0,773,0.0
2025-12-08,SKU-0004,6.0,10916.4,1819.4,0,False,False,False,50,12,Winter,0,,Decor,Wall Art,2023-10-26,1126.32,1819.4,98.0,0.0,8.0,81.5,4.0,0.0,14.0,4.0,6.857142857142857,7.376028652003301,4.413183712037204,0,0,50,0,0,774,0.0
2025-12-09,SKU-0004,5.0,9097.0,1819.4,0,False,False,False,50,12,Winter,0,,Decor,Wall Art,2023-10-26,1126.32,1819.4,98.0,0.0,8.0,81.5,6.0,5.0,2.5288022560924333,7.0,7.714285714285714,7.447457223431873,3.3022358947782493,1,0,50,0,0,775,0.0
2025-12-10,SKU-0004,5.0,9097.0,1819.4,0,False,False,False,50,12,Winter,0,,Decor,Wall Art,2023-10-26,1126.32,1819.4,98.0,0.0,8.0,81.5,5.0,9.0,0.0,5.0,7.714285714285714,7.376028652003301,3.3022358947782493,2,0,50,0,0,776,0.0
2025-12-11,SKU-0004,7.0,12735.8,1819.4,0,False,False,False,50,12,Winter,0,,Decor,Wall Art,2023-10-26,1126.32,1819.4,98.0,0.0,8.0,81.5,5.0,6.0,0.0,5.0,7.142857142857143,7.376028652003301,3.38765264987284,3,0,50,0,0,777,0.0
2025-12-12,SKU-0004,2.0,3638.8,1819.4,0,False,False,False,50,12,Winter,0,,Decor,Wall Art,2023-10-26,1126.32,1819.4,98.0,0.0,8.0,81.5,7.0,12.0,0.0,2.0,7.285714285714286,7.447457223431873,3.3523268393901033,4,0,50,0,0,778,0.0
2025-12-13,SKU-0004,13.0,23652.2,1819.4,0,False,False,False,50,12,Winter,0,,Decor,Wall Art,2023-10-26,1126.32,1819.4,98.0,0.0,8.0,81.5,2.0,12.0,0.0,12.0,5.857142857142857,7.447457223431873,3.1320159337914952,5,1,50,0,0,779,0.0
2025-12-14,SKU-0004,4.0,7277.6,1819.4,0,False,False,False,50,12,Winter,0,,Decor,Wall Art,2023-10-26,1126.32,1819.4,98.0,0.0,8.0,81.5,13.0,4.0,0.0,12.0,6.0,7.483171509146159,3.464101615137755,6,1,50,0,0,780,0.0
2025-12-15,SKU-0004,7.0,12735.8,1819.4,0,False,False,False,51,12,Winter,0,,Decor,Wall Art,2023-10-26,1126.32,1819.4,55.0,99.5,8.0,81.5,4.0,6.0,0.0,11.0,6.0,7.197457223431873,3.464101615137755,0,0,51,0,0,781,0.0
2025-12-16,SKU-0004,2.0,3638.8,1819.4,0,False,False,False,51,12,Winter,0,,Decor,Wall Art,2023-10-26,1126.32,1819.4,55.0,99.5,8.0,81.5,7.0,5.0,5.0,15.0,6.142857142857143,7.05460008057473,3.4846602621858485,1,0,51,0,0,782,0.0
2025-12-17,SKU-0004,10.0,18194.0,1819.4,0,False,False,False,51,12,Winter,0,,Decor,Wall Art,2023-10-26,1126.32,1819.4,55.0,99.5,8.0,81.5,2.0,5.0,9.0,15.0,5.714285714285714,6.590314366289015,3.8172540616821116,2,0,51,0,0,783,0.0
2025-12-18,SKU-0004,10.0,18194.0,1819.4,0,False,False,False,51,12,Winter,0,,Decor,Wall Art,2023-10-26,1126.32,1819.4,55.0,99.5,8.0,81.5,10.0,7.0,6.0,13.0,6.428571428571429,6.4117429377175865,4.117326918327103,3,0,51,0,0,784,0.0
2025-12-19,SKU-0004,6.0,10916.4,1819.4,0,False,False,False,51,12,Winter,0,,Decor,Wall Art,2023-10-26,1126.32,1819.4,55.0,99.5,8.0,81.5,10.0,2.0,12.0,10.0,6.857142857142857,6.30460008057473,4.3369947901195145,4,0,51,0,0,785,0.0
2025-12-20,SKU-0004,16.0,23870.53,1491.91,1,False,False,False,51,12,Winter,0,Year End Clearance,Decor,Wall Art,2023-10-26,1126.32,1819.4,55.0,99.5,8.0,81.5,6.0,13.0,12.0,16.0,7.428571428571429,6.1617429377175865,3.8234863173611098,5,1,51,1,1,786,0.17999890073650648
2025-12-21,SKU-0004,10.0,14919.08,1491.91,1,False,False,False,51,12,Winter,0,Year End Clearance,Decor,Wall Art,2023-10-26,1126.32,1819.4,55.0,99.5,8.0,81.5,16.0,4.0,4.0,15.0,7.857142857142857,6.1617429377175865,4.634241089562614,6,1,51,1,1,787,0.17999890073650648
2025-12-22,SKU-0004,1.0,1491.91,1491.91,1,False,False,False,52,12,Winter,0,Year End Clearance,Decor,Wall Art,2023-10-26,1126.32,1819.4,0.0,99.5,8.0,81.5,10.0,7.0,6.0,14.0,8.714285714285714,5.983171509146159,4.347960660443228,0,0,52,1,1,788,0.17999890073650648
2025-12-23,SKU-0004,11.0,16410.99,1491.91,1,False,False,False,52,12,Winter,0,Year End Clearance,Decor,Wall Art,2023-10-26,1126.32,1819.4,0.0,99.5,8.0,81.5,1.0,2.0,5.0,2.5288022560924333,7.857142857142857,5.518885794860444,5.241773600241666,1,0,52,1,1,789,0.17999890073650648
2025-12-24,SKU-0004,14.0,20886.71,1491.91,1,False,False,False,52,12,Winter,0,Year End Clearance,Decor,Wall Art,2023-10-26,1126.32,1819.4,0.0,99.5,8.0,81.5,11.0,10.0,5.0,0.0,9.142857142857142,5.821428571428571,4.634241089562614,2,0,52,1,1,790,0.17999890073650648
2025-12-25,SKU-0004,22.0,32821.98,1491.91,1,False,False,False,52,12,Winter,1,Year End Clearance,Decor,Wall Art,2023-10-26,1126.32,1819.4,0.0,99.5,8.0,81.5,14.0,10.0,7.0,0.0,9.714285714285714,6.321428571428571,4.990467102863408,3,0,52,1,1,791,0.17999890073650648
2025-12-26,SKU-0004,11.0,16410.99,1491.91,1,False,False,False,52,12,Winter,0,Year End Clearance,Decor,Wall Art,2023-10-26,1126.32,1819.4,0.0,99.5,8.0,81.5,22.0,6.0,2.0,0.0,11.428571428571429,7.107142857142857,6.827814263660635,4,0,52,1,1,792,0.17999890073650648
2025-12-27,SKU-0004,11.0,16410.99,1491.91,1,False,False,False,52,12,Winter,0,Year End Clearance,Decor,Wall Art,2023-10-26,1126.32,1819.4,0.0,99.5,8.0,81.5,11.0,16.0,13.0,0.0,12.142857142857142,7.5,6.414269805898185,5,1,52,1,1,793,0.17999890073650648
2025-12-28,SKU-0004,9.0,13427.17,1491.91,1,False,False,False,52,12,Winter,0,Year End Clearance,Decor,Wall Art,2023-10-26,1126.32,1819.4,0.0,99.5,8.0,81.5,11.0,10.0,4.0,0.0,11.428571428571429,7.892857142857143,6.187545093630776,6,1,52,1,1,794,0.17999890073650648
2025-12-29,SKU-0004,12.0,17902.9,1491.91,1,False,False,False,1,12,Winter,0,Year End Clearance,Decor,Wall Art,2023-10-26,1126.32,1819.4,9.5,145.0,8.0,81.5,9.0,1.0,7.0,0.0,11.285714285714286,8.214285714285714,6.2373681873657185,0,0,1,1,1,795,0.17999890073650648
2025-12-30,SKU-0004,7.0,10443.36,1491.91,1,False,False,False,1,12,Winter,0,Year End Clearance,Decor,Wall Art,2023-10-26,1126.32,1819.4,9.5,145.0,8.0,81.5,12.0,11.0,2.0,5.0,12.857142857142858,8.642857142857142,4.298393941484478,1,0,1,1,1,796,0.17999890073650648
2025-12-31,SKU-0004,2.5288022560924333,3772.74,1491.91,1,False,False,False,1,12,Winter,0,Year End Clearance,Decor,Wall Art,2023-10-26,1126.32,1819.4,9.5,145.0,8.0,81.5,7.0,14.0,10.0,9.0,12.285714285714286,8.714285714285714,4.820590756130956,2,0,1,1,1,797,0.17999890073650648
2026-01-01,SKU-0004,0.0,0.0,1819.4,0,False,False,False,1,1,Winter,1,,Decor,Wall Art,2023-10-26,1126.32,1819.4,9.5,145.0,8.0,81.5,2.5288022560924333,22.0,10.0,6.0,10.646971750870348,8.483171509146159,5.95663199864375,3,0,1,0,0,798,0.0
2026-01-02,SKU-0004,0.0,0.0,1819.4,0,False,False,False,1,1,Winter,0,,Decor,Wall Art,2023-10-26,1126.32,1819.4,9.5,145.0,8.0,81.5,0.0,11.0,6.0,12.0,7.504114608013205,8.268885794860443,4.622637928337711,4,0,1,0,0,799,0.0
2026-01-03,SKU-0004,0.0,0.0,1819.4,0,False,False,False,1,1,Winter,0,,Decor,Wall Art,2023-10-26,1126.32,1819.4,9.5,145.0,8.0,81.5,0.0,11.0,16.0,12.0,5.9326860365846334,7.840314366289015,5.082937070723554,5,1,1,0,0,800,0.0
2026-01-04,SKU-0004,0.0,0.0,1819.4,0,False,False,False,1,1,Winter,0,,Decor,Wall Art,2023-10-26,1126.32,1819.4,9.5,145.0,8.0,81.5,0.0,9.0,10.0,4.0,4.361257465156062,7.4117429377175865,4.953969353100639,6,1,1,0,0,801,0.0
2026-01-05,SKU-0004,0.0,0.0,1819.4,0,False,False,False,2,1,Winter,0,,Decor,Wall Art,2023-10-26,1126.32,1819.4,0.0,145.0,8.0,81.5,0.0,12.0,1.0,6.0,3.0755431794417762,7.268885794860444,4.711370641157108,0,0,2,0,0,802,0.0
2026-01-06,SKU-0004,7.0,12735.8,1819.4,0,False,False,False,2,1,Winter,0,,Decor,Wall Art,2023-10-26,1126.32,1819.4,0.0,145.0,8.0,81.5,0.0,7.0,11.0,5.0,1.3612574651560618,7.05460008057473,2.659062731030021,1,0,2,0,0,803,0.0
2026-01-07,SKU-0004,7.0,12735.8,1819.4,0,False,False,False,2,1,Winter,0,,Decor,Wall Art,2023-10-26,1126.32,1819.4,0.0,145.0,8.0,81.5,7.0,2.5288022560924333,14.0,5.0,1.3612574651560618,7.126028652003301,2.659062731030021,2,0,2,0,0,804,0.0
2026-01-08,SKU-0004,9.0,16374.6,1819.4,0,False,False,False,2,1,Winter,0,,Decor,Wall Art,2023-10-26,1126.32,1819.4,0.0,145.0,8.0,81.5,7.0,0.0,22.0,7.0,2.0,7.197457223431873,3.4156502553198793,3,0,2,0,0,805,0.0
2026-01-09,SKU-0004,6.0,10916.4,1819.4,0,False,False,False,2,1,Winter,0,,Decor,Wall Art,2023-10-26,1126.32,1819.4,0.0,145.0,8.0,81.5,9.0,0.0,11.0,2.0,3.2857142857142856,7.268885794860444,4.1518785191880685,4,0,2,0,0,806,0.0
2026-01-10,SKU-0004,7.0,12735.8,1819.4,0,False,False,False,2,1,Winter,0,,Decor,Wall Art,2023-10-26,1126.32,1819.4,0.0,145.0,8.0,81.5,6.0,0.0,11.0,13.0,4.142857142857143,7.4117429377175865,3.9761191895520276,5,1,2,0,0,807,0.0
2026-01-11,SKU-0004,10.0,18194.0,1819.4,0,False,False,False,2,1,Winter,0,,Decor,Wall Art,2023-10-26,1126.32,1819.4,0.0,145.0,8.0,81.5,7.0,0.0,9.0,4.0,5.142857142857143,7.197457223431873,3.62530786869987,6,1,2,0,0,808,0.0
2026-01-12,SKU-0004,6.0,10916.4,1819.4,0,False,False,False,3,1,Winter,0,,Decor,Wall Art,2023-10-26,1126.32,1819.4,93.0,0.0,8.0,81.5,10.0,0.0,12.0,7.0,6.571428571428571,7.4117429377175865,3.207134902949098,0,0,3,0,0,809,0.0
2026-01-13,SKU-0004,5.0,9097.0,1819.4,0,False,False,False,3,1,Winter,0,,Decor,Wall Art,2023-10-26,1126.32,1819.4,93.0,0.0,8.0,81.5,6.0,7.0,7.0,2.0,7.428571428571429,7.376028652003301,1.5118578920369183,1,0,3,0,0,810,0.0
2026-01-14,SKU-0004,5.0,9097.0,1819.4,0,False,False,False,3,1,Winter,0,,Decor,Wall Art,2023-10-26,1126.32,1819.4,93.0,0.0,8.0,81.5,5.0,7.0,2.5288022560924333,10.0,7.142857142857143,7.483171509146159,1.7728105208558453,2,0,3,0,0,811,0.0
2026-01-15,SKU-0004,8.0,14555.2,1819.4,0,False,False,False,3,1,Winter,0,,Decor,Wall Art,2023-10-26,1126.32,1819.4,93.0,0.0,8.0,81.5,5.0,9.0,0.0,10.0,6.857142857142857,7.30460008057473,1.951800145897075,3,0,3,0,0,812,0.0
2026-01-16,SKU-0004,9.0,16374.6,1819.4,0,False,False,False,3,1,Winter,0,,Decor,Wall Art,2023-10-26,1126.32,1819.4,93.0,0.0,8.0,81.5,8.0,6.0,0.0,6.0,6.714285714285714,7.233171509146159,1.7994708216848845,4,0,3,0,0,813,0.0
2026-01-17,SKU-0004,9.0,16374.6,1819.4,0,False,False,False,3,1,Winter,0,,Decor,Wall Art,2023-10-26,1126.32,1819.4,93.0,0.0,8.0,81.5,9.0,7.0,0.0,16.0,7.142857142857143,7.340314366289015,1.9518001458970744,5,1,3,0,0,814,0.0
2026-01-18,SKU-0004,10.0,18194.0,1819.4,0,False,False,False,3,1,Winter,0,,Decor,Wall Art,2023-10-26,1126.32,1819.4,93.0,0.0,8.0,81.5,9.0,10.0,0.0,10.0,7.428571428571429,7.090314366289015,2.0701966780270693,6,1,3,0,0,815,0.0
2026-01-19,SKU-0004,4.0,7277.6,1819.4,0,False,False,False,4,1,Winter,0,,Decor,Wall Art,2023-10-26,1126.32,1819.4,43.0,111.5,8.0,81.5,10.0,6.0,0.0,1.0,7.428571428571429,7.090314366289015,2.0701966780270693,0,0,4,0,0,816,0.0
2026-01-20,SKU-0004,9.0,16374.6,1819.4,0,False,False,False,4,1,Winter,0,,Decor,Wall Art,2023-10-26,1126.32,1819.4,43.0,111.5,8.0,81.5,4.0,5.0,7.0,11.0,7.142857142857143,7.197457223431873,2.410295378065485,1,0,4,0,0,817,0.0
2026-01-21,SKU-0004,4.0,7277.6,1819.4,0,False,False,False,4,1,Winter,0,,Decor,Wall Art,2023-10-26,1126.32,1819.4,43.0,111.5,8.0,81.5,9.0,5.0,7.0,14.0,7.714285714285714,7.126028652003301,2.2886885410853233,2,0,4,0,0,818,0.0
2026-01-22,SKU-0004,8.0,14555.2,1819.4,0,False,False,False,4,1,Winter,0,,Decor,Wall Art,2023-10-26,1126.32,1819.4,43.0,111.5,8.0,81.5,4.0,8.0,9.0,22.0,7.571428571428571,6.768885794860444,2.5071326821120405,3,0,4,0,0,819,0.0
2026-01-23,SKU-0004,5.0,9097.0,1819.4,0,False,False,False,4,1,Winter,0,,Decor,Wall Art,2023-10-26,1126.32,1819.4,43.0,111.5,8.0,81.5,8.0,9.0,6.0,11.0,7.571428571428571,6.268885794860444,2.5071326821120405,4,0,4,0,0,820,0.0
2026-01-24,SKU-0004,6.0,10916.4,1819.4,0,False,False,False,4,1,Winter,0,,Decor,Wall Art,2023-10-26,1126.32,1819.4,43.0,111.5,8.0,81.5,5.0,9.0,7.0,11.0,7.0,6.05460008057473,2.581988897471618,5,1,4,0,0,821,0.0
2026-01-25,SKU-0004,8.0,14555.2,1819.4,0,False,False,False,4,1,Winter,0,,Decor,Wall Art,2023-10-26,1126.32,1819.4,43.0,111.5,8.0,81.5,6.0,10.0,10.0,9.0,6.571428571428571,5.876028652003301,2.439750182371341,6,1,4,0,0,822,0.0
2026-01-26,SKU-0004,3.0,5458.2,1819.4,0,False,False,False,5,1,Winter,1,,Decor,Wall Art,2023-10-26,1126.32,1819.4,0.0,111.5,8.0,81.5,8.0,4.0,6.0,12.0,6.285714285714286,5.840314366289015,2.058663459163561,0,0,5,0,0,823,0.0
2026-01-27,SKU-0004,12.0,21832.8,1819.4,0,False,False,False,5,1,Winter,0,,Decor,Wall Art,2023-10-26,1126.32,1819.4,0.0,111.5,8.0,81.5,3.0,9.0,5.0,7.0,6.142857142857143,5.518885794860444,2.2677868380553727,1,0,5,0,0,824,0.0
2026-01-28,SKU-0004,6.0,10916.4,1819.4,0,False,False,False,5,1,Winter,0,,Decor,Wall Art,2023-10-26,1126.32,1819.4,0.0,111.5,8.0,81.5,12.0,4.0,5.0,2.5288022560924333,6.571428571428571,5.697457223431873,3.0472470011002266,2,0,5,0,0,825,0.0
2026-01-29,SKU-0004,2.0,3638.8,1819.4,0,False,False,False,5,1,Winter,0,,Decor,Wall Art,2023-10-26,1126.32,1819.4,0.0,111.5,8.0,81.5,6.0,8.0,8.0,0.0,6.857142857142857,5.821428571428571,2.8535691936340317,3,0,5,0,0,826,0.0
2026-01-30,SKU-0004,6.0,10916.4,1819.4,0,False,False,False,5,1,Winter,0,,Decor,Wall Art,2023-10-26,1126.32,1819.4,0.0,111.5,8.0,81.5,2.0,5.0,9.0,0.0,6.0,5.892857142857143,3.3166247903554065,4,0,5,0,0,827,0.0
2026-01-31,SKU-0004,2.0,3638.8,1819.4,0,False,False,False,5,1,Winter,0,,Decor,Wall Art,2023-10-26,1126.32,1819.4,0.0,111.5,8.0,81.5,6.0,6.0,9.0,0.0,6.142857142857143,6.107142857142857,3.2877840272018863,5,1,5,0,0,828,0.0
2026-02-01,SKU-0004,5.0,9097.0,1819.4,0,False,False,False,5,2,Winter,0,,Decor,Wall Art,2023-10-26,1126.32,1819.4,0.0,111.5,8.0,81.5,2.0,8.0,10.0,0.0,5.571428571428571,6.178571428571429,3.644957377763742,6,1,5,0,0,829,0.0
2026-02-02,SKU-0004,3.0,5458.2,1819.4,0,False,False,False,6,2,Winter,0,,Decor,Wall Art,2023-10-26,1126.32,1819.4,75.5,79.0,8.0,81.5,5.0,3.0,4.0,0.0,5.142857142857143,6.357142857142857,3.4846602621858556,0,0,6,0,0,830,0.0
2026-02-03,SKU-0004,4.0,7277.6,1819.4,0,False,False,False,6,2,Winter,0,,Decor,Wall Art,2023-10-26,1126.32,1819.4,75.5,79.0,8.0,81.5,3.0,12.0,9.0,7.0,5.142857142857143,6.464285714285714,3.4846602621858556,1,0,6,0,0,831,0.0
2026-02-04,SKU-0004,7.0,12735.8,1819.4,0,False,False,False,6,2,Winter,0,,Decor,Wall Art,2023-10-26,1126.32,1819.4,75.5,79.0,8.0,81.5,4.0,6.0,4.0,7.0,4.0,6.357142857142857,1.7320508075688954,2,0,6,0,0,832,0.0
2026-02-05,SKU-0004,5.0,9097.0,1819.4,0,False,False,False,6,2,Winter,0,,Decor,Wall Art,2023-10-26,1126.32,1819.4,75.5,79.0,8.0,81.5,7.0,2.0,8.0,9.0,4.142857142857143,6.357142857142857,1.951800145897082,3,0,6,0,0,833,0.0
2026-02-06,SKU-0004,7.0,12735.8,1819.4,0,False,False,False,6,2,Winter,0,,Decor,Wall Art,2023-10-26,1126.32,1819.4,75.5,79.0,8.0,81.5,5.0,6.0,5.0,6.0,4.571428571428571,6.214285714285714,1.7182493859684658,4,0,6,0,0,834,0.0
